stopping replica-5 (PID 1377892)
stopping replica-4 (PID 1376703)
stopping replica-2 (PID 1375130)
stopping replica-1 (PID 1373833)
stopping replica-0 (PID 1372661)
preflight: 5 GPUs clean, all below 256 MiB
preflight: 5 GPUs clean, all below 256 MiB
starting replica-0 on GPU 0, port 8000, vLLM 0.28.0, quantization awq_marlin, linear backend marlin
replica-0 is up: http://127.0.0.1:8000 (PID 1380921)
fleet: settling for 15s before the next replica
starting replica-1 on GPU 1, port 8001, vLLM 0.28.0, quantization awq_marlin, linear backend marlin
replica-1 is up: http://127.0.0.1:8001 (PID 1382088)
fleet: settling for 15s before the next replica
starting replica-2 on GPU 2, port 8002, vLLM 0.28.0, quantization awq_marlin, linear backend marlin
replica-2 is up: http://127.0.0.1:8002 (PID 1383359)
fleet: settling for 15s before the next replica
starting replica-4 on GPU 4, port 8004, vLLM 0.28.0, quantization awq_marlin, linear backend marlin
replica-4 is up: http://127.0.0.1:8004 (PID 1384518)
fleet: settling for 15s before the next replica
starting replica-5 on GPU 5, port 8005, vLLM 0.28.0, quantization awq_marlin, linear backend marlin
replica-5 is up: http://127.0.0.1:8005 (PID 1385689)
fleet: 5 replicas up on GPUs 0 1 2 4 5
replica-0=http://127.0.0.1:8000,replica-1=http://127.0.0.1:8001,replica-2=http://127.0.0.1:8002,replica-4=http://127.0.0.1:8004,replica-5=http://127.0.0.1:8005
probe-usage: http://127.0.0.1:8000
  cold  → PRESENT 575 0
  warm  → PRESENT 575 560
probe-usage: OK — cached_tokens reported, and the warm request reused 560 tokens
stopping replica-5 (PID 1385689)
stopping replica-4 (PID 1384518)
stopping replica-2 (PID 1383359)
stopping replica-1 (PID 1382088)
stopping replica-0 (PID 1380921)
preflight: 5 GPUs clean, all below 256 MiB
starting replica-0 on GPU 0, port 8000, vLLM 0.28.0, quantization awq_marlin, linear backend marlin
replica-0 is up: http://127.0.0.1:8000 (PID 1387071)
fleet: settling for 15s before the next replica
starting replica-1 on GPU 1, port 8001, vLLM 0.28.0, quantization awq_marlin, linear backend marlin
replica-1 is up: http://127.0.0.1:8001 (PID 1388239)
fleet: settling for 15s before the next replica
starting replica-2 on GPU 2, port 8002, vLLM 0.28.0, quantization awq_marlin, linear backend marlin
replica-2 is up: http://127.0.0.1:8002 (PID 1389399)
fleet: settling for 15s before the next replica
starting replica-4 on GPU 4, port 8004, vLLM 0.28.0, quantization awq_marlin, linear backend marlin
replica-4 is up: http://127.0.0.1:8004 (PID 1390568)
fleet: settling for 15s before the next replica
starting replica-5 on GPU 5, port 8005, vLLM 0.28.0, quantization awq_marlin, linear backend marlin
replica-5 is up: http://127.0.0.1:8005 (PID 1391754)
fleet: 5 replicas up on GPUs 0 1 2 4 5
replica-0=http://127.0.0.1:8000,replica-1=http://127.0.0.1:8001,replica-2=http://127.0.0.1:8002,replica-4=http://127.0.0.1:8004,replica-5=http://127.0.0.1:8005
time=2026-09-10T13:36:58.036-07:00 level=INFO msg="SLO read from the characterization rather than retyped" record=slo/characterization.json slo="TTFT < 990ms, inter-token p50 < 24ms (3x the measured floor of 329ms and 7.8ms)" measured_at=2026-09-07T07:50:38.074Z
time=2026-09-10T13:36:58.036-07:00 level=WARN msg="the characterization does not find the replicas interchangeable, so a policy difference in this sweep could be host asymmetry rather than the policy" record=slo/characterization.json
time=2026-09-10T13:36:58.036-07:00 level=WARN msg="the characterization this SLO came from is flagged" reason="replica symmetry is unresolved at one or more levels: at concurrency 32, TTFT p50 spread 22.1% over the 8.0% tolerance: replica-5 at 1.292s against replica-4 at 1.058s; at concurrency 32 that spread is not resolvable: one replica varies 36.3% against itself between repetitions, wider than the 8.0% tolerance, so the difference between replicas is inside the measurement's own noise. Lengthen the probe or add repetitions rather than acting on it"
time=2026-09-10T13:36:58.036-07:00 level=WARN msg="the characterization this SLO came from is flagged" reason="4 of 36 probes flagged: still warming up: the first half of the measured window was 26% slower than the second by TTFT p50, over a 25% threshold. Lengthen the warm-up and re-run (replica-1-c32-r1, replica-3-c32-r1, replica-5-c32-r1 and 1 more)"
time=2026-09-10T13:36:58.036-07:00 level=INFO msg="sampling GPUs for contamination" gpus=0,1,2,4,5 replica_pids="[1387071 1388239 1389399 1390568 1391754]" interval=5s
time=2026-09-10T13:36:58.037-07:00 level=INFO msg=offering workload="multiturn(sessions=76,ws=0.25,skew=0,turns=4,prompt=448t,output=64t,system=0.3x128t,branch=0.3x8fam1t,bpt=4,seed=1,usage=on)"
time=2026-09-10T13:36:58.038-07:00 level=INFO msg="router is up and running the policy these cells will name" router=http://127.0.0.1:8080 policy=session_affinity spill=off replicas=5
time=2026-09-10T13:36:58.049-07:00 level=INFO msg="fleet is up" replicas=5
time=2026-09-10T13:37:00.724-07:00 level=INFO msg="fleet warmed" replicas=5 requests_each=3
time=2026-09-10T13:37:00.724-07:00 level=INFO msg="running cell" cell=session_affinity-c32-r1 driver=closed_loop load="32 users" duration=5m0s
time=2026-09-10T13:42:01.935-07:00 level=INFO msg="cell complete" cell=session_affinity-c32-r1 driver=closed_loop requests=8244 successes=8244 dropped=0 failed=0 slo_violations=687 goodput_rps=30.1066521183377 clean=true flagged=false
time=2026-09-10T13:42:11.940-07:00 level=INFO msg="running cell" cell=session_affinity-c32-r2 driver=closed_loop load="32 users" duration=5m0s
time=2026-09-10T13:47:12.973-07:00 level=INFO msg="cell complete" cell=session_affinity-c32-r2 driver=closed_loop requests=8765 successes=8765 dropped=0 failed=0 slo_violations=46 goodput_rps=34.770549174015706 clean=true flagged=false
time=2026-09-10T13:47:22.978-07:00 level=INFO msg="running cell" cell=session_affinity-c32-r3 driver=closed_loop load="32 users" duration=5m0s
time=2026-09-10T13:52:24.022-07:00 level=INFO msg="cell complete" cell=session_affinity-c32-r3 driver=closed_loop requests=8726 successes=8726 dropped=0 failed=0 slo_violations=106 goodput_rps=34.37406809335556 clean=true flagged=false

| driver | load | rep | goodput/s | tput/s | TTFT p50 | TTFT p99 | ITL p50 | reqs | ok | dropped | failed | SLO viol | clean | flagged |
|---|---:|---:|---:|---:|---:|---:|---:|---:|---:|---:|---:|---:|:--:|:--|
| closed-loop | 32 users | 1 | 30.11 | 32.84 | 85ms | 184ms | 12ms | 8244 | 8244 | 0 | 0 | 687 | yes |  |
| closed-loop | 32 users | 2 | 34.77 | 34.95 | 85ms | 153ms | 13ms | 8765 | 8765 | 0 | 0 | 46 | yes |  |
| closed-loop | 32 users | 3 | 34.37 | 34.80 | 86ms | 146ms | 13ms | 8726 | 8726 | 0 | 0 | 106 | yes |  |
time=2026-09-10T13:52:24.893-07:00 level=INFO msg="compacted the run" requests=28786 cells=3 requests_parquet=runs/pressure/ws0.25-skew0/requests.parquet cells_parquet=runs/pressure/ws0.25-skew0/cells.parquet results=runs/pressure/ws0.25-skew0/results.md
time=2026-09-10T13:52:24.917-07:00 level=INFO msg="SLO read from the characterization rather than retyped" record=slo/characterization.json slo="TTFT < 990ms, inter-token p50 < 24ms (3x the measured floor of 329ms and 7.8ms)" measured_at=2026-09-07T07:50:38.074Z
time=2026-09-10T13:52:24.917-07:00 level=WARN msg="the characterization does not find the replicas interchangeable, so a policy difference in this sweep could be host asymmetry rather than the policy" record=slo/characterization.json
time=2026-09-10T13:52:24.917-07:00 level=WARN msg="the characterization this SLO came from is flagged" reason="replica symmetry is unresolved at one or more levels: at concurrency 32, TTFT p50 spread 22.1% over the 8.0% tolerance: replica-5 at 1.292s against replica-4 at 1.058s; at concurrency 32 that spread is not resolvable: one replica varies 36.3% against itself between repetitions, wider than the 8.0% tolerance, so the difference between replicas is inside the measurement's own noise. Lengthen the probe or add repetitions rather than acting on it"
time=2026-09-10T13:52:24.917-07:00 level=WARN msg="the characterization this SLO came from is flagged" reason="4 of 36 probes flagged: still warming up: the first half of the measured window was 26% slower than the second by TTFT p50, over a 25% threshold. Lengthen the warm-up and re-run (replica-1-c32-r1, replica-3-c32-r1, replica-5-c32-r1 and 1 more)"
time=2026-09-10T13:52:24.917-07:00 level=INFO msg="sampling GPUs for contamination" gpus=0,1,2,4,5 replica_pids="[1387071 1388239 1389399 1390568 1391754]" interval=5s
time=2026-09-10T13:52:24.918-07:00 level=INFO msg=offering workload="multiturn(sessions=76,ws=0.25,skew=1,turns=4,prompt=448t,output=64t,system=0.3x128t,branch=0.3x8fam1t,bpt=4,seed=1,usage=on)"
time=2026-09-10T13:52:24.925-07:00 level=INFO msg="router is up and running the policy these cells will name" router=http://127.0.0.1:8080 policy=session_affinity spill=off replicas=5
time=2026-09-10T13:52:24.934-07:00 level=INFO msg="fleet is up" replicas=5
time=2026-09-10T13:52:27.498-07:00 level=INFO msg="fleet warmed" replicas=5 requests_each=3
time=2026-09-10T13:52:27.499-07:00 level=INFO msg="running cell" cell=session_affinity-c32-r1 driver=closed_loop load="32 users" duration=5m0s
time=2026-09-10T13:57:28.449-07:00 level=INFO msg="cell complete" cell=session_affinity-c32-r1 driver=closed_loop requests=7097 successes=7097 dropped=0 failed=0 slo_violations=929 goodput_rps=24.610027273549658 clean=true flagged=false
time=2026-09-10T13:57:38.455-07:00 level=INFO msg="running cell" cell=session_affinity-c32-r2 driver=closed_loop load="32 users" duration=5m0s
time=2026-09-10T14:02:39.993-07:00 level=INFO msg="cell complete" cell=session_affinity-c32-r2 driver=closed_loop requests=4898 successes=4898 dropped=0 failed=0 slo_violations=2313 goodput_rps=10.28723462100445 clean=true flagged=true
time=2026-09-10T14:02:49.998-07:00 level=INFO msg="running cell" cell=session_affinity-c32-r3 driver=closed_loop load="32 users" duration=5m0s
time=2026-09-10T14:07:51.860-07:00 level=INFO msg="cell complete" cell=session_affinity-c32-r3 driver=closed_loop requests=4505 successes=4505 dropped=0 failed=0 slo_violations=2282 goodput_rps=8.834979070980053 clean=true flagged=false

| driver | load | rep | goodput/s | tput/s | TTFT p50 | TTFT p99 | ITL p50 | reqs | ok | dropped | failed | SLO viol | clean | flagged |
|---|---:|---:|---:|---:|---:|---:|---:|---:|---:|---:|---:|---:|:--:|:--|
| closed-loop | 32 users | 1 | 24.61 | 28.32 | 94ms | 435ms | 14ms | 7097 | 7097 | 0 | 0 | 929 | yes |  |
| closed-loop | 32 users | 2 | 10.29 | 19.49 | 112ms | 443ms | 12ms | 4898 | 4898 | 0 | 0 | 2313 | yes | **1** |
| closed-loop | 32 users | 3 | 8.83 | 17.90 | 113ms | 558ms | 26ms | 4505 | 4505 | 0 | 0 | 2282 | yes |  |

Flagged cells — these are not averaged in without being read first:

- `session_affinity-c32-r2`: still warming up: the first half of the measured window was 29% slower than the second by TTFT p50, over a 25% threshold. Lengthen the warm-up and re-run
time=2026-09-10T14:07:52.448-07:00 level=INFO msg="compacted the run" requests=19129 cells=3 requests_parquet=runs/pressure/ws0.25-skew1/requests.parquet cells_parquet=runs/pressure/ws0.25-skew1/cells.parquet results=runs/pressure/ws0.25-skew1/results.md
time=2026-09-10T14:07:52.472-07:00 level=INFO msg="SLO read from the characterization rather than retyped" record=slo/characterization.json slo="TTFT < 990ms, inter-token p50 < 24ms (3x the measured floor of 329ms and 7.8ms)" measured_at=2026-09-07T07:50:38.074Z
time=2026-09-10T14:07:52.472-07:00 level=WARN msg="the characterization does not find the replicas interchangeable, so a policy difference in this sweep could be host asymmetry rather than the policy" record=slo/characterization.json
time=2026-09-10T14:07:52.472-07:00 level=WARN msg="the characterization this SLO came from is flagged" reason="replica symmetry is unresolved at one or more levels: at concurrency 32, TTFT p50 spread 22.1% over the 8.0% tolerance: replica-5 at 1.292s against replica-4 at 1.058s; at concurrency 32 that spread is not resolvable: one replica varies 36.3% against itself between repetitions, wider than the 8.0% tolerance, so the difference between replicas is inside the measurement's own noise. Lengthen the probe or add repetitions rather than acting on it"
time=2026-09-10T14:07:52.472-07:00 level=WARN msg="the characterization this SLO came from is flagged" reason="4 of 36 probes flagged: still warming up: the first half of the measured window was 26% slower than the second by TTFT p50, over a 25% threshold. Lengthen the warm-up and re-run (replica-1-c32-r1, replica-3-c32-r1, replica-5-c32-r1 and 1 more)"
time=2026-09-10T14:07:52.472-07:00 level=INFO msg="sampling GPUs for contamination" gpus=0,1,2,4,5 replica_pids="[1387071 1388239 1389399 1390568 1391754]" interval=5s
time=2026-09-10T14:07:52.473-07:00 level=INFO msg=offering workload="multiturn(sessions=76,ws=0.25,skew=1.4,turns=4,prompt=448t,output=64t,system=0.3x128t,branch=0.3x8fam1t,bpt=4,seed=1,usage=on)"
time=2026-09-10T14:07:52.486-07:00 level=INFO msg="router is up and running the policy these cells will name" router=http://127.0.0.1:8080 policy=session_affinity spill=off replicas=5
time=2026-09-10T14:07:52.495-07:00 level=INFO msg="fleet is up" replicas=5
time=2026-09-10T14:07:55.041-07:00 level=INFO msg="fleet warmed" replicas=5 requests_each=3
time=2026-09-10T14:07:55.042-07:00 level=INFO msg="running cell" cell=session_affinity-c32-r1 driver=closed_loop load="32 users" duration=5m0s
time=2026-09-10T14:12:56.725-07:00 level=INFO msg="cell complete" cell=session_affinity-c32-r1 driver=closed_loop requests=3689 successes=3689 dropped=0 failed=0 slo_violations=2394 goodput_rps=5.152244131409374 clean=true flagged=false
time=2026-09-10T14:13:06.730-07:00 level=INFO msg="running cell" cell=session_affinity-c32-r2 driver=closed_loop load="32 users" duration=5m0s
time=2026-09-10T14:18:07.989-07:00 level=INFO msg="cell complete" cell=session_affinity-c32-r2 driver=closed_loop requests=4232 successes=4232 dropped=0 failed=0 slo_violations=2386 goodput_rps=7.355192593698875 clean=true flagged=false
time=2026-09-10T14:18:17.994-07:00 level=INFO msg="running cell" cell=session_affinity-c32-r3 driver=closed_loop load="32 users" duration=5m0s
time=2026-09-10T14:23:19.539-07:00 level=INFO msg="cell complete" cell=session_affinity-c32-r3 driver=closed_loop requests=6012 successes=6012 dropped=0 failed=0 slo_violations=2530 goodput_rps=13.85733150754516 clean=true flagged=false

| driver | load | rep | goodput/s | tput/s | TTFT p50 | TTFT p99 | ITL p50 | reqs | ok | dropped | failed | SLO viol | clean | flagged |
|---|---:|---:|---:|---:|---:|---:|---:|---:|---:|---:|---:|---:|:--:|:--|
| closed-loop | 32 users | 1 | 5.15 | 14.68 | 158ms | 567ms | 31ms | 3689 | 3689 | 0 | 0 | 2394 | yes |  |
| closed-loop | 32 users | 2 | 7.36 | 16.86 | 150ms | 527ms | 29ms | 4232 | 4232 | 0 | 0 | 2386 | yes |  |
| closed-loop | 32 users | 3 | 13.86 | 23.93 | 96ms | 488ms | 12ms | 6012 | 6012 | 0 | 0 | 2530 | yes |  |
time=2026-09-10T14:23:20.066-07:00 level=INFO msg="compacted the run" requests=16681 cells=3 requests_parquet=runs/pressure/ws0.25-skew1.4/requests.parquet cells_parquet=runs/pressure/ws0.25-skew1.4/cells.parquet results=runs/pressure/ws0.25-skew1.4/results.md
time=2026-09-10T14:23:20.088-07:00 level=INFO msg="SLO read from the characterization rather than retyped" record=slo/characterization.json slo="TTFT < 990ms, inter-token p50 < 24ms (3x the measured floor of 329ms and 7.8ms)" measured_at=2026-09-07T07:50:38.074Z
time=2026-09-10T14:23:20.088-07:00 level=WARN msg="the characterization does not find the replicas interchangeable, so a policy difference in this sweep could be host asymmetry rather than the policy" record=slo/characterization.json
time=2026-09-10T14:23:20.088-07:00 level=WARN msg="the characterization this SLO came from is flagged" reason="replica symmetry is unresolved at one or more levels: at concurrency 32, TTFT p50 spread 22.1% over the 8.0% tolerance: replica-5 at 1.292s against replica-4 at 1.058s; at concurrency 32 that spread is not resolvable: one replica varies 36.3% against itself between repetitions, wider than the 8.0% tolerance, so the difference between replicas is inside the measurement's own noise. Lengthen the probe or add repetitions rather than acting on it"
time=2026-09-10T14:23:20.088-07:00 level=WARN msg="the characterization this SLO came from is flagged" reason="4 of 36 probes flagged: still warming up: the first half of the measured window was 26% slower than the second by TTFT p50, over a 25% threshold. Lengthen the warm-up and re-run (replica-1-c32-r1, replica-3-c32-r1, replica-5-c32-r1 and 1 more)"
time=2026-09-10T14:23:20.088-07:00 level=INFO msg="sampling GPUs for contamination" gpus=0,1,2,4,5 replica_pids="[1387071 1388239 1389399 1390568 1391754]" interval=5s
time=2026-09-10T14:23:20.089-07:00 level=INFO msg=offering workload="multiturn(sessions=307,ws=1,skew=0,turns=4,prompt=448t,output=64t,system=0.3x128t,branch=0.3x8fam1t,bpt=4,seed=1,usage=on)"
time=2026-09-10T14:23:20.107-07:00 level=INFO msg="router is up and running the policy these cells will name" router=http://127.0.0.1:8080 policy=session_affinity spill=off replicas=5
time=2026-09-10T14:23:20.115-07:00 level=INFO msg="fleet is up" replicas=5
time=2026-09-10T14:23:22.645-07:00 level=INFO msg="fleet warmed" replicas=5 requests_each=3
time=2026-09-10T14:23:22.645-07:00 level=INFO msg="running cell" cell=session_affinity-c32-r1 driver=closed_loop load="32 users" duration=5m0s
time=2026-09-10T14:28:24.509-07:00 level=INFO msg="cell complete" cell=session_affinity-c32-r1 driver=closed_loop requests=3081 successes=3081 dropped=0 failed=0 slo_violations=506 goodput_rps=10.238412724736015 clean=true flagged=false
time=2026-09-10T14:28:34.514-07:00 level=INFO msg="running cell" cell=session_affinity-c32-r2 driver=closed_loop load="32 users" duration=5m0s
time=2026-09-10T14:33:36.709-07:00 level=INFO msg="cell complete" cell=session_affinity-c32-r2 driver=closed_loop requests=2988 successes=2988 dropped=0 failed=0 slo_violations=722 goodput_rps=8.994499974398934 clean=true flagged=false
time=2026-09-10T14:33:46.714-07:00 level=INFO msg="running cell" cell=session_affinity-c32-r3 driver=closed_loop load="32 users" duration=5m0s
time=2026-09-10T14:38:49.749-07:00 level=INFO msg="cell complete" cell=session_affinity-c32-r3 driver=closed_loop requests=2712 successes=2712 dropped=0 failed=0 slo_violations=642 goodput_rps=8.189053583309525 clean=true flagged=false

| driver | load | rep | goodput/s | tput/s | TTFT p50 | TTFT p99 | ITL p50 | reqs | ok | dropped | failed | SLO viol | clean | flagged |
|---|---:|---:|---:|---:|---:|---:|---:|---:|---:|---:|---:|---:|:--:|:--|
| closed-loop | 32 users | 1 | 10.24 | 12.25 | 395ms | 1721ms | 12ms | 3081 | 3081 | 0 | 0 | 506 | yes |  |
| closed-loop | 32 users | 2 | 8.99 | 11.86 | 392ms | 1621ms | 12ms | 2988 | 2988 | 0 | 0 | 722 | yes |  |
| closed-loop | 32 users | 3 | 8.19 | 10.73 | 391ms | 1622ms | 11ms | 2712 | 2712 | 0 | 0 | 642 | yes |  |
time=2026-09-10T14:38:50.137-07:00 level=INFO msg="compacted the run" requests=10647 cells=3 requests_parquet=runs/pressure/ws1-skew0/requests.parquet cells_parquet=runs/pressure/ws1-skew0/cells.parquet results=runs/pressure/ws1-skew0/results.md
time=2026-09-10T14:38:50.157-07:00 level=INFO msg="SLO read from the characterization rather than retyped" record=slo/characterization.json slo="TTFT < 990ms, inter-token p50 < 24ms (3x the measured floor of 329ms and 7.8ms)" measured_at=2026-09-07T07:50:38.074Z
time=2026-09-10T14:38:50.158-07:00 level=WARN msg="the characterization does not find the replicas interchangeable, so a policy difference in this sweep could be host asymmetry rather than the policy" record=slo/characterization.json
time=2026-09-10T14:38:50.158-07:00 level=WARN msg="the characterization this SLO came from is flagged" reason="replica symmetry is unresolved at one or more levels: at concurrency 32, TTFT p50 spread 22.1% over the 8.0% tolerance: replica-5 at 1.292s against replica-4 at 1.058s; at concurrency 32 that spread is not resolvable: one replica varies 36.3% against itself between repetitions, wider than the 8.0% tolerance, so the difference between replicas is inside the measurement's own noise. Lengthen the probe or add repetitions rather than acting on it"
time=2026-09-10T14:38:50.158-07:00 level=WARN msg="the characterization this SLO came from is flagged" reason="4 of 36 probes flagged: still warming up: the first half of the measured window was 26% slower than the second by TTFT p50, over a 25% threshold. Lengthen the warm-up and re-run (replica-1-c32-r1, replica-3-c32-r1, replica-5-c32-r1 and 1 more)"
time=2026-09-10T14:38:50.158-07:00 level=INFO msg="sampling GPUs for contamination" gpus=0,1,2,4,5 replica_pids="[1387071 1388239 1389399 1390568 1391754]" interval=5s
time=2026-09-10T14:38:50.158-07:00 level=INFO msg=offering workload="multiturn(sessions=307,ws=1,skew=1,turns=4,prompt=448t,output=64t,system=0.3x128t,branch=0.3x8fam1t,bpt=4,seed=1,usage=on)"
time=2026-09-10T14:38:50.179-07:00 level=INFO msg="router is up and running the policy these cells will name" router=http://127.0.0.1:8080 policy=session_affinity spill=off replicas=5
time=2026-09-10T14:38:50.188-07:00 level=INFO msg="fleet is up" replicas=5
time=2026-09-10T14:38:52.717-07:00 level=INFO msg="fleet warmed" replicas=5 requests_each=3
time=2026-09-10T14:38:52.718-07:00 level=INFO msg="running cell" cell=session_affinity-c32-r1 driver=closed_loop load="32 users" duration=5m0s
time=2026-09-10T14:43:54.354-07:00 level=INFO msg="cell complete" cell=session_affinity-c32-r1 driver=closed_loop requests=5009 successes=5009 dropped=0 failed=0 slo_violations=748 goodput_rps=16.95633496268981 clean=true flagged=false
time=2026-09-10T14:44:04.359-07:00 level=INFO msg="running cell" cell=session_affinity-c32-r2 driver=closed_loop load="32 users" duration=5m0s
time=2026-09-10T14:49:05.486-07:00 level=INFO msg="cell complete" cell=session_affinity-c32-r2 driver=closed_loop requests=5225 successes=5225 dropped=0 failed=0 slo_violations=442 goodput_rps=19.06767514694296 clean=true flagged=false
time=2026-09-10T14:49:15.491-07:00 level=INFO msg="running cell" cell=session_affinity-c32-r3 driver=closed_loop load="32 users" duration=5m0s
time=2026-09-10T14:54:17.015-07:00 level=INFO msg="cell complete" cell=session_affinity-c32-r3 driver=closed_loop requests=4343 successes=4343 dropped=0 failed=0 slo_violations=1188 goodput_rps=12.556563555180182 clean=true flagged=false

| driver | load | rep | goodput/s | tput/s | TTFT p50 | TTFT p99 | ITL p50 | reqs | ok | dropped | failed | SLO viol | clean | flagged |
|---|---:|---:|---:|---:|---:|---:|---:|---:|---:|---:|---:|---:|:--:|:--|
| closed-loop | 32 users | 1 | 16.96 | 19.93 | 117ms | 830ms | 13ms | 5009 | 5009 | 0 | 0 | 748 | yes |  |
| closed-loop | 32 users | 2 | 19.07 | 20.83 | 106ms | 1055ms | 12ms | 5225 | 5225 | 0 | 0 | 442 | yes |  |
| closed-loop | 32 users | 3 | 12.56 | 17.28 | 136ms | 980ms | 12ms | 4343 | 4343 | 0 | 0 | 1188 | yes |  |
time=2026-09-10T14:54:17.571-07:00 level=INFO msg="compacted the run" requests=16775 cells=3 requests_parquet=runs/pressure/ws1-skew1/requests.parquet cells_parquet=runs/pressure/ws1-skew1/cells.parquet results=runs/pressure/ws1-skew1/results.md
time=2026-09-10T14:54:17.593-07:00 level=INFO msg="SLO read from the characterization rather than retyped" record=slo/characterization.json slo="TTFT < 990ms, inter-token p50 < 24ms (3x the measured floor of 329ms and 7.8ms)" measured_at=2026-09-07T07:50:38.074Z
time=2026-09-10T14:54:17.593-07:00 level=WARN msg="the characterization does not find the replicas interchangeable, so a policy difference in this sweep could be host asymmetry rather than the policy" record=slo/characterization.json
time=2026-09-10T14:54:17.593-07:00 level=WARN msg="the characterization this SLO came from is flagged" reason="replica symmetry is unresolved at one or more levels: at concurrency 32, TTFT p50 spread 22.1% over the 8.0% tolerance: replica-5 at 1.292s against replica-4 at 1.058s; at concurrency 32 that spread is not resolvable: one replica varies 36.3% against itself between repetitions, wider than the 8.0% tolerance, so the difference between replicas is inside the measurement's own noise. Lengthen the probe or add repetitions rather than acting on it"
time=2026-09-10T14:54:17.593-07:00 level=WARN msg="the characterization this SLO came from is flagged" reason="4 of 36 probes flagged: still warming up: the first half of the measured window was 26% slower than the second by TTFT p50, over a 25% threshold. Lengthen the warm-up and re-run (replica-1-c32-r1, replica-3-c32-r1, replica-5-c32-r1 and 1 more)"
time=2026-09-10T14:54:17.593-07:00 level=INFO msg="sampling GPUs for contamination" gpus=0,1,2,4,5 replica_pids="[1387071 1388239 1389399 1390568 1391754]" interval=5s
time=2026-09-10T14:54:17.594-07:00 level=INFO msg=offering workload="multiturn(sessions=307,ws=1,skew=1.4,turns=4,prompt=448t,output=64t,system=0.3x128t,branch=0.3x8fam1t,bpt=4,seed=1,usage=on)"
time=2026-09-10T14:54:17.619-07:00 level=INFO msg="router is up and running the policy these cells will name" router=http://127.0.0.1:8080 policy=session_affinity spill=off replicas=5
time=2026-09-10T14:54:17.627-07:00 level=INFO msg="fleet is up" replicas=5
time=2026-09-10T14:54:20.146-07:00 level=INFO msg="fleet warmed" replicas=5 requests_each=3
time=2026-09-10T14:54:20.147-07:00 level=INFO msg="running cell" cell=session_affinity-c32-r1 driver=closed_loop load="32 users" duration=5m0s
time=2026-09-10T14:59:21.507-07:00 level=INFO msg="cell complete" cell=session_affinity-c32-r1 driver=closed_loop requests=5023 successes=5023 dropped=0 failed=0 slo_violations=1639 goodput_rps=13.477716887073917 clean=true flagged=false
time=2026-09-10T14:59:31.512-07:00 level=INFO msg="running cell" cell=session_affinity-c32-r2 driver=closed_loop load="32 users" duration=5m0s
time=2026-09-10T15:04:32.810-07:00 level=INFO msg="cell complete" cell=session_affinity-c32-r2 driver=closed_loop requests=4826 successes=4826 dropped=0 failed=0 slo_violations=2092 goodput_rps=10.892513729035928 clean=true flagged=false
time=2026-09-10T15:04:42.815-07:00 level=INFO msg="running cell" cell=session_affinity-c32-r3 driver=closed_loop load="32 users" duration=5m0s
time=2026-09-10T15:09:44.584-07:00 level=INFO msg="cell complete" cell=session_affinity-c32-r3 driver=closed_loop requests=4692 successes=4692 dropped=0 failed=0 slo_violations=1995 goodput_rps=10.724682487902324 clean=true flagged=true

| driver | load | rep | goodput/s | tput/s | TTFT p50 | TTFT p99 | ITL p50 | reqs | ok | dropped | failed | SLO viol | clean | flagged |
|---|---:|---:|---:|---:|---:|---:|---:|---:|---:|---:|---:|---:|:--:|:--|
| closed-loop | 32 users | 1 | 13.48 | 20.01 | 111ms | 553ms | 15ms | 5023 | 5023 | 0 | 0 | 1639 | yes |  |
| closed-loop | 32 users | 2 | 10.89 | 19.23 | 130ms | 647ms | 16ms | 4826 | 4826 | 0 | 0 | 2092 | yes |  |
| closed-loop | 32 users | 3 | 10.72 | 18.66 | 119ms | 619ms | 13ms | 4692 | 4692 | 0 | 0 | 1995 | yes | **1** |

Flagged cells — these are not averaged in without being read first:

- `session_affinity-c32-r3`: still warming up: the first half of the measured window was 27% slower than the second by TTFT p50, over a 25% threshold. Lengthen the warm-up and re-run
time=2026-09-10T15:09:45.163-07:00 level=INFO msg="compacted the run" requests=17430 cells=3 requests_parquet=runs/pressure/ws1-skew1.4/requests.parquet cells_parquet=runs/pressure/ws1-skew1.4/cells.parquet results=runs/pressure/ws1-skew1.4/results.md
time=2026-09-10T15:09:45.187-07:00 level=INFO msg="SLO read from the characterization rather than retyped" record=slo/characterization.json slo="TTFT < 990ms, inter-token p50 < 24ms (3x the measured floor of 329ms and 7.8ms)" measured_at=2026-09-07T07:50:38.074Z
time=2026-09-10T15:09:45.187-07:00 level=WARN msg="the characterization does not find the replicas interchangeable, so a policy difference in this sweep could be host asymmetry rather than the policy" record=slo/characterization.json
time=2026-09-10T15:09:45.187-07:00 level=WARN msg="the characterization this SLO came from is flagged" reason="replica symmetry is unresolved at one or more levels: at concurrency 32, TTFT p50 spread 22.1% over the 8.0% tolerance: replica-5 at 1.292s against replica-4 at 1.058s; at concurrency 32 that spread is not resolvable: one replica varies 36.3% against itself between repetitions, wider than the 8.0% tolerance, so the difference between replicas is inside the measurement's own noise. Lengthen the probe or add repetitions rather than acting on it"
time=2026-09-10T15:09:45.187-07:00 level=WARN msg="the characterization this SLO came from is flagged" reason="4 of 36 probes flagged: still warming up: the first half of the measured window was 26% slower than the second by TTFT p50, over a 25% threshold. Lengthen the warm-up and re-run (replica-1-c32-r1, replica-3-c32-r1, replica-5-c32-r1 and 1 more)"
time=2026-09-10T15:09:45.188-07:00 level=INFO msg="sampling GPUs for contamination" gpus=0,1,2,4,5 replica_pids="[1387071 1388239 1389399 1390568 1391754]" interval=5s
time=2026-09-10T15:09:45.188-07:00 level=INFO msg=offering workload="multiturn(sessions=922,ws=3,skew=0,turns=4,prompt=448t,output=64t,system=0.3x128t,branch=0.3x8fam1t,bpt=4,seed=1,usage=on)"
time=2026-09-10T15:09:45.221-07:00 level=INFO msg="router is up and running the policy these cells will name" router=http://127.0.0.1:8080 policy=session_affinity spill=off replicas=5
time=2026-09-10T15:09:45.231-07:00 level=INFO msg="fleet is up" replicas=5
time=2026-09-10T15:09:47.915-07:00 level=INFO msg="fleet warmed" replicas=5 requests_each=3
time=2026-09-10T15:09:47.916-07:00 level=INFO msg="running cell" cell=session_affinity-c32-r1 driver=closed_loop load="32 users" duration=5m0s
time=2026-09-10T15:14:49.604-07:00 level=INFO msg="cell complete" cell=session_affinity-c32-r1 driver=closed_loop requests=2766 successes=2766 dropped=0 failed=0 slo_violations=424 goodput_rps=9.316835072536353 clean=true flagged=false
time=2026-09-10T15:14:59.609-07:00 level=INFO msg="running cell" cell=session_affinity-c32-r2 driver=closed_loop load="32 users" duration=5m0s
time=2026-09-10T15:20:00.796-07:00 level=INFO msg="cell complete" cell=session_affinity-c32-r2 driver=closed_loop requests=2787 successes=2787 dropped=0 failed=0 slo_violations=384 goodput_rps=9.58134631613957 clean=true flagged=false
time=2026-09-10T15:20:10.802-07:00 level=INFO msg="running cell" cell=session_affinity-c32-r3 driver=closed_loop load="32 users" duration=5m0s
time=2026-09-10T15:25:12.358-07:00 level=INFO msg="cell complete" cell=session_affinity-c32-r3 driver=closed_loop requests=2626 successes=2626 dropped=0 failed=0 slo_violations=539 goodput_rps=8.305755851175453 clean=true flagged=false

| driver | load | rep | goodput/s | tput/s | TTFT p50 | TTFT p99 | ITL p50 | reqs | ok | dropped | failed | SLO viol | clean | flagged |
|---|---:|---:|---:|---:|---:|---:|---:|---:|---:|---:|---:|---:|:--:|:--|
| closed-loop | 32 users | 1 | 9.32 | 11.00 | 431ms | 1614ms | 12ms | 2766 | 2766 | 0 | 0 | 424 | yes |  |
| closed-loop | 32 users | 2 | 9.58 | 11.11 | 424ms | 1559ms | 12ms | 2787 | 2787 | 0 | 0 | 384 | yes |  |
| closed-loop | 32 users | 3 | 8.31 | 10.45 | 426ms | 1734ms | 12ms | 2626 | 2626 | 0 | 0 | 539 | yes |  |
time=2026-09-10T15:25:12.713-07:00 level=INFO msg="compacted the run" requests=9798 cells=3 requests_parquet=runs/pressure/ws3-skew0/requests.parquet cells_parquet=runs/pressure/ws3-skew0/cells.parquet results=runs/pressure/ws3-skew0/results.md
time=2026-09-10T15:25:12.733-07:00 level=INFO msg="SLO read from the characterization rather than retyped" record=slo/characterization.json slo="TTFT < 990ms, inter-token p50 < 24ms (3x the measured floor of 329ms and 7.8ms)" measured_at=2026-09-07T07:50:38.074Z
time=2026-09-10T15:25:12.733-07:00 level=WARN msg="the characterization does not find the replicas interchangeable, so a policy difference in this sweep could be host asymmetry rather than the policy" record=slo/characterization.json
time=2026-09-10T15:25:12.733-07:00 level=WARN msg="the characterization this SLO came from is flagged" reason="replica symmetry is unresolved at one or more levels: at concurrency 32, TTFT p50 spread 22.1% over the 8.0% tolerance: replica-5 at 1.292s against replica-4 at 1.058s; at concurrency 32 that spread is not resolvable: one replica varies 36.3% against itself between repetitions, wider than the 8.0% tolerance, so the difference between replicas is inside the measurement's own noise. Lengthen the probe or add repetitions rather than acting on it"
time=2026-09-10T15:25:12.733-07:00 level=WARN msg="the characterization this SLO came from is flagged" reason="4 of 36 probes flagged: still warming up: the first half of the measured window was 26% slower than the second by TTFT p50, over a 25% threshold. Lengthen the warm-up and re-run (replica-1-c32-r1, replica-3-c32-r1, replica-5-c32-r1 and 1 more)"
time=2026-09-10T15:25:12.733-07:00 level=INFO msg="sampling GPUs for contamination" gpus=0,1,2,4,5 replica_pids="[1387071 1388239 1389399 1390568 1391754]" interval=5s
time=2026-09-10T15:25:12.734-07:00 level=INFO msg=offering workload="multiturn(sessions=922,ws=3,skew=1,turns=4,prompt=448t,output=64t,system=0.3x128t,branch=0.3x8fam1t,bpt=4,seed=1,usage=on)"
time=2026-09-10T15:25:12.766-07:00 level=INFO msg="router is up and running the policy these cells will name" router=http://127.0.0.1:8080 policy=session_affinity spill=off replicas=5
time=2026-09-10T15:25:12.774-07:00 level=INFO msg="fleet is up" replicas=5
time=2026-09-10T15:25:15.526-07:00 level=INFO msg="fleet warmed" replicas=5 requests_each=3
time=2026-09-10T15:25:15.526-07:00 level=INFO msg="running cell" cell=session_affinity-c32-r1 driver=closed_loop load="32 users" duration=5m0s
time=2026-09-10T15:30:16.471-07:00 level=INFO msg="cell complete" cell=session_affinity-c32-r1 driver=closed_loop requests=3833 successes=3833 dropped=0 failed=0 slo_violations=693 goodput_rps=12.528876555883025 clean=true flagged=false
time=2026-09-10T15:30:26.475-07:00 level=INFO msg="running cell" cell=session_affinity-c32-r2 driver=closed_loop load="32 users" duration=5m0s
time=2026-09-10T15:35:28.026-07:00 level=INFO msg="cell complete" cell=session_affinity-c32-r2 driver=closed_loop requests=4008 successes=4008 dropped=0 failed=0 slo_violations=635 goodput_rps=13.424614454872566 clean=true flagged=false
time=2026-09-10T15:35:38.031-07:00 level=INFO msg="running cell" cell=session_affinity-c32-r3 driver=closed_loop load="32 users" duration=5m0s
time=2026-09-10T15:40:39.478-07:00 level=INFO msg="cell complete" cell=session_affinity-c32-r3 driver=closed_loop requests=4129 successes=4129 dropped=0 failed=0 slo_violations=525 goodput_rps=14.347768619421307 clean=true flagged=false

| driver | load | rep | goodput/s | tput/s | TTFT p50 | TTFT p99 | ITL p50 | reqs | ok | dropped | failed | SLO viol | clean | flagged |
|---|---:|---:|---:|---:|---:|---:|---:|---:|---:|---:|---:|---:|:--:|:--|
| closed-loop | 32 users | 1 | 12.53 | 15.29 | 308ms | 1311ms | 13ms | 3833 | 3833 | 0 | 0 | 693 | yes |  |
| closed-loop | 32 users | 2 | 13.42 | 15.95 | 314ms | 1157ms | 13ms | 4008 | 4008 | 0 | 0 | 635 | yes |  |
| closed-loop | 32 users | 3 | 14.35 | 16.44 | 320ms | 1254ms | 12ms | 4129 | 4129 | 0 | 0 | 525 | yes |  |
time=2026-09-10T15:40:39.964-07:00 level=INFO msg="compacted the run" requests=14022 cells=3 requests_parquet=runs/pressure/ws3-skew1/requests.parquet cells_parquet=runs/pressure/ws3-skew1/cells.parquet results=runs/pressure/ws3-skew1/results.md
time=2026-09-10T15:40:39.984-07:00 level=INFO msg="SLO read from the characterization rather than retyped" record=slo/characterization.json slo="TTFT < 990ms, inter-token p50 < 24ms (3x the measured floor of 329ms and 7.8ms)" measured_at=2026-09-07T07:50:38.074Z
time=2026-09-10T15:40:39.985-07:00 level=WARN msg="the characterization does not find the replicas interchangeable, so a policy difference in this sweep could be host asymmetry rather than the policy" record=slo/characterization.json
time=2026-09-10T15:40:39.985-07:00 level=WARN msg="the characterization this SLO came from is flagged" reason="replica symmetry is unresolved at one or more levels: at concurrency 32, TTFT p50 spread 22.1% over the 8.0% tolerance: replica-5 at 1.292s against replica-4 at 1.058s; at concurrency 32 that spread is not resolvable: one replica varies 36.3% against itself between repetitions, wider than the 8.0% tolerance, so the difference between replicas is inside the measurement's own noise. Lengthen the probe or add repetitions rather than acting on it"
time=2026-09-10T15:40:39.985-07:00 level=WARN msg="the characterization this SLO came from is flagged" reason="4 of 36 probes flagged: still warming up: the first half of the measured window was 26% slower than the second by TTFT p50, over a 25% threshold. Lengthen the warm-up and re-run (replica-1-c32-r1, replica-3-c32-r1, replica-5-c32-r1 and 1 more)"
time=2026-09-10T15:40:39.985-07:00 level=INFO msg="sampling GPUs for contamination" gpus=0,1,2,4,5 replica_pids="[1387071 1388239 1389399 1390568 1391754]" interval=5s
time=2026-09-10T15:40:39.985-07:00 level=INFO msg=offering workload="multiturn(sessions=922,ws=3,skew=1.4,turns=4,prompt=448t,output=64t,system=0.3x128t,branch=0.3x8fam1t,bpt=4,seed=1,usage=on)"
time=2026-09-10T15:40:40.022-07:00 level=INFO msg="router is up and running the policy these cells will name" router=http://127.0.0.1:8080 policy=session_affinity spill=off replicas=5
time=2026-09-10T15:40:40.031-07:00 level=INFO msg="fleet is up" replicas=5
time=2026-09-10T15:40:42.676-07:00 level=INFO msg="fleet warmed" replicas=5 requests_each=3
time=2026-09-10T15:40:42.677-07:00 level=INFO msg="running cell" cell=session_affinity-c32-r1 driver=closed_loop load="32 users" duration=5m0s
time=2026-09-10T15:45:44.270-07:00 level=INFO msg="cell complete" cell=session_affinity-c32-r1 driver=closed_loop requests=3622 successes=3622 dropped=0 failed=0 slo_violations=2134 goodput_rps=5.9226164405295325 clean=true flagged=false
time=2026-09-10T15:45:54.275-07:00 level=INFO msg="running cell" cell=session_affinity-c32-r2 driver=closed_loop load="32 users" duration=5m0s
time=2026-09-10T15:50:55.580-07:00 level=INFO msg="cell complete" cell=session_affinity-c32-r2 driver=closed_loop requests=4871 successes=4871 dropped=0 failed=0 slo_violations=1899 goodput_rps=11.838843650353155 clean=true flagged=false
time=2026-09-10T15:51:05.581-07:00 level=INFO msg="running cell" cell=session_affinity-c32-r3 driver=closed_loop load="32 users" duration=5m0s
time=2026-09-10T15:56:07.398-07:00 level=INFO msg="cell complete" cell=session_affinity-c32-r3 driver=closed_loop requests=3695 successes=3695 dropped=0 failed=0 slo_violations=2075 goodput_rps=6.442089108538239 clean=true flagged=false

| driver | load | rep | goodput/s | tput/s | TTFT p50 | TTFT p99 | ITL p50 | reqs | ok | dropped | failed | SLO viol | clean | flagged |
|---|---:|---:|---:|---:|---:|---:|---:|---:|---:|---:|---:|---:|:--:|:--|
| closed-loop | 32 users | 1 | 5.92 | 14.42 | 170ms | 594ms | 29ms | 3622 | 3622 | 0 | 0 | 2134 | yes |  |
| closed-loop | 32 users | 2 | 11.84 | 19.40 | 122ms | 755ms | 13ms | 4871 | 4871 | 0 | 0 | 1899 | yes |  |
| closed-loop | 32 users | 3 | 6.44 | 14.69 | 169ms | 716ms | 30ms | 3695 | 3695 | 0 | 0 | 2075 | yes |  |
time=2026-09-10T15:56:07.859-07:00 level=INFO msg="compacted the run" requests=14403 cells=3 requests_parquet=runs/pressure/ws3-skew1.4/requests.parquet cells_parquet=runs/pressure/ws3-skew1.4/cells.parquet results=runs/pressure/ws3-skew1.4/results.md
time=2026-09-10T15:56:07.879-07:00 level=INFO msg="SLO read from the characterization rather than retyped" record=slo/characterization.json slo="TTFT < 990ms, inter-token p50 < 24ms (3x the measured floor of 329ms and 7.8ms)" measured_at=2026-09-07T07:50:38.074Z
time=2026-09-10T15:56:07.880-07:00 level=WARN msg="the characterization does not find the replicas interchangeable, so a policy difference in this sweep could be host asymmetry rather than the policy" record=slo/characterization.json
time=2026-09-10T15:56:07.880-07:00 level=WARN msg="the characterization this SLO came from is flagged" reason="replica symmetry is unresolved at one or more levels: at concurrency 32, TTFT p50 spread 22.1% over the 8.0% tolerance: replica-5 at 1.292s against replica-4 at 1.058s; at concurrency 32 that spread is not resolvable: one replica varies 36.3% against itself between repetitions, wider than the 8.0% tolerance, so the difference between replicas is inside the measurement's own noise. Lengthen the probe or add repetitions rather than acting on it"
time=2026-09-10T15:56:07.880-07:00 level=WARN msg="the characterization this SLO came from is flagged" reason="4 of 36 probes flagged: still warming up: the first half of the measured window was 26% slower than the second by TTFT p50, over a 25% threshold. Lengthen the warm-up and re-run (replica-1-c32-r1, replica-3-c32-r1, replica-5-c32-r1 and 1 more)"
time=2026-09-10T15:56:07.880-07:00 level=INFO msg="sampling GPUs for contamination" gpus=0,1,2,4,5 replica_pids="[1387071 1388239 1389399 1390568 1391754]" interval=5s
time=2026-09-10T15:56:07.881-07:00 level=INFO msg=offering workload="multiturn(sessions=2460,ws=8,skew=0,turns=4,prompt=448t,output=64t,system=0.3x128t,branch=0.3x8fam1t,bpt=4,seed=1,usage=on)"
time=2026-09-10T15:56:07.921-07:00 level=INFO msg="router is up and running the policy these cells will name" router=http://127.0.0.1:8080 policy=session_affinity spill=off replicas=5
time=2026-09-10T15:56:07.930-07:00 level=INFO msg="fleet is up" replicas=5
time=2026-09-10T15:56:10.481-07:00 level=INFO msg="fleet warmed" replicas=5 requests_each=3
time=2026-09-10T15:56:10.482-07:00 level=INFO msg="running cell" cell=session_affinity-c32-r1 driver=closed_loop load="32 users" duration=5m0s
time=2026-09-10T16:01:11.959-07:00 level=INFO msg="cell complete" cell=session_affinity-c32-r1 driver=closed_loop requests=2599 successes=2599 dropped=0 failed=0 slo_violations=384 goodput_rps=8.829766468145952 clean=true flagged=false
time=2026-09-10T16:01:21.964-07:00 level=INFO msg="running cell" cell=session_affinity-c32-r2 driver=closed_loop load="32 users" duration=5m0s
time=2026-09-10T16:06:23.929-07:00 level=INFO msg="cell complete" cell=session_affinity-c32-r2 driver=closed_loop requests=2738 successes=2738 dropped=0 failed=0 slo_violations=347 goodput_rps=9.50274696448608 clean=true flagged=false
time=2026-09-10T16:06:33.934-07:00 level=INFO msg="running cell" cell=session_affinity-c32-r3 driver=closed_loop load="32 users" duration=5m0s
time=2026-09-10T16:11:35.594-07:00 level=INFO msg="cell complete" cell=session_affinity-c32-r3 driver=closed_loop requests=2607 successes=2607 dropped=0 failed=0 slo_violations=458 goodput_rps=8.551263572206043 clean=true flagged=false

| driver | load | rep | goodput/s | tput/s | TTFT p50 | TTFT p99 | ITL p50 | reqs | ok | dropped | failed | SLO viol | clean | flagged |
|---|---:|---:|---:|---:|---:|---:|---:|---:|---:|---:|---:|---:|:--:|:--|
| closed-loop | 32 users | 1 | 8.83 | 10.36 | 435ms | 1640ms | 12ms | 2599 | 2599 | 0 | 0 | 384 | yes |  |
| closed-loop | 32 users | 2 | 9.50 | 10.88 | 435ms | 1924ms | 13ms | 2738 | 2738 | 0 | 0 | 347 | yes |  |
| closed-loop | 32 users | 3 | 8.55 | 10.37 | 438ms | 2004ms | 12ms | 2607 | 2607 | 0 | 0 | 458 | yes |  |
time=2026-09-10T16:11:35.960-07:00 level=INFO msg="compacted the run" requests=9566 cells=3 requests_parquet=runs/pressure/ws8-skew0/requests.parquet cells_parquet=runs/pressure/ws8-skew0/cells.parquet results=runs/pressure/ws8-skew0/results.md
time=2026-09-10T16:11:35.979-07:00 level=INFO msg="SLO read from the characterization rather than retyped" record=slo/characterization.json slo="TTFT < 990ms, inter-token p50 < 24ms (3x the measured floor of 329ms and 7.8ms)" measured_at=2026-09-07T07:50:38.074Z
time=2026-09-10T16:11:35.979-07:00 level=WARN msg="the characterization does not find the replicas interchangeable, so a policy difference in this sweep could be host asymmetry rather than the policy" record=slo/characterization.json
time=2026-09-10T16:11:35.979-07:00 level=WARN msg="the characterization this SLO came from is flagged" reason="replica symmetry is unresolved at one or more levels: at concurrency 32, TTFT p50 spread 22.1% over the 8.0% tolerance: replica-5 at 1.292s against replica-4 at 1.058s; at concurrency 32 that spread is not resolvable: one replica varies 36.3% against itself between repetitions, wider than the 8.0% tolerance, so the difference between replicas is inside the measurement's own noise. Lengthen the probe or add repetitions rather than acting on it"
time=2026-09-10T16:11:35.979-07:00 level=WARN msg="the characterization this SLO came from is flagged" reason="4 of 36 probes flagged: still warming up: the first half of the measured window was 26% slower than the second by TTFT p50, over a 25% threshold. Lengthen the warm-up and re-run (replica-1-c32-r1, replica-3-c32-r1, replica-5-c32-r1 and 1 more)"
time=2026-09-10T16:11:35.980-07:00 level=INFO msg="sampling GPUs for contamination" gpus=0,1,2,4,5 replica_pids="[1387071 1388239 1389399 1390568 1391754]" interval=5s
time=2026-09-10T16:11:35.980-07:00 level=INFO msg=offering workload="multiturn(sessions=2460,ws=8,skew=1,turns=4,prompt=448t,output=64t,system=0.3x128t,branch=0.3x8fam1t,bpt=4,seed=1,usage=on)"
time=2026-09-10T16:11:36.024-07:00 level=INFO msg="router is up and running the policy these cells will name" router=http://127.0.0.1:8080 policy=session_affinity spill=off replicas=5
time=2026-09-10T16:11:36.033-07:00 level=INFO msg="fleet is up" replicas=5
time=2026-09-10T16:11:38.674-07:00 level=INFO msg="fleet warmed" replicas=5 requests_each=3
time=2026-09-10T16:11:38.675-07:00 level=INFO msg="running cell" cell=session_affinity-c32-r1 driver=closed_loop load="32 users" duration=5m0s
time=2026-09-10T16:16:39.842-07:00 level=INFO msg="cell complete" cell=session_affinity-c32-r1 driver=closed_loop requests=3767 successes=3767 dropped=0 failed=0 slo_violations=552 goodput_rps=12.824706391697022 clean=true flagged=false
time=2026-09-10T16:16:49.847-07:00 level=INFO msg="running cell" cell=session_affinity-c32-r2 driver=closed_loop load="32 users" duration=5m0s
time=2026-09-10T16:21:51.214-07:00 level=INFO msg="cell complete" cell=session_affinity-c32-r2 driver=closed_loop requests=3760 successes=3760 dropped=0 failed=0 slo_violations=374 goodput_rps=13.490926142671269 clean=true flagged=false
time=2026-09-10T16:22:01.219-07:00 level=INFO msg="running cell" cell=session_affinity-c32-r3 driver=closed_loop load="32 users" duration=5m0s
time=2026-09-10T16:27:02.796-07:00 level=INFO msg="cell complete" cell=session_affinity-c32-r3 driver=closed_loop requests=4007 successes=4007 dropped=0 failed=0 slo_violations=216 goodput_rps=15.092128325828986 clean=true flagged=false

| driver | load | rep | goodput/s | tput/s | TTFT p50 | TTFT p99 | ITL p50 | reqs | ok | dropped | failed | SLO viol | clean | flagged |
|---|---:|---:|---:|---:|---:|---:|---:|---:|---:|---:|---:|---:|:--:|:--|
| closed-loop | 32 users | 1 | 12.82 | 15.03 | 358ms | 1381ms | 13ms | 3767 | 3767 | 0 | 0 | 552 | yes |  |
| closed-loop | 32 users | 2 | 13.49 | 14.98 | 362ms | 1232ms | 12ms | 3760 | 3760 | 0 | 0 | 374 | yes |  |
| closed-loop | 32 users | 3 | 15.09 | 15.95 | 375ms | 1410ms | 12ms | 4007 | 4007 | 0 | 0 | 216 | yes |  |
time=2026-09-10T16:27:03.257-07:00 level=INFO msg="compacted the run" requests=13544 cells=3 requests_parquet=runs/pressure/ws8-skew1/requests.parquet cells_parquet=runs/pressure/ws8-skew1/cells.parquet results=runs/pressure/ws8-skew1/results.md
time=2026-09-10T16:27:03.278-07:00 level=INFO msg="SLO read from the characterization rather than retyped" record=slo/characterization.json slo="TTFT < 990ms, inter-token p50 < 24ms (3x the measured floor of 329ms and 7.8ms)" measured_at=2026-09-07T07:50:38.074Z
time=2026-09-10T16:27:03.278-07:00 level=WARN msg="the characterization does not find the replicas interchangeable, so a policy difference in this sweep could be host asymmetry rather than the policy" record=slo/characterization.json
time=2026-09-10T16:27:03.278-07:00 level=WARN msg="the characterization this SLO came from is flagged" reason="replica symmetry is unresolved at one or more levels: at concurrency 32, TTFT p50 spread 22.1% over the 8.0% tolerance: replica-5 at 1.292s against replica-4 at 1.058s; at concurrency 32 that spread is not resolvable: one replica varies 36.3% against itself between repetitions, wider than the 8.0% tolerance, so the difference between replicas is inside the measurement's own noise. Lengthen the probe or add repetitions rather than acting on it"
time=2026-09-10T16:27:03.278-07:00 level=WARN msg="the characterization this SLO came from is flagged" reason="4 of 36 probes flagged: still warming up: the first half of the measured window was 26% slower than the second by TTFT p50, over a 25% threshold. Lengthen the warm-up and re-run (replica-1-c32-r1, replica-3-c32-r1, replica-5-c32-r1 and 1 more)"
time=2026-09-10T16:27:03.278-07:00 level=INFO msg="sampling GPUs for contamination" gpus=0,1,2,4,5 replica_pids="[1387071 1388239 1389399 1390568 1391754]" interval=5s
time=2026-09-10T16:27:03.280-07:00 level=INFO msg=offering workload="multiturn(sessions=2460,ws=8,skew=1.4,turns=4,prompt=448t,output=64t,system=0.3x128t,branch=0.3x8fam1t,bpt=4,seed=1,usage=on)"
time=2026-09-10T16:27:03.326-07:00 level=INFO msg="router is up and running the policy these cells will name" router=http://127.0.0.1:8080 policy=session_affinity spill=off replicas=5
time=2026-09-10T16:27:03.336-07:00 level=INFO msg="fleet is up" replicas=5
time=2026-09-10T16:27:05.909-07:00 level=INFO msg="fleet warmed" replicas=5 requests_each=3
time=2026-09-10T16:27:05.910-07:00 level=INFO msg="running cell" cell=session_affinity-c32-r1 driver=closed_loop load="32 users" duration=5m0s
time=2026-09-10T16:32:07.441-07:00 level=INFO msg="cell complete" cell=session_affinity-c32-r1 driver=closed_loop requests=4508 successes=4508 dropped=0 failed=0 slo_violations=1824 goodput_rps=10.687103283564928 clean=true flagged=false
time=2026-09-10T16:32:17.447-07:00 level=INFO msg="running cell" cell=session_affinity-c32-r2 driver=closed_loop load="32 users" duration=5m0s
time=2026-09-10T16:37:18.941-07:00 level=INFO msg="cell complete" cell=session_affinity-c32-r2 driver=closed_loop requests=4572 successes=4572 dropped=0 failed=0 slo_violations=1779 goodput_rps=11.11914245682607 clean=true flagged=false
time=2026-09-10T16:37:28.946-07:00 level=INFO msg="running cell" cell=session_affinity-c32-r3 driver=closed_loop load="32 users" duration=5m0s
time=2026-09-10T16:42:30.286-07:00 level=INFO msg="cell complete" cell=session_affinity-c32-r3 driver=closed_loop requests=3729 successes=3729 dropped=0 failed=0 slo_violations=2030 goodput_rps=6.770159704943563 clean=true flagged=false

| driver | load | rep | goodput/s | tput/s | TTFT p50 | TTFT p99 | ITL p50 | reqs | ok | dropped | failed | SLO viol | clean | flagged |
|---|---:|---:|---:|---:|---:|---:|---:|---:|---:|---:|---:|---:|:--:|:--|
| closed-loop | 32 users | 1 | 10.69 | 17.95 | 133ms | 790ms | 14ms | 4508 | 4508 | 0 | 0 | 1824 | yes |  |
| closed-loop | 32 users | 2 | 11.12 | 18.20 | 129ms | 750ms | 13ms | 4572 | 4572 | 0 | 0 | 1779 | yes |  |
| closed-loop | 32 users | 3 | 6.77 | 14.86 | 168ms | 730ms | 28ms | 3729 | 3729 | 0 | 0 | 2030 | yes |  |
time=2026-09-10T16:42:30.801-07:00 level=INFO msg="compacted the run" requests=15286 cells=3 requests_parquet=runs/pressure/ws8-skew1.4/requests.parquet cells_parquet=runs/pressure/ws8-skew1.4/cells.parquet results=runs/pressure/ws8-skew1.4/results.md
stopping replica-5 (PID 1391754)
stopping replica-4 (PID 1390568)
stopping replica-2 (PID 1389399)
stopping replica-1 (PID 1388239)
stopping replica-0 (PID 1387071)
preflight: 5 GPUs clean, all below 256 MiB
starting replica-0 on GPU 0, port 8000, vLLM 0.28.0, quantization awq_marlin, linear backend marlin
replica-0 is up: http://127.0.0.1:8000 (PID 1444040)
fleet: settling for 15s before the next replica
starting replica-1 on GPU 1, port 8001, vLLM 0.28.0, quantization awq_marlin, linear backend marlin
replica-1 is up: http://127.0.0.1:8001 (PID 1445268)
fleet: settling for 15s before the next replica
starting replica-2 on GPU 2, port 8002, vLLM 0.28.0, quantization awq_marlin, linear backend marlin
replica-2 is up: http://127.0.0.1:8002 (PID 1446515)
fleet: settling for 15s before the next replica
starting replica-4 on GPU 4, port 8004, vLLM 0.28.0, quantization awq_marlin, linear backend marlin
replica-4 is up: http://127.0.0.1:8004 (PID 1447757)
fleet: settling for 15s before the next replica
starting replica-5 on GPU 5, port 8005, vLLM 0.28.0, quantization awq_marlin, linear backend marlin
replica-5 is up: http://127.0.0.1:8005 (PID 1448958)
fleet: 5 replicas up on GPUs 0 1 2 4 5
replica-0=http://127.0.0.1:8000,replica-1=http://127.0.0.1:8001,replica-2=http://127.0.0.1:8002,replica-4=http://127.0.0.1:8004,replica-5=http://127.0.0.1:8005
time=2026-09-10T16:48:00.911-07:00 level=INFO msg="SLO read from the characterization rather than retyped" record=slo/characterization.json slo="TTFT < 990ms, inter-token p50 < 24ms (3x the measured floor of 329ms and 7.8ms)" measured_at=2026-09-07T07:50:38.074Z
time=2026-09-10T16:48:00.911-07:00 level=WARN msg="the characterization does not find the replicas interchangeable, so a policy difference in this sweep could be host asymmetry rather than the policy" record=slo/characterization.json
time=2026-09-10T16:48:00.911-07:00 level=WARN msg="the characterization this SLO came from is flagged" reason="replica symmetry is unresolved at one or more levels: at concurrency 32, TTFT p50 spread 22.1% over the 8.0% tolerance: replica-5 at 1.292s against replica-4 at 1.058s; at concurrency 32 that spread is not resolvable: one replica varies 36.3% against itself between repetitions, wider than the 8.0% tolerance, so the difference between replicas is inside the measurement's own noise. Lengthen the probe or add repetitions rather than acting on it"
time=2026-09-10T16:48:00.911-07:00 level=WARN msg="the characterization this SLO came from is flagged" reason="4 of 36 probes flagged: still warming up: the first half of the measured window was 26% slower than the second by TTFT p50, over a 25% threshold. Lengthen the warm-up and re-run (replica-1-c32-r1, replica-3-c32-r1, replica-5-c32-r1 and 1 more)"
time=2026-09-10T16:48:00.911-07:00 level=INFO msg="sampling GPUs for contamination" gpus=0,1,2,4,5 replica_pids="[1444040 1445268 1446515 1447757 1448958]" interval=5s
time=2026-09-10T16:48:00.912-07:00 level=INFO msg=offering workload="multiturn(sessions=76,ws=0.25,skew=0,turns=4,prompt=448t,output=64t,system=0.3x128t,branch=0.3x8fam1t,bpt=4,seed=1,usage=on)"
time=2026-09-10T16:48:00.914-07:00 level=INFO msg="router is up and running the policy these cells will name" router=http://127.0.0.1:8080 policy=prefix_affinity spill="kv>off load>2.0x" replicas=5
time=2026-09-10T16:48:00.924-07:00 level=INFO msg="fleet is up" replicas=5
time=2026-09-10T16:48:03.599-07:00 level=INFO msg="fleet warmed" replicas=5 requests_each=3
time=2026-09-10T16:48:03.600-07:00 level=INFO msg="running cell" cell=prefix_affinity-c32-r1 driver=closed_loop load="32 users" duration=5m0s
time=2026-09-10T16:53:05.439-07:00 level=INFO msg="cell complete" cell=prefix_affinity-c32-r1 driver=closed_loop requests=8175 successes=8175 dropped=0 failed=0 slo_violations=117 goodput_rps=32.02575545866284 clean=true flagged=false
time=2026-09-10T16:53:15.444-07:00 level=INFO msg="running cell" cell=prefix_affinity-c32-r2 driver=closed_loop load="32 users" duration=5m0s
time=2026-09-10T16:58:16.741-07:00 level=INFO msg="cell complete" cell=prefix_affinity-c32-r2 driver=closed_loop requests=8618 successes=8618 dropped=0 failed=0 slo_violations=84 goodput_rps=34.01996127109918 clean=true flagged=false
time=2026-09-10T16:58:26.746-07:00 level=INFO msg="running cell" cell=prefix_affinity-c32-r3 driver=closed_loop load="32 users" duration=5m0s
time=2026-09-10T17:03:27.868-07:00 level=INFO msg="cell complete" cell=prefix_affinity-c32-r3 driver=closed_loop requests=8129 successes=8129 dropped=0 failed=0 slo_violations=92 goodput_rps=32.04180938988038 clean=true flagged=false

| driver | load | rep | goodput/s | tput/s | TTFT p50 | TTFT p99 | ITL p50 | reqs | ok | dropped | failed | SLO viol | clean | flagged |
|---|---:|---:|---:|---:|---:|---:|---:|---:|---:|---:|---:|---:|:--:|:--|
| closed-loop | 32 users | 1 | 32.03 | 32.49 | 86ms | 1066ms | 12ms | 8175 | 8175 | 0 | 0 | 117 | yes |  |
| closed-loop | 32 users | 2 | 34.02 | 34.35 | 85ms | 981ms | 12ms | 8618 | 8618 | 0 | 0 | 84 | yes |  |
| closed-loop | 32 users | 3 | 32.04 | 32.41 | 87ms | 1013ms | 12ms | 8129 | 8129 | 0 | 0 | 92 | yes |  |
time=2026-09-10T17:03:29.423-07:00 level=INFO msg="compacted the run" requests=57101 cells=6 requests_parquet=runs/pressure/ws0.25-skew0/requests.parquet cells_parquet=runs/pressure/ws0.25-skew0/cells.parquet results=runs/pressure/ws0.25-skew0/results.md
time=2026-09-10T17:03:29.448-07:00 level=INFO msg="SLO read from the characterization rather than retyped" record=slo/characterization.json slo="TTFT < 990ms, inter-token p50 < 24ms (3x the measured floor of 329ms and 7.8ms)" measured_at=2026-09-07T07:50:38.074Z
time=2026-09-10T17:03:29.448-07:00 level=WARN msg="the characterization does not find the replicas interchangeable, so a policy difference in this sweep could be host asymmetry rather than the policy" record=slo/characterization.json
time=2026-09-10T17:03:29.448-07:00 level=WARN msg="the characterization this SLO came from is flagged" reason="replica symmetry is unresolved at one or more levels: at concurrency 32, TTFT p50 spread 22.1% over the 8.0% tolerance: replica-5 at 1.292s against replica-4 at 1.058s; at concurrency 32 that spread is not resolvable: one replica varies 36.3% against itself between repetitions, wider than the 8.0% tolerance, so the difference between replicas is inside the measurement's own noise. Lengthen the probe or add repetitions rather than acting on it"
time=2026-09-10T17:03:29.448-07:00 level=WARN msg="the characterization this SLO came from is flagged" reason="4 of 36 probes flagged: still warming up: the first half of the measured window was 26% slower than the second by TTFT p50, over a 25% threshold. Lengthen the warm-up and re-run (replica-1-c32-r1, replica-3-c32-r1, replica-5-c32-r1 and 1 more)"
time=2026-09-10T17:03:29.448-07:00 level=INFO msg="sampling GPUs for contamination" gpus=0,1,2,4,5 replica_pids="[1444040 1445268 1446515 1447757 1448958]" interval=5s
time=2026-09-10T17:03:29.449-07:00 level=INFO msg=offering workload="multiturn(sessions=76,ws=0.25,skew=1,turns=4,prompt=448t,output=64t,system=0.3x128t,branch=0.3x8fam1t,bpt=4,seed=1,usage=on)"
time=2026-09-10T17:03:29.457-07:00 level=INFO msg="router is up and running the policy these cells will name" router=http://127.0.0.1:8080 policy=prefix_affinity spill="kv>off load>2.0x" replicas=5
time=2026-09-10T17:03:29.466-07:00 level=INFO msg="fleet is up" replicas=5
time=2026-09-10T17:03:32.052-07:00 level=INFO msg="fleet warmed" replicas=5 requests_each=3
time=2026-09-10T17:03:32.053-07:00 level=INFO msg="running cell" cell=prefix_affinity-c32-r1 driver=closed_loop load="32 users" duration=5m0s
time=2026-09-10T17:08:33.004-07:00 level=INFO msg="cell complete" cell=prefix_affinity-c32-r1 driver=closed_loop requests=8665 successes=8665 dropped=0 failed=0 slo_violations=35 goodput_rps=34.43481872899093 clean=true flagged=false
time=2026-09-10T17:08:43.009-07:00 level=INFO msg="running cell" cell=prefix_affinity-c32-r2 driver=closed_loop load="32 users" duration=5m0s
time=2026-09-10T17:13:44.042-07:00 level=INFO msg="cell complete" cell=prefix_affinity-c32-r2 driver=closed_loop requests=8597 successes=8597 dropped=0 failed=0 slo_violations=22 goodput_rps=34.20297444886926 clean=true flagged=false
time=2026-09-10T17:13:54.044-07:00 level=INFO msg="running cell" cell=prefix_affinity-c32-r3 driver=closed_loop load="32 users" duration=5m0s
time=2026-09-10T17:18:55.337-07:00 level=INFO msg="cell complete" cell=prefix_affinity-c32-r3 driver=closed_loop requests=8799 successes=8799 dropped=0 failed=0 slo_violations=29 goodput_rps=34.94480252888509 clean=true flagged=false

| driver | load | rep | goodput/s | tput/s | TTFT p50 | TTFT p99 | ITL p50 | reqs | ok | dropped | failed | SLO viol | clean | flagged |
|---|---:|---:|---:|---:|---:|---:|---:|---:|---:|---:|---:|---:|:--:|:--|
| closed-loop | 32 users | 1 | 34.43 | 34.57 | 85ms | 624ms | 12ms | 8665 | 8665 | 0 | 0 | 35 | yes |  |
| closed-loop | 32 users | 2 | 34.20 | 34.29 | 85ms | 495ms | 12ms | 8597 | 8597 | 0 | 0 | 22 | yes |  |
| closed-loop | 32 users | 3 | 34.94 | 35.06 | 85ms | 474ms | 12ms | 8799 | 8799 | 0 | 0 | 29 | yes |  |
time=2026-09-10T17:18:56.665-07:00 level=INFO msg="compacted the run" requests=48947 cells=6 requests_parquet=runs/pressure/ws0.25-skew1/requests.parquet cells_parquet=runs/pressure/ws0.25-skew1/cells.parquet results=runs/pressure/ws0.25-skew1/results.md
time=2026-09-10T17:18:56.692-07:00 level=INFO msg="SLO read from the characterization rather than retyped" record=slo/characterization.json slo="TTFT < 990ms, inter-token p50 < 24ms (3x the measured floor of 329ms and 7.8ms)" measured_at=2026-09-07T07:50:38.074Z
time=2026-09-10T17:18:56.692-07:00 level=WARN msg="the characterization does not find the replicas interchangeable, so a policy difference in this sweep could be host asymmetry rather than the policy" record=slo/characterization.json
time=2026-09-10T17:18:56.692-07:00 level=WARN msg="the characterization this SLO came from is flagged" reason="replica symmetry is unresolved at one or more levels: at concurrency 32, TTFT p50 spread 22.1% over the 8.0% tolerance: replica-5 at 1.292s against replica-4 at 1.058s; at concurrency 32 that spread is not resolvable: one replica varies 36.3% against itself between repetitions, wider than the 8.0% tolerance, so the difference between replicas is inside the measurement's own noise. Lengthen the probe or add repetitions rather than acting on it"
time=2026-09-10T17:18:56.692-07:00 level=WARN msg="the characterization this SLO came from is flagged" reason="4 of 36 probes flagged: still warming up: the first half of the measured window was 26% slower than the second by TTFT p50, over a 25% threshold. Lengthen the warm-up and re-run (replica-1-c32-r1, replica-3-c32-r1, replica-5-c32-r1 and 1 more)"
time=2026-09-10T17:18:56.692-07:00 level=INFO msg="sampling GPUs for contamination" gpus=0,1,2,4,5 replica_pids="[1444040 1445268 1446515 1447757 1448958]" interval=5s
time=2026-09-10T17:18:56.693-07:00 level=INFO msg=offering workload="multiturn(sessions=76,ws=0.25,skew=1.4,turns=4,prompt=448t,output=64t,system=0.3x128t,branch=0.3x8fam1t,bpt=4,seed=1,usage=on)"
time=2026-09-10T17:18:56.710-07:00 level=INFO msg="router is up and running the policy these cells will name" router=http://127.0.0.1:8080 policy=prefix_affinity spill="kv>off load>2.0x" replicas=5
time=2026-09-10T17:18:56.719-07:00 level=INFO msg="fleet is up" replicas=5
time=2026-09-10T17:18:59.267-07:00 level=INFO msg="fleet warmed" replicas=5 requests_each=3
time=2026-09-10T17:18:59.267-07:00 level=INFO msg="running cell" cell=prefix_affinity-c32-r1 driver=closed_loop load="32 users" duration=5m0s
time=2026-09-10T17:24:00.371-07:00 level=INFO msg="cell complete" cell=prefix_affinity-c32-r1 driver=closed_loop requests=8708 successes=8708 dropped=0 failed=0 slo_violations=16 goodput_rps=34.66502193508302 clean=true flagged=false
time=2026-09-10T17:24:10.376-07:00 level=INFO msg="running cell" cell=prefix_affinity-c32-r2 driver=closed_loop load="32 users" duration=5m0s
time=2026-09-10T17:29:11.509-07:00 level=INFO msg="cell complete" cell=prefix_affinity-c32-r2 driver=closed_loop requests=8730 successes=8730 dropped=0 failed=0 slo_violations=6 goodput_rps=34.7933313188279 clean=true flagged=false
time=2026-09-10T17:29:21.515-07:00 level=INFO msg="running cell" cell=prefix_affinity-c32-r3 driver=closed_loop load="32 users" duration=5m0s
time=2026-09-10T17:34:22.704-07:00 level=INFO msg="cell complete" cell=prefix_affinity-c32-r3 driver=closed_loop requests=8974 successes=8974 dropped=0 failed=0 slo_violations=19 goodput_rps=35.69532056995142 clean=true flagged=false

| driver | load | rep | goodput/s | tput/s | TTFT p50 | TTFT p99 | ITL p50 | reqs | ok | dropped | failed | SLO viol | clean | flagged |
|---|---:|---:|---:|---:|---:|---:|---:|---:|---:|---:|---:|---:|:--:|:--|
| closed-loop | 32 users | 1 | 34.67 | 34.73 | 86ms | 458ms | 12ms | 8708 | 8708 | 0 | 0 | 16 | yes |  |
| closed-loop | 32 users | 2 | 34.79 | 34.82 | 84ms | 456ms | 12ms | 8730 | 8730 | 0 | 0 | 6 | yes |  |
| closed-loop | 32 users | 3 | 35.70 | 35.77 | 85ms | 472ms | 12ms | 8974 | 8974 | 0 | 0 | 19 | yes |  |
time=2026-09-10T17:34:24.052-07:00 level=INFO msg="compacted the run" requests=47411 cells=6 requests_parquet=runs/pressure/ws0.25-skew1.4/requests.parquet cells_parquet=runs/pressure/ws0.25-skew1.4/cells.parquet results=runs/pressure/ws0.25-skew1.4/results.md
time=2026-09-10T17:34:24.081-07:00 level=INFO msg="SLO read from the characterization rather than retyped" record=slo/characterization.json slo="TTFT < 990ms, inter-token p50 < 24ms (3x the measured floor of 329ms and 7.8ms)" measured_at=2026-09-07T07:50:38.074Z
time=2026-09-10T17:34:24.081-07:00 level=WARN msg="the characterization does not find the replicas interchangeable, so a policy difference in this sweep could be host asymmetry rather than the policy" record=slo/characterization.json
time=2026-09-10T17:34:24.081-07:00 level=WARN msg="the characterization this SLO came from is flagged" reason="replica symmetry is unresolved at one or more levels: at concurrency 32, TTFT p50 spread 22.1% over the 8.0% tolerance: replica-5 at 1.292s against replica-4 at 1.058s; at concurrency 32 that spread is not resolvable: one replica varies 36.3% against itself between repetitions, wider than the 8.0% tolerance, so the difference between replicas is inside the measurement's own noise. Lengthen the probe or add repetitions rather than acting on it"
time=2026-09-10T17:34:24.081-07:00 level=WARN msg="the characterization this SLO came from is flagged" reason="4 of 36 probes flagged: still warming up: the first half of the measured window was 26% slower than the second by TTFT p50, over a 25% threshold. Lengthen the warm-up and re-run (replica-1-c32-r1, replica-3-c32-r1, replica-5-c32-r1 and 1 more)"
time=2026-09-10T17:34:24.081-07:00 level=INFO msg="sampling GPUs for contamination" gpus=0,1,2,4,5 replica_pids="[1444040 1445268 1446515 1447757 1448958]" interval=5s
time=2026-09-10T17:34:24.081-07:00 level=INFO msg=offering workload="multiturn(sessions=307,ws=1,skew=0,turns=4,prompt=448t,output=64t,system=0.3x128t,branch=0.3x8fam1t,bpt=4,seed=1,usage=on)"
time=2026-09-10T17:34:24.106-07:00 level=INFO msg="router is up and running the policy these cells will name" router=http://127.0.0.1:8080 policy=prefix_affinity spill="kv>off load>2.0x" replicas=5
time=2026-09-10T17:34:24.115-07:00 level=INFO msg="fleet is up" replicas=5
time=2026-09-10T17:34:26.788-07:00 level=INFO msg="fleet warmed" replicas=5 requests_each=3
time=2026-09-10T17:34:26.789-07:00 level=INFO msg="running cell" cell=prefix_affinity-c32-r1 driver=closed_loop load="32 users" duration=5m0s
time=2026-09-10T17:39:28.388-07:00 level=INFO msg="cell complete" cell=prefix_affinity-c32-r1 driver=closed_loop requests=3951 successes=3951 dropped=0 failed=0 slo_violations=195 goodput_rps=14.944368680658824 clean=true flagged=false
time=2026-09-10T17:39:38.390-07:00 level=INFO msg="running cell" cell=prefix_affinity-c32-r2 driver=closed_loop load="32 users" duration=5m0s
time=2026-09-10T17:44:39.624-07:00 level=INFO msg="cell complete" cell=prefix_affinity-c32-r2 driver=closed_loop requests=4004 successes=4004 dropped=0 failed=0 slo_violations=216 goodput_rps=15.095759286361881 clean=true flagged=false
time=2026-09-10T17:44:49.630-07:00 level=INFO msg="running cell" cell=prefix_affinity-c32-r3 driver=closed_loop load="32 users" duration=5m0s
time=2026-09-10T17:49:50.621-07:00 level=INFO msg="cell complete" cell=prefix_affinity-c32-r3 driver=closed_loop requests=3918 successes=3918 dropped=0 failed=0 slo_violations=228 goodput_rps=14.718499839603684 clean=true flagged=false

| driver | load | rep | goodput/s | tput/s | TTFT p50 | TTFT p99 | ITL p50 | reqs | ok | dropped | failed | SLO viol | clean | flagged |
|---|---:|---:|---:|---:|---:|---:|---:|---:|---:|---:|---:|---:|:--:|:--|
| closed-loop | 32 users | 1 | 14.94 | 15.72 | 407ms | 1387ms | 12ms | 3951 | 3951 | 0 | 0 | 195 | yes |  |
| closed-loop | 32 users | 2 | 15.10 | 15.96 | 400ms | 1440ms | 12ms | 4004 | 4004 | 0 | 0 | 216 | yes |  |
| closed-loop | 32 users | 3 | 14.72 | 15.63 | 407ms | 1451ms | 13ms | 3918 | 3918 | 0 | 0 | 228 | yes |  |
time=2026-09-10T17:49:51.350-07:00 level=INFO msg="compacted the run" requests=24575 cells=6 requests_parquet=runs/pressure/ws1-skew0/requests.parquet cells_parquet=runs/pressure/ws1-skew0/cells.parquet results=runs/pressure/ws1-skew0/results.md
time=2026-09-10T17:49:51.373-07:00 level=INFO msg="SLO read from the characterization rather than retyped" record=slo/characterization.json slo="TTFT < 990ms, inter-token p50 < 24ms (3x the measured floor of 329ms and 7.8ms)" measured_at=2026-09-07T07:50:38.074Z
time=2026-09-10T17:49:51.373-07:00 level=WARN msg="the characterization does not find the replicas interchangeable, so a policy difference in this sweep could be host asymmetry rather than the policy" record=slo/characterization.json
time=2026-09-10T17:49:51.373-07:00 level=WARN msg="the characterization this SLO came from is flagged" reason="replica symmetry is unresolved at one or more levels: at concurrency 32, TTFT p50 spread 22.1% over the 8.0% tolerance: replica-5 at 1.292s against replica-4 at 1.058s; at concurrency 32 that spread is not resolvable: one replica varies 36.3% against itself between repetitions, wider than the 8.0% tolerance, so the difference between replicas is inside the measurement's own noise. Lengthen the probe or add repetitions rather than acting on it"
time=2026-09-10T17:49:51.373-07:00 level=WARN msg="the characterization this SLO came from is flagged" reason="4 of 36 probes flagged: still warming up: the first half of the measured window was 26% slower than the second by TTFT p50, over a 25% threshold. Lengthen the warm-up and re-run (replica-1-c32-r1, replica-3-c32-r1, replica-5-c32-r1 and 1 more)"
time=2026-09-10T17:49:51.373-07:00 level=INFO msg="sampling GPUs for contamination" gpus=0,1,2,4,5 replica_pids="[1444040 1445268 1446515 1447757 1448958]" interval=5s
time=2026-09-10T17:49:51.374-07:00 level=INFO msg=offering workload="multiturn(sessions=307,ws=1,skew=1,turns=4,prompt=448t,output=64t,system=0.3x128t,branch=0.3x8fam1t,bpt=4,seed=1,usage=on)"
time=2026-09-10T17:49:51.402-07:00 level=INFO msg="router is up and running the policy these cells will name" router=http://127.0.0.1:8080 policy=prefix_affinity spill="kv>off load>2.0x" replicas=5
time=2026-09-10T17:49:51.411-07:00 level=INFO msg="fleet is up" replicas=5
time=2026-09-10T17:49:53.958-07:00 level=INFO msg="fleet warmed" replicas=5 requests_each=3
time=2026-09-10T17:49:53.959-07:00 level=INFO msg="running cell" cell=prefix_affinity-c32-r1 driver=closed_loop load="32 users" duration=5m0s
time=2026-09-10T17:54:55.127-07:00 level=INFO msg="cell complete" cell=prefix_affinity-c32-r1 driver=closed_loop requests=5997 successes=5997 dropped=0 failed=0 slo_violations=63 goodput_rps=23.65927462569897 clean=true flagged=false
time=2026-09-10T17:55:05.133-07:00 level=INFO msg="running cell" cell=prefix_affinity-c32-r2 driver=closed_loop load="32 users" duration=5m0s
time=2026-09-10T18:00:06.508-07:00 level=INFO msg="cell complete" cell=prefix_affinity-c32-r2 driver=closed_loop requests=5989 successes=5989 dropped=0 failed=0 slo_violations=87 goodput_rps=23.50629373410632 clean=true flagged=false
time=2026-09-10T18:00:16.514-07:00 level=INFO msg="running cell" cell=prefix_affinity-c32-r3 driver=closed_loop load="32 users" duration=5m0s
time=2026-09-10T18:05:17.859-07:00 level=INFO msg="cell complete" cell=prefix_affinity-c32-r3 driver=closed_loop requests=5881 successes=5881 dropped=0 failed=0 slo_violations=101 goodput_rps=23.02144005051389 clean=true flagged=false

| driver | load | rep | goodput/s | tput/s | TTFT p50 | TTFT p99 | ITL p50 | reqs | ok | dropped | failed | SLO viol | clean | flagged |
|---|---:|---:|---:|---:|---:|---:|---:|---:|---:|---:|---:|---:|:--:|:--|
| closed-loop | 32 users | 1 | 23.66 | 23.91 | 109ms | 994ms | 12ms | 5997 | 5997 | 0 | 0 | 63 | yes |  |
| closed-loop | 32 users | 2 | 23.51 | 23.85 | 107ms | 1065ms | 12ms | 5989 | 5989 | 0 | 0 | 87 | yes |  |
| closed-loop | 32 users | 3 | 23.02 | 23.42 | 107ms | 1098ms | 12ms | 5881 | 5881 | 0 | 0 | 101 | yes |  |
time=2026-09-10T18:05:18.915-07:00 level=INFO msg="compacted the run" requests=37561 cells=6 requests_parquet=runs/pressure/ws1-skew1/requests.parquet cells_parquet=runs/pressure/ws1-skew1/cells.parquet results=runs/pressure/ws1-skew1/results.md
time=2026-09-10T18:05:18.943-07:00 level=INFO msg="SLO read from the characterization rather than retyped" record=slo/characterization.json slo="TTFT < 990ms, inter-token p50 < 24ms (3x the measured floor of 329ms and 7.8ms)" measured_at=2026-09-07T07:50:38.074Z
time=2026-09-10T18:05:18.943-07:00 level=WARN msg="the characterization does not find the replicas interchangeable, so a policy difference in this sweep could be host asymmetry rather than the policy" record=slo/characterization.json
time=2026-09-10T18:05:18.943-07:00 level=WARN msg="the characterization this SLO came from is flagged" reason="replica symmetry is unresolved at one or more levels: at concurrency 32, TTFT p50 spread 22.1% over the 8.0% tolerance: replica-5 at 1.292s against replica-4 at 1.058s; at concurrency 32 that spread is not resolvable: one replica varies 36.3% against itself between repetitions, wider than the 8.0% tolerance, so the difference between replicas is inside the measurement's own noise. Lengthen the probe or add repetitions rather than acting on it"
time=2026-09-10T18:05:18.943-07:00 level=WARN msg="the characterization this SLO came from is flagged" reason="4 of 36 probes flagged: still warming up: the first half of the measured window was 26% slower than the second by TTFT p50, over a 25% threshold. Lengthen the warm-up and re-run (replica-1-c32-r1, replica-3-c32-r1, replica-5-c32-r1 and 1 more)"
time=2026-09-10T18:05:18.943-07:00 level=INFO msg="sampling GPUs for contamination" gpus=0,1,2,4,5 replica_pids="[1444040 1445268 1446515 1447757 1448958]" interval=5s
time=2026-09-10T18:05:18.944-07:00 level=INFO msg=offering workload="multiturn(sessions=307,ws=1,skew=1.4,turns=4,prompt=448t,output=64t,system=0.3x128t,branch=0.3x8fam1t,bpt=4,seed=1,usage=on)"
time=2026-09-10T18:05:18.978-07:00 level=INFO msg="router is up and running the policy these cells will name" router=http://127.0.0.1:8080 policy=prefix_affinity spill="kv>off load>2.0x" replicas=5
time=2026-09-10T18:05:18.986-07:00 level=INFO msg="fleet is up" replicas=5
time=2026-09-10T18:05:21.590-07:00 level=INFO msg="fleet warmed" replicas=5 requests_each=3
time=2026-09-10T18:05:21.590-07:00 level=INFO msg="running cell" cell=prefix_affinity-c32-r1 driver=closed_loop load="32 users" duration=5m0s
time=2026-09-10T18:10:22.979-07:00 level=INFO msg="cell complete" cell=prefix_affinity-c32-r1 driver=closed_loop requests=7624 successes=7624 dropped=0 failed=0 slo_violations=13 goodput_rps=30.31409279430671 clean=true flagged=false
time=2026-09-10T18:10:32.980-07:00 level=INFO msg="running cell" cell=prefix_affinity-c32-r2 driver=closed_loop load="32 users" duration=5m0s
time=2026-09-10T18:15:34.557-07:00 level=INFO msg="cell complete" cell=prefix_affinity-c32-r2 driver=closed_loop requests=7911 successes=7911 dropped=0 failed=0 slo_violations=16 goodput_rps=31.420407189196702 clean=true flagged=false
time=2026-09-10T18:15:44.562-07:00 level=INFO msg="running cell" cell=prefix_affinity-c32-r3 driver=closed_loop load="32 users" duration=5m0s
time=2026-09-10T18:20:45.541-07:00 level=INFO msg="cell complete" cell=prefix_affinity-c32-r3 driver=closed_loop requests=7650 successes=7650 dropped=0 failed=0 slo_violations=18 goodput_rps=30.445417496274118 clean=true flagged=false

| driver | load | rep | goodput/s | tput/s | TTFT p50 | TTFT p99 | ITL p50 | reqs | ok | dropped | failed | SLO viol | clean | flagged |
|---|---:|---:|---:|---:|---:|---:|---:|---:|---:|---:|---:|---:|:--:|:--|
| closed-loop | 32 users | 1 | 30.31 | 30.37 | 90ms | 738ms | 12ms | 7624 | 7624 | 0 | 0 | 13 | yes |  |
| closed-loop | 32 users | 2 | 31.42 | 31.48 | 88ms | 664ms | 12ms | 7911 | 7911 | 0 | 0 | 16 | yes |  |
| closed-loop | 32 users | 3 | 30.45 | 30.52 | 88ms | 735ms | 12ms | 7650 | 7650 | 0 | 0 | 18 | yes |  |
time=2026-09-10T18:20:46.753-07:00 level=INFO msg="compacted the run" requests=44388 cells=6 requests_parquet=runs/pressure/ws1-skew1.4/requests.parquet cells_parquet=runs/pressure/ws1-skew1.4/cells.parquet results=runs/pressure/ws1-skew1.4/results.md
time=2026-09-10T18:20:46.777-07:00 level=INFO msg="SLO read from the characterization rather than retyped" record=slo/characterization.json slo="TTFT < 990ms, inter-token p50 < 24ms (3x the measured floor of 329ms and 7.8ms)" measured_at=2026-09-07T07:50:38.074Z
time=2026-09-10T18:20:46.777-07:00 level=WARN msg="the characterization does not find the replicas interchangeable, so a policy difference in this sweep could be host asymmetry rather than the policy" record=slo/characterization.json
time=2026-09-10T18:20:46.777-07:00 level=WARN msg="the characterization this SLO came from is flagged" reason="replica symmetry is unresolved at one or more levels: at concurrency 32, TTFT p50 spread 22.1% over the 8.0% tolerance: replica-5 at 1.292s against replica-4 at 1.058s; at concurrency 32 that spread is not resolvable: one replica varies 36.3% against itself between repetitions, wider than the 8.0% tolerance, so the difference between replicas is inside the measurement's own noise. Lengthen the probe or add repetitions rather than acting on it"
time=2026-09-10T18:20:46.778-07:00 level=WARN msg="the characterization this SLO came from is flagged" reason="4 of 36 probes flagged: still warming up: the first half of the measured window was 26% slower than the second by TTFT p50, over a 25% threshold. Lengthen the warm-up and re-run (replica-1-c32-r1, replica-3-c32-r1, replica-5-c32-r1 and 1 more)"
time=2026-09-10T18:20:46.778-07:00 level=INFO msg="sampling GPUs for contamination" gpus=0,1,2,4,5 replica_pids="[1444040 1445268 1446515 1447757 1448958]" interval=5s
time=2026-09-10T18:20:46.778-07:00 level=INFO msg=offering workload="multiturn(sessions=922,ws=3,skew=0,turns=4,prompt=448t,output=64t,system=0.3x128t,branch=0.3x8fam1t,bpt=4,seed=1,usage=on)"
time=2026-09-10T18:20:46.820-07:00 level=INFO msg="router is up and running the policy these cells will name" router=http://127.0.0.1:8080 policy=prefix_affinity spill="kv>off load>2.0x" replicas=5
time=2026-09-10T18:20:46.829-07:00 level=INFO msg="fleet is up" replicas=5
time=2026-09-10T18:20:49.506-07:00 level=INFO msg="fleet warmed" replicas=5 requests_each=3
time=2026-09-10T18:20:49.507-07:00 level=INFO msg="running cell" cell=prefix_affinity-c32-r1 driver=closed_loop load="32 users" duration=5m0s
time=2026-09-10T18:25:51.138-07:00 level=INFO msg="cell complete" cell=prefix_affinity-c32-r1 driver=closed_loop requests=3199 successes=3199 dropped=0 failed=0 slo_violations=299 goodput_rps=11.540495821868127 clean=true flagged=false
time=2026-09-10T18:26:01.144-07:00 level=INFO msg="running cell" cell=prefix_affinity-c32-r2 driver=closed_loop load="32 users" duration=5m0s
time=2026-09-10T18:31:02.582-07:00 level=INFO msg="cell complete" cell=prefix_affinity-c32-r2 driver=closed_loop requests=3229 successes=3229 dropped=0 failed=0 slo_violations=306 goodput_rps=11.639839503818065 clean=true flagged=false
time=2026-09-10T18:31:12.588-07:00 level=INFO msg="running cell" cell=prefix_affinity-c32-r3 driver=closed_loop load="32 users" duration=5m0s
time=2026-09-10T18:36:14.679-07:00 level=INFO msg="cell complete" cell=prefix_affinity-c32-r3 driver=closed_loop requests=3216 successes=3216 dropped=0 failed=0 slo_violations=294 goodput_rps=11.607686234197653 clean=true flagged=false

| driver | load | rep | goodput/s | tput/s | TTFT p50 | TTFT p99 | ITL p50 | reqs | ok | dropped | failed | SLO viol | clean | flagged |
|---|---:|---:|---:|---:|---:|---:|---:|---:|---:|---:|---:|---:|:--:|:--|
| closed-loop | 32 users | 1 | 11.54 | 12.73 | 429ms | 1547ms | 13ms | 3199 | 3199 | 0 | 0 | 299 | yes |  |
| closed-loop | 32 users | 2 | 11.64 | 12.86 | 429ms | 1465ms | 12ms | 3229 | 3229 | 0 | 0 | 306 | yes |  |
| closed-loop | 32 users | 3 | 11.61 | 12.78 | 429ms | 1504ms | 13ms | 3216 | 3216 | 0 | 0 | 294 | yes |  |
time=2026-09-10T18:36:15.323-07:00 level=INFO msg="compacted the run" requests=21279 cells=6 requests_parquet=runs/pressure/ws3-skew0/requests.parquet cells_parquet=runs/pressure/ws3-skew0/cells.parquet results=runs/pressure/ws3-skew0/results.md
time=2026-09-10T18:36:15.345-07:00 level=INFO msg="SLO read from the characterization rather than retyped" record=slo/characterization.json slo="TTFT < 990ms, inter-token p50 < 24ms (3x the measured floor of 329ms and 7.8ms)" measured_at=2026-09-07T07:50:38.074Z
time=2026-09-10T18:36:15.345-07:00 level=WARN msg="the characterization does not find the replicas interchangeable, so a policy difference in this sweep could be host asymmetry rather than the policy" record=slo/characterization.json
time=2026-09-10T18:36:15.345-07:00 level=WARN msg="the characterization this SLO came from is flagged" reason="replica symmetry is unresolved at one or more levels: at concurrency 32, TTFT p50 spread 22.1% over the 8.0% tolerance: replica-5 at 1.292s against replica-4 at 1.058s; at concurrency 32 that spread is not resolvable: one replica varies 36.3% against itself between repetitions, wider than the 8.0% tolerance, so the difference between replicas is inside the measurement's own noise. Lengthen the probe or add repetitions rather than acting on it"
time=2026-09-10T18:36:15.345-07:00 level=WARN msg="the characterization this SLO came from is flagged" reason="4 of 36 probes flagged: still warming up: the first half of the measured window was 26% slower than the second by TTFT p50, over a 25% threshold. Lengthen the warm-up and re-run (replica-1-c32-r1, replica-3-c32-r1, replica-5-c32-r1 and 1 more)"
time=2026-09-10T18:36:15.345-07:00 level=INFO msg="sampling GPUs for contamination" gpus=0,1,2,4,5 replica_pids="[1444040 1445268 1446515 1447757 1448958]" interval=5s
time=2026-09-10T18:36:15.346-07:00 level=INFO msg=offering workload="multiturn(sessions=922,ws=3,skew=1,turns=4,prompt=448t,output=64t,system=0.3x128t,branch=0.3x8fam1t,bpt=4,seed=1,usage=on)"
time=2026-09-10T18:36:15.392-07:00 level=INFO msg="router is up and running the policy these cells will name" router=http://127.0.0.1:8080 policy=prefix_affinity spill="kv>off load>2.0x" replicas=5
time=2026-09-10T18:36:15.401-07:00 level=INFO msg="fleet is up" replicas=5
time=2026-09-10T18:36:18.143-07:00 level=INFO msg="fleet warmed" replicas=5 requests_each=3
time=2026-09-10T18:36:18.143-07:00 level=INFO msg="running cell" cell=prefix_affinity-c32-r1 driver=closed_loop load="32 users" duration=5m0s
time=2026-09-10T18:41:19.359-07:00 level=INFO msg="cell complete" cell=prefix_affinity-c32-r1 driver=closed_loop requests=4907 successes=4907 dropped=0 failed=0 slo_violations=149 goodput_rps=18.968002064070017 clean=true flagged=false
time=2026-09-10T18:41:29.364-07:00 level=INFO msg="running cell" cell=prefix_affinity-c32-r2 driver=closed_loop load="32 users" duration=5m0s
time=2026-09-10T18:46:30.880-07:00 level=INFO msg="cell complete" cell=prefix_affinity-c32-r2 driver=closed_loop requests=4942 successes=4942 dropped=0 failed=0 slo_violations=151 goodput_rps=19.071100778594605 clean=true flagged=false
time=2026-09-10T18:46:40.885-07:00 level=INFO msg="running cell" cell=prefix_affinity-c32-r3 driver=closed_loop load="32 users" duration=5m0s
time=2026-09-10T18:51:43.159-07:00 level=INFO msg="cell complete" cell=prefix_affinity-c32-r3 driver=closed_loop requests=4926 successes=4926 dropped=0 failed=0 slo_violations=175 goodput_rps=18.854976936503196 clean=true flagged=false

| driver | load | rep | goodput/s | tput/s | TTFT p50 | TTFT p99 | ITL p50 | reqs | ok | dropped | failed | SLO viol | clean | flagged |
|---|---:|---:|---:|---:|---:|---:|---:|---:|---:|---:|---:|---:|:--:|:--|
| closed-loop | 32 users | 1 | 18.97 | 19.56 | 332ms | 1215ms | 12ms | 4907 | 4907 | 0 | 0 | 149 | yes |  |
| closed-loop | 32 users | 2 | 19.07 | 19.67 | 339ms | 1185ms | 12ms | 4942 | 4942 | 0 | 0 | 151 | yes |  |
| closed-loop | 32 users | 3 | 18.85 | 19.55 | 347ms | 1245ms | 12ms | 4926 | 4926 | 0 | 0 | 175 | yes |  |
time=2026-09-10T18:51:44.042-07:00 level=INFO msg="compacted the run" requests=31372 cells=6 requests_parquet=runs/pressure/ws3-skew1/requests.parquet cells_parquet=runs/pressure/ws3-skew1/cells.parquet results=runs/pressure/ws3-skew1/results.md
time=2026-09-10T18:51:44.068-07:00 level=INFO msg="SLO read from the characterization rather than retyped" record=slo/characterization.json slo="TTFT < 990ms, inter-token p50 < 24ms (3x the measured floor of 329ms and 7.8ms)" measured_at=2026-09-07T07:50:38.074Z
time=2026-09-10T18:51:44.068-07:00 level=WARN msg="the characterization does not find the replicas interchangeable, so a policy difference in this sweep could be host asymmetry rather than the policy" record=slo/characterization.json
time=2026-09-10T18:51:44.068-07:00 level=WARN msg="the characterization this SLO came from is flagged" reason="replica symmetry is unresolved at one or more levels: at concurrency 32, TTFT p50 spread 22.1% over the 8.0% tolerance: replica-5 at 1.292s against replica-4 at 1.058s; at concurrency 32 that spread is not resolvable: one replica varies 36.3% against itself between repetitions, wider than the 8.0% tolerance, so the difference between replicas is inside the measurement's own noise. Lengthen the probe or add repetitions rather than acting on it"
time=2026-09-10T18:51:44.068-07:00 level=WARN msg="the characterization this SLO came from is flagged" reason="4 of 36 probes flagged: still warming up: the first half of the measured window was 26% slower than the second by TTFT p50, over a 25% threshold. Lengthen the warm-up and re-run (replica-1-c32-r1, replica-3-c32-r1, replica-5-c32-r1 and 1 more)"
time=2026-09-10T18:51:44.068-07:00 level=INFO msg="sampling GPUs for contamination" gpus=0,1,2,4,5 replica_pids="[1444040 1445268 1446515 1447757 1448958]" interval=5s
time=2026-09-10T18:51:44.069-07:00 level=INFO msg=offering workload="multiturn(sessions=922,ws=3,skew=1.4,turns=4,prompt=448t,output=64t,system=0.3x128t,branch=0.3x8fam1t,bpt=4,seed=1,usage=on)"
time=2026-09-10T18:51:44.119-07:00 level=INFO msg="router is up and running the policy these cells will name" router=http://127.0.0.1:8080 policy=prefix_affinity spill="kv>off load>2.0x" replicas=5
time=2026-09-10T18:51:44.128-07:00 level=INFO msg="fleet is up" replicas=5
time=2026-09-10T18:51:46.778-07:00 level=INFO msg="fleet warmed" replicas=5 requests_each=3
time=2026-09-10T18:51:46.778-07:00 level=INFO msg="running cell" cell=prefix_affinity-c32-r1 driver=closed_loop load="32 users" duration=5m0s
time=2026-09-10T18:56:48.040-07:00 level=INFO msg="cell complete" cell=prefix_affinity-c32-r1 driver=closed_loop requests=7187 successes=7187 dropped=0 failed=0 slo_violations=37 goodput_rps=28.4922861674003 clean=true flagged=false
time=2026-09-10T18:56:58.045-07:00 level=INFO msg="running cell" cell=prefix_affinity-c32-r2 driver=closed_loop load="32 users" duration=5m0s
time=2026-09-10T19:01:59.373-07:00 level=INFO msg="cell complete" cell=prefix_affinity-c32-r2 driver=closed_loop requests=7365 successes=7365 dropped=0 failed=0 slo_violations=8 goodput_rps=29.312866237326688 clean=true flagged=false
time=2026-09-10T19:02:09.378-07:00 level=INFO msg="running cell" cell=prefix_affinity-c32-r3 driver=closed_loop load="32 users" duration=5m0s
time=2026-09-10T19:07:11.129-07:00 level=INFO msg="cell complete" cell=prefix_affinity-c32-r3 driver=closed_loop requests=7272 successes=7272 dropped=0 failed=0 slo_violations=34 goodput_rps=28.790036490662402 clean=true flagged=false

| driver | load | rep | goodput/s | tput/s | TTFT p50 | TTFT p99 | ITL p50 | reqs | ok | dropped | failed | SLO viol | clean | flagged |
|---|---:|---:|---:|---:|---:|---:|---:|---:|---:|---:|---:|---:|:--:|:--|
| closed-loop | 32 users | 1 | 28.49 | 28.64 | 92ms | 785ms | 12ms | 7187 | 7187 | 0 | 0 | 37 | yes |  |
| closed-loop | 32 users | 2 | 29.31 | 29.34 | 91ms | 718ms | 12ms | 7365 | 7365 | 0 | 0 | 8 | yes |  |
| closed-loop | 32 users | 3 | 28.79 | 28.93 | 92ms | 778ms | 12ms | 7272 | 7272 | 0 | 0 | 34 | yes |  |
time=2026-09-10T19:07:12.190-07:00 level=INFO msg="compacted the run" requests=39872 cells=6 requests_parquet=runs/pressure/ws3-skew1.4/requests.parquet cells_parquet=runs/pressure/ws3-skew1.4/cells.parquet results=runs/pressure/ws3-skew1.4/results.md
time=2026-09-10T19:07:12.215-07:00 level=INFO msg="SLO read from the characterization rather than retyped" record=slo/characterization.json slo="TTFT < 990ms, inter-token p50 < 24ms (3x the measured floor of 329ms and 7.8ms)" measured_at=2026-09-07T07:50:38.074Z
time=2026-09-10T19:07:12.215-07:00 level=WARN msg="the characterization does not find the replicas interchangeable, so a policy difference in this sweep could be host asymmetry rather than the policy" record=slo/characterization.json
time=2026-09-10T19:07:12.215-07:00 level=WARN msg="the characterization this SLO came from is flagged" reason="replica symmetry is unresolved at one or more levels: at concurrency 32, TTFT p50 spread 22.1% over the 8.0% tolerance: replica-5 at 1.292s against replica-4 at 1.058s; at concurrency 32 that spread is not resolvable: one replica varies 36.3% against itself between repetitions, wider than the 8.0% tolerance, so the difference between replicas is inside the measurement's own noise. Lengthen the probe or add repetitions rather than acting on it"
time=2026-09-10T19:07:12.215-07:00 level=WARN msg="the characterization this SLO came from is flagged" reason="4 of 36 probes flagged: still warming up: the first half of the measured window was 26% slower than the second by TTFT p50, over a 25% threshold. Lengthen the warm-up and re-run (replica-1-c32-r1, replica-3-c32-r1, replica-5-c32-r1 and 1 more)"
time=2026-09-10T19:07:12.215-07:00 level=INFO msg="sampling GPUs for contamination" gpus=0,1,2,4,5 replica_pids="[1444040 1445268 1446515 1447757 1448958]" interval=5s
time=2026-09-10T19:07:12.215-07:00 level=INFO msg=offering workload="multiturn(sessions=2460,ws=8,skew=0,turns=4,prompt=448t,output=64t,system=0.3x128t,branch=0.3x8fam1t,bpt=4,seed=1,usage=on)"
time=2026-09-10T19:07:12.266-07:00 level=INFO msg="router is up and running the policy these cells will name" router=http://127.0.0.1:8080 policy=prefix_affinity spill="kv>off load>2.0x" replicas=5
time=2026-09-10T19:07:12.275-07:00 level=INFO msg="fleet is up" replicas=5
time=2026-09-10T19:07:14.820-07:00 level=INFO msg="fleet warmed" replicas=5 requests_each=3
time=2026-09-10T19:07:14.821-07:00 level=INFO msg="running cell" cell=prefix_affinity-c32-r1 driver=closed_loop load="32 users" duration=5m0s
time=2026-09-10T19:12:16.481-07:00 level=INFO msg="cell complete" cell=prefix_affinity-c32-r1 driver=closed_loop requests=3012 successes=3012 dropped=0 failed=0 slo_violations=383 goodput_rps=10.461513736802345 clean=true flagged=false
time=2026-09-10T19:12:26.486-07:00 level=INFO msg="running cell" cell=prefix_affinity-c32-r2 driver=closed_loop load="32 users" duration=5m0s
time=2026-09-10T19:17:28.209-07:00 level=INFO msg="cell complete" cell=prefix_affinity-c32-r2 driver=closed_loop requests=3020 successes=3020 dropped=0 failed=0 slo_violations=335 goodput_rps=10.680535499732292 clean=true flagged=false
time=2026-09-10T19:17:38.214-07:00 level=INFO msg="running cell" cell=prefix_affinity-c32-r3 driver=closed_loop load="32 users" duration=5m0s
time=2026-09-10T19:22:39.320-07:00 level=INFO msg="cell complete" cell=prefix_affinity-c32-r3 driver=closed_loop requests=3017 successes=3017 dropped=0 failed=0 slo_violations=334 goodput_rps=10.697354659874357 clean=true flagged=false

| driver | load | rep | goodput/s | tput/s | TTFT p50 | TTFT p99 | ITL p50 | reqs | ok | dropped | failed | SLO viol | clean | flagged |
|---|---:|---:|---:|---:|---:|---:|---:|---:|---:|---:|---:|---:|:--:|:--|
| closed-loop | 32 users | 1 | 10.46 | 11.99 | 439ms | 1551ms | 13ms | 3012 | 3012 | 0 | 0 | 383 | yes |  |
| closed-loop | 32 users | 2 | 10.68 | 12.01 | 437ms | 1495ms | 13ms | 3020 | 3020 | 0 | 0 | 335 | yes |  |
| closed-loop | 32 users | 3 | 10.70 | 12.03 | 434ms | 1578ms | 13ms | 3017 | 3017 | 0 | 0 | 334 | yes |  |
time=2026-09-10T19:22:39.949-07:00 level=INFO msg="compacted the run" requests=20412 cells=6 requests_parquet=runs/pressure/ws8-skew0/requests.parquet cells_parquet=runs/pressure/ws8-skew0/cells.parquet results=runs/pressure/ws8-skew0/results.md
time=2026-09-10T19:22:39.970-07:00 level=INFO msg="SLO read from the characterization rather than retyped" record=slo/characterization.json slo="TTFT < 990ms, inter-token p50 < 24ms (3x the measured floor of 329ms and 7.8ms)" measured_at=2026-09-07T07:50:38.074Z
time=2026-09-10T19:22:39.971-07:00 level=WARN msg="the characterization does not find the replicas interchangeable, so a policy difference in this sweep could be host asymmetry rather than the policy" record=slo/characterization.json
time=2026-09-10T19:22:39.971-07:00 level=WARN msg="the characterization this SLO came from is flagged" reason="replica symmetry is unresolved at one or more levels: at concurrency 32, TTFT p50 spread 22.1% over the 8.0% tolerance: replica-5 at 1.292s against replica-4 at 1.058s; at concurrency 32 that spread is not resolvable: one replica varies 36.3% against itself between repetitions, wider than the 8.0% tolerance, so the difference between replicas is inside the measurement's own noise. Lengthen the probe or add repetitions rather than acting on it"
time=2026-09-10T19:22:39.971-07:00 level=WARN msg="the characterization this SLO came from is flagged" reason="4 of 36 probes flagged: still warming up: the first half of the measured window was 26% slower than the second by TTFT p50, over a 25% threshold. Lengthen the warm-up and re-run (replica-1-c32-r1, replica-3-c32-r1, replica-5-c32-r1 and 1 more)"
time=2026-09-10T19:22:39.971-07:00 level=INFO msg="sampling GPUs for contamination" gpus=0,1,2,4,5 replica_pids="[1444040 1445268 1446515 1447757 1448958]" interval=5s
time=2026-09-10T19:22:39.971-07:00 level=INFO msg=offering workload="multiturn(sessions=2460,ws=8,skew=1,turns=4,prompt=448t,output=64t,system=0.3x128t,branch=0.3x8fam1t,bpt=4,seed=1,usage=on)"
time=2026-09-10T19:22:40.029-07:00 level=INFO msg="router is up and running the policy these cells will name" router=http://127.0.0.1:8080 policy=prefix_affinity spill="kv>off load>2.0x" replicas=5
time=2026-09-10T19:22:40.039-07:00 level=INFO msg="fleet is up" replicas=5
time=2026-09-10T19:22:42.717-07:00 level=INFO msg="fleet warmed" replicas=5 requests_each=3
time=2026-09-10T19:22:42.718-07:00 level=INFO msg="running cell" cell=prefix_affinity-c32-r1 driver=closed_loop load="32 users" duration=5m0s
time=2026-09-10T19:27:44.302-07:00 level=INFO msg="cell complete" cell=prefix_affinity-c32-r1 driver=closed_loop requests=4462 successes=4462 dropped=0 failed=0 slo_violations=240 goodput_rps=16.812448452032292 clean=true flagged=false
time=2026-09-10T19:27:54.307-07:00 level=INFO msg="running cell" cell=prefix_affinity-c32-r2 driver=closed_loop load="32 users" duration=5m0s
time=2026-09-10T19:32:55.804-07:00 level=INFO msg="cell complete" cell=prefix_affinity-c32-r2 driver=closed_loop requests=4467 successes=4467 dropped=0 failed=0 slo_violations=185 goodput_rps=17.045904029345557 clean=true flagged=false
time=2026-09-10T19:33:05.809-07:00 level=INFO msg="running cell" cell=prefix_affinity-c32-r3 driver=closed_loop load="32 users" duration=5m0s
time=2026-09-10T19:38:08.756-07:00 level=INFO msg="cell complete" cell=prefix_affinity-c32-r3 driver=closed_loop requests=4450 successes=4450 dropped=0 failed=0 slo_violations=178 goodput_rps=16.90845110114666 clean=true flagged=false

| driver | load | rep | goodput/s | tput/s | TTFT p50 | TTFT p99 | ITL p50 | reqs | ok | dropped | failed | SLO viol | clean | flagged |
|---|---:|---:|---:|---:|---:|---:|---:|---:|---:|---:|---:|---:|:--:|:--|
| closed-loop | 32 users | 1 | 16.81 | 17.77 | 373ms | 1460ms | 12ms | 4462 | 4462 | 0 | 0 | 240 | yes |  |
| closed-loop | 32 users | 2 | 17.05 | 17.78 | 375ms | 1412ms | 12ms | 4467 | 4467 | 0 | 0 | 185 | yes |  |
| closed-loop | 32 users | 3 | 16.91 | 17.61 | 370ms | 1371ms | 12ms | 4450 | 4450 | 0 | 0 | 178 | yes |  |
time=2026-09-10T19:38:09.582-07:00 level=INFO msg="compacted the run" requests=29211 cells=6 requests_parquet=runs/pressure/ws8-skew1/requests.parquet cells_parquet=runs/pressure/ws8-skew1/cells.parquet results=runs/pressure/ws8-skew1/results.md
time=2026-09-10T19:38:09.608-07:00 level=INFO msg="SLO read from the characterization rather than retyped" record=slo/characterization.json slo="TTFT < 990ms, inter-token p50 < 24ms (3x the measured floor of 329ms and 7.8ms)" measured_at=2026-09-07T07:50:38.074Z
time=2026-09-10T19:38:09.608-07:00 level=WARN msg="the characterization does not find the replicas interchangeable, so a policy difference in this sweep could be host asymmetry rather than the policy" record=slo/characterization.json
time=2026-09-10T19:38:09.608-07:00 level=WARN msg="the characterization this SLO came from is flagged" reason="replica symmetry is unresolved at one or more levels: at concurrency 32, TTFT p50 spread 22.1% over the 8.0% tolerance: replica-5 at 1.292s against replica-4 at 1.058s; at concurrency 32 that spread is not resolvable: one replica varies 36.3% against itself between repetitions, wider than the 8.0% tolerance, so the difference between replicas is inside the measurement's own noise. Lengthen the probe or add repetitions rather than acting on it"
time=2026-09-10T19:38:09.608-07:00 level=WARN msg="the characterization this SLO came from is flagged" reason="4 of 36 probes flagged: still warming up: the first half of the measured window was 26% slower than the second by TTFT p50, over a 25% threshold. Lengthen the warm-up and re-run (replica-1-c32-r1, replica-3-c32-r1, replica-5-c32-r1 and 1 more)"
time=2026-09-10T19:38:09.608-07:00 level=INFO msg="sampling GPUs for contamination" gpus=0,1,2,4,5 replica_pids="[1444040 1445268 1446515 1447757 1448958]" interval=5s
time=2026-09-10T19:38:09.609-07:00 level=INFO msg=offering workload="multiturn(sessions=2460,ws=8,skew=1.4,turns=4,prompt=448t,output=64t,system=0.3x128t,branch=0.3x8fam1t,bpt=4,seed=1,usage=on)"
time=2026-09-10T19:38:09.671-07:00 level=INFO msg="router is up and running the policy these cells will name" router=http://127.0.0.1:8080 policy=prefix_affinity spill="kv>off load>2.0x" replicas=5
time=2026-09-10T19:38:09.680-07:00 level=INFO msg="fleet is up" replicas=5
time=2026-09-10T19:38:12.284-07:00 level=INFO msg="fleet warmed" replicas=5 requests_each=3
time=2026-09-10T19:38:12.284-07:00 level=INFO msg="running cell" cell=prefix_affinity-c32-r1 driver=closed_loop load="32 users" duration=5m0s
time=2026-09-10T19:43:13.660-07:00 level=INFO msg="cell complete" cell=prefix_affinity-c32-r1 driver=closed_loop requests=7116 successes=7116 dropped=0 failed=0 slo_violations=18 goodput_rps=28.274378848637852 clean=true flagged=false
time=2026-09-10T19:43:23.665-07:00 level=INFO msg="running cell" cell=prefix_affinity-c32-r2 driver=closed_loop load="32 users" duration=5m0s
time=2026-09-10T19:48:24.793-07:00 level=INFO msg="cell complete" cell=prefix_affinity-c32-r2 driver=closed_loop requests=6975 successes=6975 dropped=0 failed=0 slo_violations=23 goodput_rps=27.729764166006742 clean=true flagged=false
time=2026-09-10T19:48:34.798-07:00 level=INFO msg="running cell" cell=prefix_affinity-c32-r3 driver=closed_loop load="32 users" duration=5m0s
time=2026-09-10T19:53:36.029-07:00 level=INFO msg="cell complete" cell=prefix_affinity-c32-r3 driver=closed_loop requests=7078 successes=7078 dropped=0 failed=0 slo_violations=43 goodput_rps=28.041518838980558 clean=true flagged=false

| driver | load | rep | goodput/s | tput/s | TTFT p50 | TTFT p99 | ITL p50 | reqs | ok | dropped | failed | SLO viol | clean | flagged |
|---|---:|---:|---:|---:|---:|---:|---:|---:|---:|---:|---:|---:|:--:|:--|
| closed-loop | 32 users | 1 | 28.27 | 28.35 | 93ms | 764ms | 12ms | 7116 | 7116 | 0 | 0 | 18 | yes |  |
| closed-loop | 32 users | 2 | 27.73 | 27.82 | 93ms | 783ms | 12ms | 6975 | 6975 | 0 | 0 | 23 | yes |  |
| closed-loop | 32 users | 3 | 28.04 | 28.21 | 95ms | 847ms | 12ms | 7078 | 7078 | 0 | 0 | 43 | yes |  |
time=2026-09-10T19:53:37.236-07:00 level=INFO msg="compacted the run" requests=40027 cells=6 requests_parquet=runs/pressure/ws8-skew1.4/requests.parquet cells_parquet=runs/pressure/ws8-skew1.4/cells.parquet results=runs/pressure/ws8-skew1.4/results.md
stopping replica-5 (PID 1448958)
stopping replica-4 (PID 1447757)
stopping replica-2 (PID 1446515)
stopping replica-1 (PID 1445268)
stopping replica-0 (PID 1444040)
preflight: 5 GPUs clean, all below 256 MiB
starting replica-0 on GPU 0, port 8000, vLLM 0.28.0, quantization awq_marlin, linear backend marlin
replica-0 is up: http://127.0.0.1:8000 (PID 1499439)
fleet: settling for 15s before the next replica
starting replica-1 on GPU 1, port 8001, vLLM 0.28.0, quantization awq_marlin, linear backend marlin
replica-1 is up: http://127.0.0.1:8001 (PID 1500629)
fleet: settling for 15s before the next replica
starting replica-2 on GPU 2, port 8002, vLLM 0.28.0, quantization awq_marlin, linear backend marlin
replica-2 is up: http://127.0.0.1:8002 (PID 1501863)
fleet: settling for 15s before the next replica
starting replica-4 on GPU 4, port 8004, vLLM 0.28.0, quantization awq_marlin, linear backend marlin
replica-4 is up: http://127.0.0.1:8004 (PID 1503026)
fleet: settling for 15s before the next replica
starting replica-5 on GPU 5, port 8005, vLLM 0.28.0, quantization awq_marlin, linear backend marlin
replica-5 is up: http://127.0.0.1:8005 (PID 1504263)
fleet: 5 replicas up on GPUs 0 1 2 4 5
replica-0=http://127.0.0.1:8000,replica-1=http://127.0.0.1:8001,replica-2=http://127.0.0.1:8002,replica-4=http://127.0.0.1:8004,replica-5=http://127.0.0.1:8005
time=2026-09-10T19:59:11.161-07:00 level=INFO msg="SLO read from the characterization rather than retyped" record=slo/characterization.json slo="TTFT < 990ms, inter-token p50 < 24ms (3x the measured floor of 329ms and 7.8ms)" measured_at=2026-09-07T07:50:38.074Z
time=2026-09-10T19:59:11.161-07:00 level=WARN msg="the characterization does not find the replicas interchangeable, so a policy difference in this sweep could be host asymmetry rather than the policy" record=slo/characterization.json
time=2026-09-10T19:59:11.161-07:00 level=WARN msg="the characterization this SLO came from is flagged" reason="replica symmetry is unresolved at one or more levels: at concurrency 32, TTFT p50 spread 22.1% over the 8.0% tolerance: replica-5 at 1.292s against replica-4 at 1.058s; at concurrency 32 that spread is not resolvable: one replica varies 36.3% against itself between repetitions, wider than the 8.0% tolerance, so the difference between replicas is inside the measurement's own noise. Lengthen the probe or add repetitions rather than acting on it"
time=2026-09-10T19:59:11.161-07:00 level=WARN msg="the characterization this SLO came from is flagged" reason="4 of 36 probes flagged: still warming up: the first half of the measured window was 26% slower than the second by TTFT p50, over a 25% threshold. Lengthen the warm-up and re-run (replica-1-c32-r1, replica-3-c32-r1, replica-5-c32-r1 and 1 more)"
time=2026-09-10T19:59:11.161-07:00 level=INFO msg="sampling GPUs for contamination" gpus=0,1,2,4,5 replica_pids="[1499439 1500629 1501863 1503026 1504263]" interval=5s
time=2026-09-10T19:59:11.162-07:00 level=INFO msg=offering workload="multiturn(sessions=76,ws=0.25,skew=0,turns=4,prompt=448t,output=64t,system=0.3x128t,branch=0.3x8fam1t,bpt=4,seed=1,usage=on)"
time=2026-09-10T19:59:11.164-07:00 level=INFO msg="router is up and running the policy these cells will name" router=http://127.0.0.1:8080 policy=round_robin spill=off replicas=5
time=2026-09-10T19:59:11.176-07:00 level=INFO msg="fleet is up" replicas=5
time=2026-09-10T19:59:13.850-07:00 level=INFO msg="fleet warmed" replicas=5 requests_each=3
time=2026-09-10T19:59:13.850-07:00 level=INFO msg="running cell" cell=round_robin-c32-r1 driver=closed_loop load="32 users" duration=5m0s
time=2026-09-10T20:04:16.205-07:00 level=INFO msg="cell complete" cell=round_robin-c32-r1 driver=closed_loop requests=2086 successes=2086 dropped=0 failed=0 slo_violations=719 goodput_rps=5.4200266015292575 clean=true flagged=false
time=2026-09-10T20:04:26.210-07:00 level=INFO msg="running cell" cell=round_robin-c32-r2 driver=closed_loop load="32 users" duration=5m0s
time=2026-09-10T20:09:28.862-07:00 level=INFO msg="cell complete" cell=round_robin-c32-r2 driver=closed_loop requests=2146 successes=2146 dropped=0 failed=0 slo_violations=784 goodput_rps=5.398025491758682 clean=true flagged=false
time=2026-09-10T20:09:38.867-07:00 level=INFO msg="running cell" cell=round_robin-c32-r3 driver=closed_loop load="32 users" duration=5m0s
time=2026-09-10T20:14:41.421-07:00 level=INFO msg="cell complete" cell=round_robin-c32-r3 driver=closed_loop requests=2039 successes=2039 dropped=0 failed=0 slo_violations=760 goodput_rps=5.071472208427153 clean=true flagged=false

| driver | load | rep | goodput/s | tput/s | TTFT p50 | TTFT p99 | ITL p50 | reqs | ok | dropped | failed | SLO viol | clean | flagged |
|---|---:|---:|---:|---:|---:|---:|---:|---:|---:|---:|---:|---:|:--:|:--|
| closed-loop | 32 users | 1 | 5.42 | 8.27 | 508ms | 3842ms | 12ms | 2086 | 2086 | 0 | 0 | 719 | yes |  |
| closed-loop | 32 users | 2 | 5.40 | 8.51 | 555ms | 3195ms | 12ms | 2146 | 2146 | 0 | 0 | 784 | yes |  |
| closed-loop | 32 users | 3 | 5.07 | 8.09 | 636ms | 3953ms | 12ms | 2039 | 2039 | 0 | 0 | 760 | yes |  |
time=2026-09-10T20:14:43.163-07:00 level=INFO msg="compacted the run" requests=64530 cells=9 requests_parquet=runs/pressure/ws0.25-skew0/requests.parquet cells_parquet=runs/pressure/ws0.25-skew0/cells.parquet results=runs/pressure/ws0.25-skew0/results.md
time=2026-09-10T20:14:43.190-07:00 level=INFO msg="SLO read from the characterization rather than retyped" record=slo/characterization.json slo="TTFT < 990ms, inter-token p50 < 24ms (3x the measured floor of 329ms and 7.8ms)" measured_at=2026-09-07T07:50:38.074Z
time=2026-09-10T20:14:43.190-07:00 level=WARN msg="the characterization does not find the replicas interchangeable, so a policy difference in this sweep could be host asymmetry rather than the policy" record=slo/characterization.json
time=2026-09-10T20:14:43.190-07:00 level=WARN msg="the characterization this SLO came from is flagged" reason="replica symmetry is unresolved at one or more levels: at concurrency 32, TTFT p50 spread 22.1% over the 8.0% tolerance: replica-5 at 1.292s against replica-4 at 1.058s; at concurrency 32 that spread is not resolvable: one replica varies 36.3% against itself between repetitions, wider than the 8.0% tolerance, so the difference between replicas is inside the measurement's own noise. Lengthen the probe or add repetitions rather than acting on it"
time=2026-09-10T20:14:43.190-07:00 level=WARN msg="the characterization this SLO came from is flagged" reason="4 of 36 probes flagged: still warming up: the first half of the measured window was 26% slower than the second by TTFT p50, over a 25% threshold. Lengthen the warm-up and re-run (replica-1-c32-r1, replica-3-c32-r1, replica-5-c32-r1 and 1 more)"
time=2026-09-10T20:14:43.190-07:00 level=INFO msg="sampling GPUs for contamination" gpus=0,1,2,4,5 replica_pids="[1499439 1500629 1501863 1503026 1504263]" interval=5s
time=2026-09-10T20:14:43.191-07:00 level=INFO msg=offering workload="multiturn(sessions=76,ws=0.25,skew=1,turns=4,prompt=448t,output=64t,system=0.3x128t,branch=0.3x8fam1t,bpt=4,seed=1,usage=on)"
time=2026-09-10T20:14:43.194-07:00 level=INFO msg="router is up and running the policy these cells will name" router=http://127.0.0.1:8080 policy=round_robin spill=off replicas=5
time=2026-09-10T20:14:43.204-07:00 level=INFO msg="fleet is up" replicas=5
time=2026-09-10T20:14:45.731-07:00 level=INFO msg="fleet warmed" replicas=5 requests_each=3
time=2026-09-10T20:14:45.732-07:00 level=INFO msg="running cell" cell=round_robin-c32-r1 driver=closed_loop load="32 users" duration=5m0s
time=2026-09-10T20:19:47.532-07:00 level=INFO msg="cell complete" cell=round_robin-c32-r1 driver=closed_loop requests=3336 successes=3336 dropped=0 failed=0 slo_violations=808 goodput_rps=10.056888361399613 clean=true flagged=false
time=2026-09-10T20:19:57.534-07:00 level=INFO msg="running cell" cell=round_robin-c32-r2 driver=closed_loop load="32 users" duration=5m0s
time=2026-09-10T20:24:59.874-07:00 level=INFO msg="cell complete" cell=round_robin-c32-r2 driver=closed_loop requests=3347 successes=3347 dropped=0 failed=0 slo_violations=858 goodput_rps=9.873679076495057 clean=true flagged=false
time=2026-09-10T20:25:09.879-07:00 level=INFO msg="running cell" cell=round_robin-c32-r3 driver=closed_loop load="32 users" duration=5m0s
time=2026-09-10T20:30:12.360-07:00 level=INFO msg="cell complete" cell=round_robin-c32-r3 driver=closed_loop requests=3308 successes=3308 dropped=0 failed=0 slo_violations=795 goodput_rps=9.963562380513196 clean=true flagged=false

| driver | load | rep | goodput/s | tput/s | TTFT p50 | TTFT p99 | ITL p50 | reqs | ok | dropped | failed | SLO viol | clean | flagged |
|---|---:|---:|---:|---:|---:|---:|---:|---:|---:|---:|---:|---:|:--:|:--|
| closed-loop | 32 users | 1 | 10.06 | 13.27 | 307ms | 2939ms | 12ms | 3336 | 3336 | 0 | 0 | 808 | yes |  |
| closed-loop | 32 users | 2 | 9.87 | 13.28 | 326ms | 3014ms | 12ms | 3347 | 3347 | 0 | 0 | 858 | yes |  |
| closed-loop | 32 users | 3 | 9.96 | 13.12 | 324ms | 2549ms | 12ms | 3308 | 3308 | 0 | 0 | 795 | yes |  |
time=2026-09-10T20:30:14.032-07:00 level=INFO msg="compacted the run" requests=60590 cells=9 requests_parquet=runs/pressure/ws0.25-skew1/requests.parquet cells_parquet=runs/pressure/ws0.25-skew1/cells.parquet results=runs/pressure/ws0.25-skew1/results.md
time=2026-09-10T20:30:14.058-07:00 level=INFO msg="SLO read from the characterization rather than retyped" record=slo/characterization.json slo="TTFT < 990ms, inter-token p50 < 24ms (3x the measured floor of 329ms and 7.8ms)" measured_at=2026-09-07T07:50:38.074Z
time=2026-09-10T20:30:14.058-07:00 level=WARN msg="the characterization does not find the replicas interchangeable, so a policy difference in this sweep could be host asymmetry rather than the policy" record=slo/characterization.json
time=2026-09-10T20:30:14.058-07:00 level=WARN msg="the characterization this SLO came from is flagged" reason="replica symmetry is unresolved at one or more levels: at concurrency 32, TTFT p50 spread 22.1% over the 8.0% tolerance: replica-5 at 1.292s against replica-4 at 1.058s; at concurrency 32 that spread is not resolvable: one replica varies 36.3% against itself between repetitions, wider than the 8.0% tolerance, so the difference between replicas is inside the measurement's own noise. Lengthen the probe or add repetitions rather than acting on it"
time=2026-09-10T20:30:14.058-07:00 level=WARN msg="the characterization this SLO came from is flagged" reason="4 of 36 probes flagged: still warming up: the first half of the measured window was 26% slower than the second by TTFT p50, over a 25% threshold. Lengthen the warm-up and re-run (replica-1-c32-r1, replica-3-c32-r1, replica-5-c32-r1 and 1 more)"
time=2026-09-10T20:30:14.059-07:00 level=INFO msg="sampling GPUs for contamination" gpus=0,1,2,4,5 replica_pids="[1499439 1500629 1501863 1503026 1504263]" interval=5s
time=2026-09-10T20:30:14.059-07:00 level=INFO msg=offering workload="multiturn(sessions=76,ws=0.25,skew=1.4,turns=4,prompt=448t,output=64t,system=0.3x128t,branch=0.3x8fam1t,bpt=4,seed=1,usage=on)"
time=2026-09-10T20:30:14.065-07:00 level=INFO msg="router is up and running the policy these cells will name" router=http://127.0.0.1:8080 policy=round_robin spill=off replicas=5
time=2026-09-10T20:30:14.075-07:00 level=INFO msg="fleet is up" replicas=5
time=2026-09-10T20:30:16.655-07:00 level=INFO msg="fleet warmed" replicas=5 requests_each=3
time=2026-09-10T20:30:16.656-07:00 level=INFO msg="running cell" cell=round_robin-c32-r1 driver=closed_loop load="32 users" duration=5m0s
time=2026-09-10T20:35:18.399-07:00 level=INFO msg="cell complete" cell=round_robin-c32-r1 driver=closed_loop requests=4897 successes=4897 dropped=0 failed=0 slo_violations=730 goodput_rps=16.57456100040429 clean=true flagged=false
time=2026-09-10T20:35:28.404-07:00 level=INFO msg="running cell" cell=round_robin-c32-r2 driver=closed_loop load="32 users" duration=5m0s
time=2026-09-10T20:40:29.417-07:00 level=INFO msg="cell complete" cell=round_robin-c32-r2 driver=closed_loop requests=4864 successes=4864 dropped=0 failed=0 slo_violations=784 goodput_rps=16.27046026365976 clean=true flagged=false
time=2026-09-10T20:40:39.423-07:00 level=INFO msg="running cell" cell=round_robin-c32-r3 driver=closed_loop load="32 users" duration=5m0s
time=2026-09-10T20:45:41.336-07:00 level=INFO msg="cell complete" cell=round_robin-c32-r3 driver=closed_loop requests=4797 successes=4797 dropped=0 failed=0 slo_violations=760 goodput_rps=16.0416582194988 clean=true flagged=false

| driver | load | rep | goodput/s | tput/s | TTFT p50 | TTFT p99 | ITL p50 | reqs | ok | dropped | failed | SLO viol | clean | flagged |
|---|---:|---:|---:|---:|---:|---:|---:|---:|---:|---:|---:|---:|:--:|:--|
| closed-loop | 32 users | 1 | 16.57 | 19.48 | 92ms | 2301ms | 12ms | 4897 | 4897 | 0 | 0 | 730 | yes |  |
| closed-loop | 32 users | 2 | 16.27 | 19.40 | 95ms | 1894ms | 12ms | 4864 | 4864 | 0 | 0 | 784 | yes |  |
| closed-loop | 32 users | 3 | 16.04 | 19.06 | 92ms | 2328ms | 12ms | 4797 | 4797 | 0 | 0 | 760 | yes |  |
time=2026-09-10T20:45:43.080-07:00 level=INFO msg="compacted the run" requests=64169 cells=9 requests_parquet=runs/pressure/ws0.25-skew1.4/requests.parquet cells_parquet=runs/pressure/ws0.25-skew1.4/cells.parquet results=runs/pressure/ws0.25-skew1.4/results.md
time=2026-09-10T20:45:43.107-07:00 level=INFO msg="SLO read from the characterization rather than retyped" record=slo/characterization.json slo="TTFT < 990ms, inter-token p50 < 24ms (3x the measured floor of 329ms and 7.8ms)" measured_at=2026-09-07T07:50:38.074Z
time=2026-09-10T20:45:43.107-07:00 level=WARN msg="the characterization does not find the replicas interchangeable, so a policy difference in this sweep could be host asymmetry rather than the policy" record=slo/characterization.json
time=2026-09-10T20:45:43.107-07:00 level=WARN msg="the characterization this SLO came from is flagged" reason="replica symmetry is unresolved at one or more levels: at concurrency 32, TTFT p50 spread 22.1% over the 8.0% tolerance: replica-5 at 1.292s against replica-4 at 1.058s; at concurrency 32 that spread is not resolvable: one replica varies 36.3% against itself between repetitions, wider than the 8.0% tolerance, so the difference between replicas is inside the measurement's own noise. Lengthen the probe or add repetitions rather than acting on it"
time=2026-09-10T20:45:43.107-07:00 level=WARN msg="the characterization this SLO came from is flagged" reason="4 of 36 probes flagged: still warming up: the first half of the measured window was 26% slower than the second by TTFT p50, over a 25% threshold. Lengthen the warm-up and re-run (replica-1-c32-r1, replica-3-c32-r1, replica-5-c32-r1 and 1 more)"
time=2026-09-10T20:45:43.108-07:00 level=INFO msg="sampling GPUs for contamination" gpus=0,1,2,4,5 replica_pids="[1499439 1500629 1501863 1503026 1504263]" interval=5s
time=2026-09-10T20:45:43.108-07:00 level=INFO msg=offering workload="multiturn(sessions=307,ws=1,skew=0,turns=4,prompt=448t,output=64t,system=0.3x128t,branch=0.3x8fam1t,bpt=4,seed=1,usage=on)"
time=2026-09-10T20:45:43.121-07:00 level=INFO msg="router is up and running the policy these cells will name" router=http://127.0.0.1:8080 policy=round_robin spill=off replicas=5
time=2026-09-10T20:45:43.130-07:00 level=INFO msg="fleet is up" replicas=5
time=2026-09-10T20:45:45.692-07:00 level=INFO msg="fleet warmed" replicas=5 requests_each=3
time=2026-09-10T20:45:45.692-07:00 level=INFO msg="running cell" cell=round_robin-c32-r1 driver=closed_loop load="32 users" duration=5m0s
time=2026-09-10T20:50:48.415-07:00 level=INFO msg="cell complete" cell=round_robin-c32-r1 driver=closed_loop requests=1581 successes=1581 dropped=0 failed=0 slo_violations=686 goodput_rps=3.547062843606549 clean=true flagged=false
time=2026-09-10T20:50:58.421-07:00 level=INFO msg="running cell" cell=round_robin-c32-r2 driver=closed_loop load="32 users" duration=5m0s
time=2026-09-10T20:56:01.600-07:00 level=INFO msg="cell complete" cell=round_robin-c32-r2 driver=closed_loop requests=1588 successes=1588 dropped=0 failed=0 slo_violations=702 goodput_rps=3.505586889490974 clean=true flagged=false
time=2026-09-10T20:56:11.605-07:00 level=INFO msg="running cell" cell=round_robin-c32-r3 driver=closed_loop load="32 users" duration=5m0s
time=2026-09-10T21:01:14.768-07:00 level=INFO msg="cell complete" cell=round_robin-c32-r3 driver=closed_loop requests=1584 successes=1584 dropped=0 failed=0 slo_violations=732 goodput_rps=3.3719634649753254 clean=true flagged=false

| driver | load | rep | goodput/s | tput/s | TTFT p50 | TTFT p99 | ITL p50 | reqs | ok | dropped | failed | SLO viol | clean | flagged |
|---|---:|---:|---:|---:|---:|---:|---:|---:|---:|---:|---:|---:|:--:|:--|
| closed-loop | 32 users | 1 | 3.55 | 6.27 | 741ms | 3917ms | 12ms | 1581 | 1581 | 0 | 0 | 686 | yes |  |
| closed-loop | 32 users | 2 | 3.51 | 6.28 | 742ms | 4096ms | 12ms | 1588 | 1588 | 0 | 0 | 702 | yes |  |
| closed-loop | 32 users | 3 | 3.37 | 6.27 | 774ms | 3918ms | 12ms | 1584 | 1584 | 0 | 0 | 732 | yes |  |
time=2026-09-10T21:01:15.641-07:00 level=INFO msg="compacted the run" requests=30338 cells=9 requests_parquet=runs/pressure/ws1-skew0/requests.parquet cells_parquet=runs/pressure/ws1-skew0/cells.parquet results=runs/pressure/ws1-skew0/results.md
time=2026-09-10T21:01:15.666-07:00 level=INFO msg="SLO read from the characterization rather than retyped" record=slo/characterization.json slo="TTFT < 990ms, inter-token p50 < 24ms (3x the measured floor of 329ms and 7.8ms)" measured_at=2026-09-07T07:50:38.074Z
time=2026-09-10T21:01:15.667-07:00 level=WARN msg="the characterization does not find the replicas interchangeable, so a policy difference in this sweep could be host asymmetry rather than the policy" record=slo/characterization.json
time=2026-09-10T21:01:15.667-07:00 level=WARN msg="the characterization this SLO came from is flagged" reason="replica symmetry is unresolved at one or more levels: at concurrency 32, TTFT p50 spread 22.1% over the 8.0% tolerance: replica-5 at 1.292s against replica-4 at 1.058s; at concurrency 32 that spread is not resolvable: one replica varies 36.3% against itself between repetitions, wider than the 8.0% tolerance, so the difference between replicas is inside the measurement's own noise. Lengthen the probe or add repetitions rather than acting on it"
time=2026-09-10T21:01:15.667-07:00 level=WARN msg="the characterization this SLO came from is flagged" reason="4 of 36 probes flagged: still warming up: the first half of the measured window was 26% slower than the second by TTFT p50, over a 25% threshold. Lengthen the warm-up and re-run (replica-1-c32-r1, replica-3-c32-r1, replica-5-c32-r1 and 1 more)"
time=2026-09-10T21:01:15.667-07:00 level=INFO msg="sampling GPUs for contamination" gpus=0,1,2,4,5 replica_pids="[1499439 1500629 1501863 1503026 1504263]" interval=5s
time=2026-09-10T21:01:15.668-07:00 level=INFO msg=offering workload="multiturn(sessions=307,ws=1,skew=1,turns=4,prompt=448t,output=64t,system=0.3x128t,branch=0.3x8fam1t,bpt=4,seed=1,usage=on)"
time=2026-09-10T21:01:15.680-07:00 level=INFO msg="router is up and running the policy these cells will name" router=http://127.0.0.1:8080 policy=round_robin spill=off replicas=5
time=2026-09-10T21:01:15.688-07:00 level=INFO msg="fleet is up" replicas=5
time=2026-09-10T21:01:18.230-07:00 level=INFO msg="fleet warmed" replicas=5 requests_each=3
time=2026-09-10T21:01:18.230-07:00 level=INFO msg="running cell" cell=round_robin-c32-r1 driver=closed_loop load="32 users" duration=5m0s
time=2026-09-10T21:06:19.760-07:00 level=INFO msg="cell complete" cell=round_robin-c32-r1 driver=closed_loop requests=2452 successes=2452 dropped=0 failed=0 slo_violations=840 goodput_rps=6.420030179243217 clean=true flagged=false
time=2026-09-10T21:06:29.761-07:00 level=INFO msg="running cell" cell=round_robin-c32-r2 driver=closed_loop load="32 users" duration=5m0s
time=2026-09-10T21:11:32.880-07:00 level=INFO msg="cell complete" cell=round_robin-c32-r2 driver=closed_loop requests=2457 successes=2457 dropped=0 failed=0 slo_violations=838 goodput_rps=6.405589665540946 clean=true flagged=false
time=2026-09-10T21:11:42.886-07:00 level=INFO msg="running cell" cell=round_robin-c32-r3 driver=closed_loop load="32 users" duration=5m0s
time=2026-09-10T21:16:46.840-07:00 level=INFO msg="cell complete" cell=round_robin-c32-r3 driver=closed_loop requests=2413 successes=2413 dropped=0 failed=0 slo_violations=807 goodput_rps=6.33278601291077 clean=true flagged=false

| driver | load | rep | goodput/s | tput/s | TTFT p50 | TTFT p99 | ITL p50 | reqs | ok | dropped | failed | SLO viol | clean | flagged |
|---|---:|---:|---:|---:|---:|---:|---:|---:|---:|---:|---:|---:|:--:|:--|
| closed-loop | 32 users | 1 | 6.42 | 9.77 | 490ms | 3262ms | 12ms | 2452 | 2452 | 0 | 0 | 840 | yes |  |
| closed-loop | 32 users | 2 | 6.41 | 9.72 | 467ms | 3401ms | 12ms | 2457 | 2457 | 0 | 0 | 838 | yes |  |
| closed-loop | 32 users | 3 | 6.33 | 9.51 | 454ms | 3127ms | 12ms | 2413 | 2413 | 0 | 0 | 807 | yes |  |
time=2026-09-10T21:16:48.168-07:00 level=INFO msg="compacted the run" requests=46115 cells=9 requests_parquet=runs/pressure/ws1-skew1/requests.parquet cells_parquet=runs/pressure/ws1-skew1/cells.parquet results=runs/pressure/ws1-skew1/results.md
time=2026-09-10T21:16:48.196-07:00 level=INFO msg="SLO read from the characterization rather than retyped" record=slo/characterization.json slo="TTFT < 990ms, inter-token p50 < 24ms (3x the measured floor of 329ms and 7.8ms)" measured_at=2026-09-07T07:50:38.074Z
time=2026-09-10T21:16:48.196-07:00 level=WARN msg="the characterization does not find the replicas interchangeable, so a policy difference in this sweep could be host asymmetry rather than the policy" record=slo/characterization.json
time=2026-09-10T21:16:48.196-07:00 level=WARN msg="the characterization this SLO came from is flagged" reason="replica symmetry is unresolved at one or more levels: at concurrency 32, TTFT p50 spread 22.1% over the 8.0% tolerance: replica-5 at 1.292s against replica-4 at 1.058s; at concurrency 32 that spread is not resolvable: one replica varies 36.3% against itself between repetitions, wider than the 8.0% tolerance, so the difference between replicas is inside the measurement's own noise. Lengthen the probe or add repetitions rather than acting on it"
time=2026-09-10T21:16:48.196-07:00 level=WARN msg="the characterization this SLO came from is flagged" reason="4 of 36 probes flagged: still warming up: the first half of the measured window was 26% slower than the second by TTFT p50, over a 25% threshold. Lengthen the warm-up and re-run (replica-1-c32-r1, replica-3-c32-r1, replica-5-c32-r1 and 1 more)"
time=2026-09-10T21:16:48.196-07:00 level=INFO msg="sampling GPUs for contamination" gpus=0,1,2,4,5 replica_pids="[1499439 1500629 1501863 1503026 1504263]" interval=5s
time=2026-09-10T21:16:48.197-07:00 level=INFO msg=offering workload="multiturn(sessions=307,ws=1,skew=1.4,turns=4,prompt=448t,output=64t,system=0.3x128t,branch=0.3x8fam1t,bpt=4,seed=1,usage=on)"
time=2026-09-10T21:16:48.211-07:00 level=INFO msg="router is up and running the policy these cells will name" router=http://127.0.0.1:8080 policy=round_robin spill=off replicas=5
time=2026-09-10T21:16:48.220-07:00 level=INFO msg="fleet is up" replicas=5
time=2026-09-10T21:16:50.784-07:00 level=INFO msg="fleet warmed" replicas=5 requests_each=3
time=2026-09-10T21:16:50.784-07:00 level=INFO msg="running cell" cell=round_robin-c32-r1 driver=closed_loop load="32 users" duration=5m0s
time=2026-09-10T21:21:53.189-07:00 level=INFO msg="cell complete" cell=round_robin-c32-r1 driver=closed_loop requests=3755 successes=3755 dropped=0 failed=0 slo_violations=816 goodput_rps=11.655291502190702 clean=true flagged=false
time=2026-09-10T21:22:03.194-07:00 level=INFO msg="running cell" cell=round_robin-c32-r2 driver=closed_loop load="32 users" duration=5m0s
time=2026-09-10T21:27:04.723-07:00 level=INFO msg="cell complete" cell=round_robin-c32-r2 driver=closed_loop requests=4029 successes=4029 dropped=0 failed=0 slo_violations=804 goodput_rps=12.837974186629127 clean=true flagged=false
time=2026-09-10T21:27:14.728-07:00 level=INFO msg="running cell" cell=round_robin-c32-r3 driver=closed_loop load="32 users" duration=5m0s
time=2026-09-10T21:32:17.794-07:00 level=INFO msg="cell complete" cell=round_robin-c32-r3 driver=closed_loop requests=3682 successes=3682 dropped=0 failed=0 slo_violations=845 goodput_rps=11.221975569082916 clean=true flagged=false

| driver | load | rep | goodput/s | tput/s | TTFT p50 | TTFT p99 | ITL p50 | reqs | ok | dropped | failed | SLO viol | clean | flagged |
|---|---:|---:|---:|---:|---:|---:|---:|---:|---:|---:|---:|---:|:--:|:--|
| closed-loop | 32 users | 1 | 11.66 | 14.89 | 145ms | 2490ms | 12ms | 3755 | 3755 | 0 | 0 | 816 | yes |  |
| closed-loop | 32 users | 2 | 12.84 | 16.04 | 142ms | 2429ms | 12ms | 4029 | 4029 | 0 | 0 | 804 | yes |  |
| closed-loop | 32 users | 3 | 11.22 | 14.56 | 167ms | 2907ms | 12ms | 3682 | 3682 | 0 | 0 | 845 | yes |  |
time=2026-09-10T21:32:19.413-07:00 level=INFO msg="compacted the run" requests=57646 cells=9 requests_parquet=runs/pressure/ws1-skew1.4/requests.parquet cells_parquet=runs/pressure/ws1-skew1.4/cells.parquet results=runs/pressure/ws1-skew1.4/results.md
time=2026-09-10T21:32:19.439-07:00 level=INFO msg="SLO read from the characterization rather than retyped" record=slo/characterization.json slo="TTFT < 990ms, inter-token p50 < 24ms (3x the measured floor of 329ms and 7.8ms)" measured_at=2026-09-07T07:50:38.074Z
time=2026-09-10T21:32:19.439-07:00 level=WARN msg="the characterization does not find the replicas interchangeable, so a policy difference in this sweep could be host asymmetry rather than the policy" record=slo/characterization.json
time=2026-09-10T21:32:19.439-07:00 level=WARN msg="the characterization this SLO came from is flagged" reason="replica symmetry is unresolved at one or more levels: at concurrency 32, TTFT p50 spread 22.1% over the 8.0% tolerance: replica-5 at 1.292s against replica-4 at 1.058s; at concurrency 32 that spread is not resolvable: one replica varies 36.3% against itself between repetitions, wider than the 8.0% tolerance, so the difference between replicas is inside the measurement's own noise. Lengthen the probe or add repetitions rather than acting on it"
time=2026-09-10T21:32:19.439-07:00 level=WARN msg="the characterization this SLO came from is flagged" reason="4 of 36 probes flagged: still warming up: the first half of the measured window was 26% slower than the second by TTFT p50, over a 25% threshold. Lengthen the warm-up and re-run (replica-1-c32-r1, replica-3-c32-r1, replica-5-c32-r1 and 1 more)"
time=2026-09-10T21:32:19.439-07:00 level=INFO msg="sampling GPUs for contamination" gpus=0,1,2,4,5 replica_pids="[1499439 1500629 1501863 1503026 1504263]" interval=5s
time=2026-09-10T21:32:19.440-07:00 level=INFO msg=offering workload="multiturn(sessions=922,ws=3,skew=0,turns=4,prompt=448t,output=64t,system=0.3x128t,branch=0.3x8fam1t,bpt=4,seed=1,usage=on)"
time=2026-09-10T21:32:19.458-07:00 level=INFO msg="router is up and running the policy these cells will name" router=http://127.0.0.1:8080 policy=round_robin spill=off replicas=5
time=2026-09-10T21:32:19.468-07:00 level=INFO msg="fleet is up" replicas=5
time=2026-09-10T21:32:22.101-07:00 level=INFO msg="fleet warmed" replicas=5 requests_each=3
time=2026-09-10T21:32:22.102-07:00 level=INFO msg="running cell" cell=round_robin-c32-r1 driver=closed_loop load="32 users" duration=5m0s
time=2026-09-10T21:37:24.038-07:00 level=INFO msg="cell complete" cell=round_robin-c32-r1 driver=closed_loop requests=1536 successes=1536 dropped=0 failed=0 slo_violations=741 goodput_rps=3.1610493490516083 clean=true flagged=false
time=2026-09-10T21:37:34.043-07:00 level=INFO msg="running cell" cell=round_robin-c32-r2 driver=closed_loop load="32 users" duration=5m0s
time=2026-09-10T21:42:36.345-07:00 level=INFO msg="cell complete" cell=round_robin-c32-r2 driver=closed_loop requests=1521 successes=1521 dropped=0 failed=0 slo_violations=704 goodput_rps=3.244244477459903 clean=true flagged=false
time=2026-09-10T21:42:46.350-07:00 level=INFO msg="running cell" cell=round_robin-c32-r3 driver=closed_loop load="32 users" duration=5m0s
time=2026-09-10T21:47:48.708-07:00 level=INFO msg="cell complete" cell=round_robin-c32-r3 driver=closed_loop requests=1527 successes=1527 dropped=0 failed=0 slo_violations=697 goodput_rps=3.295291628476456 clean=true flagged=false

| driver | load | rep | goodput/s | tput/s | TTFT p50 | TTFT p99 | ITL p50 | reqs | ok | dropped | failed | SLO viol | clean | flagged |
|---|---:|---:|---:|---:|---:|---:|---:|---:|---:|---:|---:|---:|:--:|:--|
| closed-loop | 32 users | 1 | 3.16 | 6.11 | 848ms | 3814ms | 12ms | 1536 | 1536 | 0 | 0 | 741 | yes |  |
| closed-loop | 32 users | 2 | 3.24 | 6.04 | 813ms | 4548ms | 12ms | 1521 | 1521 | 0 | 0 | 704 | yes |  |
| closed-loop | 32 users | 3 | 3.30 | 6.06 | 777ms | 3584ms | 12ms | 1527 | 1527 | 0 | 0 | 697 | yes |  |
time=2026-09-10T21:47:49.454-07:00 level=INFO msg="compacted the run" requests=26860 cells=9 requests_parquet=runs/pressure/ws3-skew0/requests.parquet cells_parquet=runs/pressure/ws3-skew0/cells.parquet results=runs/pressure/ws3-skew0/results.md
time=2026-09-10T21:47:49.477-07:00 level=INFO msg="SLO read from the characterization rather than retyped" record=slo/characterization.json slo="TTFT < 990ms, inter-token p50 < 24ms (3x the measured floor of 329ms and 7.8ms)" measured_at=2026-09-07T07:50:38.074Z
time=2026-09-10T21:47:49.477-07:00 level=WARN msg="the characterization does not find the replicas interchangeable, so a policy difference in this sweep could be host asymmetry rather than the policy" record=slo/characterization.json
time=2026-09-10T21:47:49.477-07:00 level=WARN msg="the characterization this SLO came from is flagged" reason="replica symmetry is unresolved at one or more levels: at concurrency 32, TTFT p50 spread 22.1% over the 8.0% tolerance: replica-5 at 1.292s against replica-4 at 1.058s; at concurrency 32 that spread is not resolvable: one replica varies 36.3% against itself between repetitions, wider than the 8.0% tolerance, so the difference between replicas is inside the measurement's own noise. Lengthen the probe or add repetitions rather than acting on it"
time=2026-09-10T21:47:49.477-07:00 level=WARN msg="the characterization this SLO came from is flagged" reason="4 of 36 probes flagged: still warming up: the first half of the measured window was 26% slower than the second by TTFT p50, over a 25% threshold. Lengthen the warm-up and re-run (replica-1-c32-r1, replica-3-c32-r1, replica-5-c32-r1 and 1 more)"
time=2026-09-10T21:47:49.478-07:00 level=INFO msg="sampling GPUs for contamination" gpus=0,1,2,4,5 replica_pids="[1499439 1500629 1501863 1503026 1504263]" interval=5s
time=2026-09-10T21:47:49.478-07:00 level=INFO msg=offering workload="multiturn(sessions=922,ws=3,skew=1,turns=4,prompt=448t,output=64t,system=0.3x128t,branch=0.3x8fam1t,bpt=4,seed=1,usage=on)"
time=2026-09-10T21:47:49.498-07:00 level=INFO msg="router is up and running the policy these cells will name" router=http://127.0.0.1:8080 policy=round_robin spill=off replicas=5
time=2026-09-10T21:47:49.507-07:00 level=INFO msg="fleet is up" replicas=5
time=2026-09-10T21:47:52.187-07:00 level=INFO msg="fleet warmed" replicas=5 requests_each=3
time=2026-09-10T21:47:52.187-07:00 level=INFO msg="running cell" cell=round_robin-c32-r1 driver=closed_loop load="32 users" duration=5m0s
time=2026-09-10T21:52:56.728-07:00 level=INFO msg="cell complete" cell=round_robin-c32-r1 driver=closed_loop requests=2080 successes=2080 dropped=0 failed=0 slo_violations=787 goodput_rps=5.084606129717822 clean=true flagged=false
time=2026-09-10T21:53:06.733-07:00 level=INFO msg="running cell" cell=round_robin-c32-r2 driver=closed_loop load="32 users" duration=5m0s
time=2026-09-10T21:58:09.032-07:00 level=INFO msg="cell complete" cell=round_robin-c32-r2 driver=closed_loop requests=2103 successes=2103 dropped=0 failed=0 slo_violations=807 goodput_rps=5.146896656900984 clean=true flagged=false
time=2026-09-10T21:58:19.037-07:00 level=INFO msg="running cell" cell=round_robin-c32-r3 driver=closed_loop load="32 users" duration=5m0s
time=2026-09-10T22:03:21.245-07:00 level=INFO msg="cell complete" cell=round_robin-c32-r3 driver=closed_loop requests=2151 successes=2151 dropped=0 failed=0 slo_violations=821 goodput_rps=5.283388164626954 clean=true flagged=false

| driver | load | rep | goodput/s | tput/s | TTFT p50 | TTFT p99 | ITL p50 | reqs | ok | dropped | failed | SLO viol | clean | flagged |
|---|---:|---:|---:|---:|---:|---:|---:|---:|---:|---:|---:|---:|:--:|:--|
| closed-loop | 32 users | 1 | 5.08 | 8.18 | 619ms | 3501ms | 12ms | 2080 | 2080 | 0 | 0 | 787 | yes |  |
| closed-loop | 32 users | 2 | 5.15 | 8.35 | 619ms | 3426ms | 12ms | 2103 | 2103 | 0 | 0 | 807 | yes |  |
| closed-loop | 32 users | 3 | 5.28 | 8.54 | 591ms | 3231ms | 12ms | 2151 | 2151 | 0 | 0 | 821 | yes |  |
time=2026-09-10T22:03:22.388-07:00 level=INFO msg="compacted the run" requests=38857 cells=9 requests_parquet=runs/pressure/ws3-skew1/requests.parquet cells_parquet=runs/pressure/ws3-skew1/cells.parquet results=runs/pressure/ws3-skew1/results.md
time=2026-09-10T22:03:22.415-07:00 level=INFO msg="SLO read from the characterization rather than retyped" record=slo/characterization.json slo="TTFT < 990ms, inter-token p50 < 24ms (3x the measured floor of 329ms and 7.8ms)" measured_at=2026-09-07T07:50:38.074Z
time=2026-09-10T22:03:22.416-07:00 level=WARN msg="the characterization does not find the replicas interchangeable, so a policy difference in this sweep could be host asymmetry rather than the policy" record=slo/characterization.json
time=2026-09-10T22:03:22.416-07:00 level=WARN msg="the characterization this SLO came from is flagged" reason="replica symmetry is unresolved at one or more levels: at concurrency 32, TTFT p50 spread 22.1% over the 8.0% tolerance: replica-5 at 1.292s against replica-4 at 1.058s; at concurrency 32 that spread is not resolvable: one replica varies 36.3% against itself between repetitions, wider than the 8.0% tolerance, so the difference between replicas is inside the measurement's own noise. Lengthen the probe or add repetitions rather than acting on it"
time=2026-09-10T22:03:22.416-07:00 level=WARN msg="the characterization this SLO came from is flagged" reason="4 of 36 probes flagged: still warming up: the first half of the measured window was 26% slower than the second by TTFT p50, over a 25% threshold. Lengthen the warm-up and re-run (replica-1-c32-r1, replica-3-c32-r1, replica-5-c32-r1 and 1 more)"
time=2026-09-10T22:03:22.416-07:00 level=INFO msg="sampling GPUs for contamination" gpus=0,1,2,4,5 replica_pids="[1499439 1500629 1501863 1503026 1504263]" interval=5s
time=2026-09-10T22:03:22.417-07:00 level=INFO msg=offering workload="multiturn(sessions=922,ws=3,skew=1.4,turns=4,prompt=448t,output=64t,system=0.3x128t,branch=0.3x8fam1t,bpt=4,seed=1,usage=on)"
time=2026-09-10T22:03:22.438-07:00 level=INFO msg="router is up and running the policy these cells will name" router=http://127.0.0.1:8080 policy=round_robin spill=off replicas=5
time=2026-09-10T22:03:22.447-07:00 level=INFO msg="fleet is up" replicas=5
time=2026-09-10T22:03:25.097-07:00 level=INFO msg="fleet warmed" replicas=5 requests_each=3
time=2026-09-10T22:03:25.097-07:00 level=INFO msg="running cell" cell=round_robin-c32-r1 driver=closed_loop load="32 users" duration=5m0s
time=2026-09-10T22:08:26.903-07:00 level=INFO msg="cell complete" cell=round_robin-c32-r1 driver=closed_loop requests=3597 successes=3597 dropped=0 failed=0 slo_violations=866 goodput_rps=10.862149845728364 clean=true flagged=false
time=2026-09-10T22:08:36.908-07:00 level=INFO msg="running cell" cell=round_robin-c32-r2 driver=closed_loop load="32 users" duration=5m0s
time=2026-09-10T22:13:39.734-07:00 level=INFO msg="cell complete" cell=round_robin-c32-r2 driver=closed_loop requests=3574 successes=3574 dropped=0 failed=0 slo_violations=835 goodput_rps=10.8455025644958 clean=true flagged=true
time=2026-09-10T22:13:49.739-07:00 level=INFO msg="running cell" cell=round_robin-c32-r3 driver=closed_loop load="32 users" duration=5m0s
time=2026-09-10T22:18:51.328-07:00 level=INFO msg="cell complete" cell=round_robin-c32-r3 driver=closed_loop requests=3656 successes=3656 dropped=0 failed=0 slo_violations=833 goodput_rps=11.23375351497775 clean=true flagged=false

| driver | load | rep | goodput/s | tput/s | TTFT p50 | TTFT p99 | ITL p50 | reqs | ok | dropped | failed | SLO viol | clean | flagged |
|---|---:|---:|---:|---:|---:|---:|---:|---:|---:|---:|---:|---:|:--:|:--|
| closed-loop | 32 users | 1 | 10.86 | 14.31 | 216ms | 2611ms | 12ms | 3597 | 3597 | 0 | 0 | 866 | yes |  |
| closed-loop | 32 users | 2 | 10.85 | 14.15 | 231ms | 2863ms | 12ms | 3574 | 3574 | 0 | 0 | 835 | yes | **1** |
| closed-loop | 32 users | 3 | 11.23 | 14.55 | 277ms | 2678ms | 12ms | 3656 | 3656 | 0 | 0 | 833 | yes |  |

Flagged cells — these are not averaged in without being read first:

- `round_robin-c32-r2`: still warming up: the first half of the measured window was 29% slower than the second by TTFT p50, over a 25% threshold. Lengthen the warm-up and re-run
time=2026-09-10T22:18:52.760-07:00 level=INFO msg="compacted the run" requests=52518 cells=9 requests_parquet=runs/pressure/ws3-skew1.4/requests.parquet cells_parquet=runs/pressure/ws3-skew1.4/cells.parquet results=runs/pressure/ws3-skew1.4/results.md
time=2026-09-10T22:18:52.787-07:00 level=INFO msg="SLO read from the characterization rather than retyped" record=slo/characterization.json slo="TTFT < 990ms, inter-token p50 < 24ms (3x the measured floor of 329ms and 7.8ms)" measured_at=2026-09-07T07:50:38.074Z
time=2026-09-10T22:18:52.787-07:00 level=WARN msg="the characterization does not find the replicas interchangeable, so a policy difference in this sweep could be host asymmetry rather than the policy" record=slo/characterization.json
time=2026-09-10T22:18:52.787-07:00 level=WARN msg="the characterization this SLO came from is flagged" reason="replica symmetry is unresolved at one or more levels: at concurrency 32, TTFT p50 spread 22.1% over the 8.0% tolerance: replica-5 at 1.292s against replica-4 at 1.058s; at concurrency 32 that spread is not resolvable: one replica varies 36.3% against itself between repetitions, wider than the 8.0% tolerance, so the difference between replicas is inside the measurement's own noise. Lengthen the probe or add repetitions rather than acting on it"
time=2026-09-10T22:18:52.787-07:00 level=WARN msg="the characterization this SLO came from is flagged" reason="4 of 36 probes flagged: still warming up: the first half of the measured window was 26% slower than the second by TTFT p50, over a 25% threshold. Lengthen the warm-up and re-run (replica-1-c32-r1, replica-3-c32-r1, replica-5-c32-r1 and 1 more)"
time=2026-09-10T22:18:52.787-07:00 level=INFO msg="sampling GPUs for contamination" gpus=0,1,2,4,5 replica_pids="[1499439 1500629 1501863 1503026 1504263]" interval=5s
time=2026-09-10T22:18:52.788-07:00 level=INFO msg=offering workload="multiturn(sessions=2460,ws=8,skew=0,turns=4,prompt=448t,output=64t,system=0.3x128t,branch=0.3x8fam1t,bpt=4,seed=1,usage=on)"
time=2026-09-10T22:18:52.813-07:00 level=INFO msg="router is up and running the policy these cells will name" router=http://127.0.0.1:8080 policy=round_robin spill=off replicas=5
time=2026-09-10T22:18:52.822-07:00 level=INFO msg="fleet is up" replicas=5
time=2026-09-10T22:18:55.397-07:00 level=INFO msg="fleet warmed" replicas=5 requests_each=3
time=2026-09-10T22:18:55.397-07:00 level=INFO msg="running cell" cell=round_robin-c32-r1 driver=closed_loop load="32 users" duration=5m0s
time=2026-09-10T22:23:59.623-07:00 level=INFO msg="cell complete" cell=round_robin-c32-r1 driver=closed_loop requests=1490 successes=1490 dropped=0 failed=0 slo_violations=678 goodput_rps=3.197667261974202 clean=true flagged=false
time=2026-09-10T22:24:09.628-07:00 level=INFO msg="running cell" cell=round_robin-c32-r2 driver=closed_loop load="32 users" duration=5m0s
time=2026-09-10T22:29:12.159-07:00 level=INFO msg="cell complete" cell=round_robin-c32-r2 driver=closed_loop requests=1507 successes=1507 dropped=0 failed=0 slo_violations=697 goodput_rps=3.2120629686615816 clean=true flagged=false
time=2026-09-10T22:29:22.163-07:00 level=INFO msg="running cell" cell=round_robin-c32-r3 driver=closed_loop load="32 users" duration=5m0s
time=2026-09-10T22:34:25.388-07:00 level=INFO msg="cell complete" cell=round_robin-c32-r3 driver=closed_loop requests=1468 successes=1468 dropped=0 failed=0 slo_violations=649 goodput_rps=3.2372298589084774 clean=true flagged=false

| driver | load | rep | goodput/s | tput/s | TTFT p50 | TTFT p99 | ITL p50 | reqs | ok | dropped | failed | SLO viol | clean | flagged |
|---|---:|---:|---:|---:|---:|---:|---:|---:|---:|---:|---:|---:|:--:|:--|
| closed-loop | 32 users | 1 | 3.20 | 5.87 | 801ms | 3537ms | 12ms | 1490 | 1490 | 0 | 0 | 678 | yes |  |
| closed-loop | 32 users | 2 | 3.21 | 5.98 | 803ms | 4252ms | 12ms | 1507 | 1507 | 0 | 0 | 697 | yes |  |
| closed-loop | 32 users | 3 | 3.24 | 5.80 | 764ms | 4566ms | 12ms | 1468 | 1468 | 0 | 0 | 649 | yes |  |
time=2026-09-10T22:34:26.088-07:00 level=INFO msg="compacted the run" requests=25839 cells=9 requests_parquet=runs/pressure/ws8-skew0/requests.parquet cells_parquet=runs/pressure/ws8-skew0/cells.parquet results=runs/pressure/ws8-skew0/results.md
time=2026-09-10T22:34:26.110-07:00 level=INFO msg="SLO read from the characterization rather than retyped" record=slo/characterization.json slo="TTFT < 990ms, inter-token p50 < 24ms (3x the measured floor of 329ms and 7.8ms)" measured_at=2026-09-07T07:50:38.074Z
time=2026-09-10T22:34:26.111-07:00 level=WARN msg="the characterization does not find the replicas interchangeable, so a policy difference in this sweep could be host asymmetry rather than the policy" record=slo/characterization.json
time=2026-09-10T22:34:26.111-07:00 level=WARN msg="the characterization this SLO came from is flagged" reason="replica symmetry is unresolved at one or more levels: at concurrency 32, TTFT p50 spread 22.1% over the 8.0% tolerance: replica-5 at 1.292s against replica-4 at 1.058s; at concurrency 32 that spread is not resolvable: one replica varies 36.3% against itself between repetitions, wider than the 8.0% tolerance, so the difference between replicas is inside the measurement's own noise. Lengthen the probe or add repetitions rather than acting on it"
time=2026-09-10T22:34:26.111-07:00 level=WARN msg="the characterization this SLO came from is flagged" reason="4 of 36 probes flagged: still warming up: the first half of the measured window was 26% slower than the second by TTFT p50, over a 25% threshold. Lengthen the warm-up and re-run (replica-1-c32-r1, replica-3-c32-r1, replica-5-c32-r1 and 1 more)"
time=2026-09-10T22:34:26.111-07:00 level=INFO msg="sampling GPUs for contamination" gpus=0,1,2,4,5 replica_pids="[1499439 1500629 1501863 1503026 1504263]" interval=5s
time=2026-09-10T22:34:26.112-07:00 level=INFO msg=offering workload="multiturn(sessions=2460,ws=8,skew=1,turns=4,prompt=448t,output=64t,system=0.3x128t,branch=0.3x8fam1t,bpt=4,seed=1,usage=on)"
time=2026-09-10T22:34:26.141-07:00 level=INFO msg="router is up and running the policy these cells will name" router=http://127.0.0.1:8080 policy=round_robin spill=off replicas=5
time=2026-09-10T22:34:26.150-07:00 level=INFO msg="fleet is up" replicas=5
time=2026-09-10T22:34:28.799-07:00 level=INFO msg="fleet warmed" replicas=5 requests_each=3
time=2026-09-10T22:34:28.799-07:00 level=INFO msg="running cell" cell=round_robin-c32-r1 driver=closed_loop load="32 users" duration=5m0s
time=2026-09-10T22:39:33.508-07:00 level=INFO msg="cell complete" cell=round_robin-c32-r1 driver=closed_loop requests=1985 successes=1985 dropped=0 failed=0 slo_violations=747 goodput_rps=4.8653139075068825 clean=true flagged=false
time=2026-09-10T22:39:43.513-07:00 level=INFO msg="running cell" cell=round_robin-c32-r2 driver=closed_loop load="32 users" duration=5m0s
time=2026-09-10T22:44:46.446-07:00 level=INFO msg="cell complete" cell=round_robin-c32-r2 driver=closed_loop requests=1986 successes=1986 dropped=0 failed=0 slo_violations=791 goodput_rps=4.736847553019629 clean=true flagged=false
time=2026-09-10T22:44:56.450-07:00 level=INFO msg="running cell" cell=round_robin-c32-r3 driver=closed_loop load="32 users" duration=5m0s
time=2026-09-10T22:50:00.221-07:00 level=INFO msg="cell complete" cell=round_robin-c32-r3 driver=closed_loop requests=1909 successes=1909 dropped=0 failed=0 slo_violations=740 goodput_rps=4.610952300430118 clean=true flagged=false

| driver | load | rep | goodput/s | tput/s | TTFT p50 | TTFT p99 | ITL p50 | reqs | ok | dropped | failed | SLO viol | clean | flagged |
|---|---:|---:|---:|---:|---:|---:|---:|---:|---:|---:|---:|---:|:--:|:--|
| closed-loop | 32 users | 1 | 4.87 | 7.80 | 637ms | 4043ms | 12ms | 1985 | 1985 | 0 | 0 | 747 | yes |  |
| closed-loop | 32 users | 2 | 4.74 | 7.87 | 647ms | 3797ms | 12ms | 1986 | 1986 | 0 | 0 | 791 | yes |  |
| closed-loop | 32 users | 3 | 4.61 | 7.53 | 669ms | 4188ms | 12ms | 1909 | 1909 | 0 | 0 | 740 | yes |  |
time=2026-09-10T22:50:01.184-07:00 level=INFO msg="compacted the run" requests=36188 cells=9 requests_parquet=runs/pressure/ws8-skew1/requests.parquet cells_parquet=runs/pressure/ws8-skew1/cells.parquet results=runs/pressure/ws8-skew1/results.md
time=2026-09-10T22:50:01.207-07:00 level=INFO msg="SLO read from the characterization rather than retyped" record=slo/characterization.json slo="TTFT < 990ms, inter-token p50 < 24ms (3x the measured floor of 329ms and 7.8ms)" measured_at=2026-09-07T07:50:38.074Z
time=2026-09-10T22:50:01.207-07:00 level=WARN msg="the characterization does not find the replicas interchangeable, so a policy difference in this sweep could be host asymmetry rather than the policy" record=slo/characterization.json
time=2026-09-10T22:50:01.207-07:00 level=WARN msg="the characterization this SLO came from is flagged" reason="replica symmetry is unresolved at one or more levels: at concurrency 32, TTFT p50 spread 22.1% over the 8.0% tolerance: replica-5 at 1.292s against replica-4 at 1.058s; at concurrency 32 that spread is not resolvable: one replica varies 36.3% against itself between repetitions, wider than the 8.0% tolerance, so the difference between replicas is inside the measurement's own noise. Lengthen the probe or add repetitions rather than acting on it"
time=2026-09-10T22:50:01.207-07:00 level=WARN msg="the characterization this SLO came from is flagged" reason="4 of 36 probes flagged: still warming up: the first half of the measured window was 26% slower than the second by TTFT p50, over a 25% threshold. Lengthen the warm-up and re-run (replica-1-c32-r1, replica-3-c32-r1, replica-5-c32-r1 and 1 more)"
time=2026-09-10T22:50:01.207-07:00 level=INFO msg="sampling GPUs for contamination" gpus=0,1,2,4,5 replica_pids="[1499439 1500629 1501863 1503026 1504263]" interval=5s
time=2026-09-10T22:50:01.209-07:00 level=INFO msg=offering workload="multiturn(sessions=2460,ws=8,skew=1.4,turns=4,prompt=448t,output=64t,system=0.3x128t,branch=0.3x8fam1t,bpt=4,seed=1,usage=on)"
time=2026-09-10T22:50:01.237-07:00 level=INFO msg="router is up and running the policy these cells will name" router=http://127.0.0.1:8080 policy=round_robin spill=off replicas=5
time=2026-09-10T22:50:01.247-07:00 level=INFO msg="fleet is up" replicas=5
time=2026-09-10T22:50:03.798-07:00 level=INFO msg="fleet warmed" replicas=5 requests_each=3
time=2026-09-10T22:50:03.799-07:00 level=INFO msg="running cell" cell=round_robin-c32-r1 driver=closed_loop load="32 users" duration=5m0s
time=2026-09-10T22:55:05.747-07:00 level=INFO msg="cell complete" cell=round_robin-c32-r1 driver=closed_loop requests=3458 successes=3458 dropped=0 failed=0 slo_violations=887 goodput_rps=10.219046257040203 clean=true flagged=false
time=2026-09-10T22:55:15.752-07:00 level=INFO msg="running cell" cell=round_robin-c32-r2 driver=closed_loop load="32 users" duration=5m0s
time=2026-09-10T23:00:19.099-07:00 level=INFO msg="cell complete" cell=round_robin-c32-r2 driver=closed_loop requests=3362 successes=3362 dropped=0 failed=0 slo_violations=831 goodput_rps=10.001495355341428 clean=true flagged=false
time=2026-09-10T23:00:29.104-07:00 level=INFO msg="running cell" cell=round_robin-c32-r3 driver=closed_loop load="32 users" duration=5m0s
time=2026-09-10T23:05:30.629-07:00 level=INFO msg="cell complete" cell=round_robin-c32-r3 driver=closed_loop requests=3440 successes=3440 dropped=0 failed=0 slo_violations=875 goodput_rps=10.207807028456918 clean=true flagged=false

| driver | load | rep | goodput/s | tput/s | TTFT p50 | TTFT p99 | ITL p50 | reqs | ok | dropped | failed | SLO viol | clean | flagged |
|---|---:|---:|---:|---:|---:|---:|---:|---:|---:|---:|---:|---:|:--:|:--|
| closed-loop | 32 users | 1 | 10.22 | 13.74 | 309ms | 2822ms | 12ms | 3458 | 3458 | 0 | 0 | 887 | yes |  |
| closed-loop | 32 users | 2 | 10.00 | 13.29 | 298ms | 3590ms | 12ms | 3362 | 3362 | 0 | 0 | 831 | yes |  |
| closed-loop | 32 users | 3 | 10.21 | 13.69 | 268ms | 3034ms | 12ms | 3440 | 3440 | 0 | 0 | 875 | yes |  |
time=2026-09-10T23:05:31.963-07:00 level=INFO msg="compacted the run" requests=52039 cells=9 requests_parquet=runs/pressure/ws8-skew1.4/requests.parquet cells_parquet=runs/pressure/ws8-skew1.4/cells.parquet results=runs/pressure/ws8-skew1.4/results.md
stopping replica-5 (PID 1504263)
stopping replica-4 (PID 1503026)
stopping replica-2 (PID 1501863)
stopping replica-1 (PID 1500629)
stopping replica-0 (PID 1499439)
preflight: 5 GPUs clean, all below 256 MiB
starting replica-0 on GPU 0, port 8000, vLLM 0.28.0, quantization awq_marlin, linear backend marlin
replica-0 is up: http://127.0.0.1:8000 (PID 1552195)
fleet: settling for 15s before the next replica
starting replica-1 on GPU 1, port 8001, vLLM 0.28.0, quantization awq_marlin, linear backend marlin
replica-1 is up: http://127.0.0.1:8001 (PID 1553463)
fleet: settling for 15s before the next replica
starting replica-2 on GPU 2, port 8002, vLLM 0.28.0, quantization awq_marlin, linear backend marlin
replica-2 is up: http://127.0.0.1:8002 (PID 1554731)
fleet: settling for 15s before the next replica
starting replica-4 on GPU 4, port 8004, vLLM 0.28.0, quantization awq_marlin, linear backend marlin
replica-4 is up: http://127.0.0.1:8004 (PID 1555911)
fleet: settling for 15s before the next replica
starting replica-5 on GPU 5, port 8005, vLLM 0.28.0, quantization awq_marlin, linear backend marlin
replica-5 is up: http://127.0.0.1:8005 (PID 1557116)
fleet: 5 replicas up on GPUs 0 1 2 4 5
replica-0=http://127.0.0.1:8000,replica-1=http://127.0.0.1:8001,replica-2=http://127.0.0.1:8002,replica-4=http://127.0.0.1:8004,replica-5=http://127.0.0.1:8005
time=2026-09-10T23:11:04.249-07:00 level=INFO msg="SLO read from the characterization rather than retyped" record=slo/characterization.json slo="TTFT < 990ms, inter-token p50 < 24ms (3x the measured floor of 329ms and 7.8ms)" measured_at=2026-09-07T07:50:38.074Z
time=2026-09-10T23:11:04.250-07:00 level=WARN msg="the characterization does not find the replicas interchangeable, so a policy difference in this sweep could be host asymmetry rather than the policy" record=slo/characterization.json
time=2026-09-10T23:11:04.250-07:00 level=WARN msg="the characterization this SLO came from is flagged" reason="replica symmetry is unresolved at one or more levels: at concurrency 32, TTFT p50 spread 22.1% over the 8.0% tolerance: replica-5 at 1.292s against replica-4 at 1.058s; at concurrency 32 that spread is not resolvable: one replica varies 36.3% against itself between repetitions, wider than the 8.0% tolerance, so the difference between replicas is inside the measurement's own noise. Lengthen the probe or add repetitions rather than acting on it"
time=2026-09-10T23:11:04.250-07:00 level=WARN msg="the characterization this SLO came from is flagged" reason="4 of 36 probes flagged: still warming up: the first half of the measured window was 26% slower than the second by TTFT p50, over a 25% threshold. Lengthen the warm-up and re-run (replica-1-c32-r1, replica-3-c32-r1, replica-5-c32-r1 and 1 more)"
time=2026-09-10T23:11:04.250-07:00 level=INFO msg="sampling GPUs for contamination" gpus=0,1,2,4,5 replica_pids="[1552195 1553463 1554731 1555911 1557116]" interval=5s
time=2026-09-10T23:11:04.251-07:00 level=INFO msg=offering workload="multiturn(sessions=76,ws=0.25,skew=0,turns=4,prompt=448t,output=64t,system=0.3x128t,branch=0.3x8fam1t,bpt=4,seed=1,usage=on)"
time=2026-09-10T23:11:04.253-07:00 level=INFO msg="router is up and running the policy these cells will name" router=http://127.0.0.1:8080 policy=least_outstanding spill=off replicas=5
time=2026-09-10T23:11:04.262-07:00 level=INFO msg="fleet is up" replicas=5
time=2026-09-10T23:11:06.920-07:00 level=INFO msg="fleet warmed" replicas=5 requests_each=3
time=2026-09-10T23:11:06.921-07:00 level=INFO msg="running cell" cell=least_outstanding-c32-r1 driver=closed_loop load="32 users" duration=5m0s
time=2026-09-10T23:16:08.442-07:00 level=INFO msg="cell complete" cell=least_outstanding-c32-r1 driver=closed_loop requests=3248 successes=3248 dropped=0 failed=0 slo_violations=425 goodput_rps=11.23212406534408 clean=true flagged=false
time=2026-09-10T23:16:18.447-07:00 level=INFO msg="running cell" cell=least_outstanding-c32-r2 driver=closed_loop load="32 users" duration=5m0s
time=2026-09-10T23:21:20.293-07:00 level=INFO msg="cell complete" cell=least_outstanding-c32-r2 driver=closed_loop requests=3247 successes=3247 dropped=0 failed=0 slo_violations=384 goodput_rps=11.379866246680221 clean=true flagged=false
time=2026-09-10T23:21:30.298-07:00 level=INFO msg="running cell" cell=least_outstanding-c32-r3 driver=closed_loop load="32 users" duration=5m0s
time=2026-09-10T23:26:31.587-07:00 level=INFO msg="cell complete" cell=least_outstanding-c32-r3 driver=closed_loop requests=3220 successes=3220 dropped=0 failed=0 slo_violations=461 goodput_rps=10.99332623790973 clean=true flagged=false

| driver | load | rep | goodput/s | tput/s | TTFT p50 | TTFT p99 | ITL p50 | reqs | ok | dropped | failed | SLO viol | clean | flagged |
|---|---:|---:|---:|---:|---:|---:|---:|---:|---:|---:|---:|---:|:--:|:--|
| closed-loop | 32 users | 1 | 11.23 | 12.92 | 412ms | 1786ms | 12ms | 3248 | 3248 | 0 | 0 | 425 | yes |  |
| closed-loop | 32 users | 2 | 11.38 | 12.91 | 417ms | 1755ms | 12ms | 3247 | 3247 | 0 | 0 | 384 | yes |  |
| closed-loop | 32 users | 3 | 10.99 | 12.83 | 424ms | 1913ms | 12ms | 3220 | 3220 | 0 | 0 | 461 | yes |  |
time=2026-09-10T23:26:33.599-07:00 level=INFO msg="compacted the run" requests=76042 cells=12 requests_parquet=runs/pressure/ws0.25-skew0/requests.parquet cells_parquet=runs/pressure/ws0.25-skew0/cells.parquet results=runs/pressure/ws0.25-skew0/results.md
time=2026-09-10T23:26:33.626-07:00 level=INFO msg="SLO read from the characterization rather than retyped" record=slo/characterization.json slo="TTFT < 990ms, inter-token p50 < 24ms (3x the measured floor of 329ms and 7.8ms)" measured_at=2026-09-07T07:50:38.074Z
time=2026-09-10T23:26:33.626-07:00 level=WARN msg="the characterization does not find the replicas interchangeable, so a policy difference in this sweep could be host asymmetry rather than the policy" record=slo/characterization.json
time=2026-09-10T23:26:33.626-07:00 level=WARN msg="the characterization this SLO came from is flagged" reason="replica symmetry is unresolved at one or more levels: at concurrency 32, TTFT p50 spread 22.1% over the 8.0% tolerance: replica-5 at 1.292s against replica-4 at 1.058s; at concurrency 32 that spread is not resolvable: one replica varies 36.3% against itself between repetitions, wider than the 8.0% tolerance, so the difference between replicas is inside the measurement's own noise. Lengthen the probe or add repetitions rather than acting on it"
time=2026-09-10T23:26:33.626-07:00 level=WARN msg="the characterization this SLO came from is flagged" reason="4 of 36 probes flagged: still warming up: the first half of the measured window was 26% slower than the second by TTFT p50, over a 25% threshold. Lengthen the warm-up and re-run (replica-1-c32-r1, replica-3-c32-r1, replica-5-c32-r1 and 1 more)"
time=2026-09-10T23:26:33.627-07:00 level=INFO msg="sampling GPUs for contamination" gpus=0,1,2,4,5 replica_pids="[1552195 1553463 1554731 1555911 1557116]" interval=5s
time=2026-09-10T23:26:33.627-07:00 level=INFO msg=offering workload="multiturn(sessions=76,ws=0.25,skew=1,turns=4,prompt=448t,output=64t,system=0.3x128t,branch=0.3x8fam1t,bpt=4,seed=1,usage=on)"
time=2026-09-10T23:26:33.632-07:00 level=INFO msg="router is up and running the policy these cells will name" router=http://127.0.0.1:8080 policy=least_outstanding spill=off replicas=5
time=2026-09-10T23:26:33.641-07:00 level=INFO msg="fleet is up" replicas=5
time=2026-09-10T23:26:36.182-07:00 level=INFO msg="fleet warmed" replicas=5 requests_each=3
time=2026-09-10T23:26:36.182-07:00 level=INFO msg="running cell" cell=least_outstanding-c32-r1 driver=closed_loop load="32 users" duration=5m0s
time=2026-09-10T23:31:38.197-07:00 level=INFO msg="cell complete" cell=least_outstanding-c32-r1 driver=closed_loop requests=4968 successes=4968 dropped=0 failed=0 slo_violations=198 goodput_rps=18.95504358541566 clean=true flagged=false
time=2026-09-10T23:31:48.202-07:00 level=INFO msg="running cell" cell=least_outstanding-c32-r2 driver=closed_loop load="32 users" duration=5m0s
time=2026-09-10T23:36:49.591-07:00 level=INFO msg="cell complete" cell=least_outstanding-c32-r2 driver=closed_loop requests=4731 successes=4731 dropped=0 failed=0 slo_violations=252 goodput_rps=17.83599734776456 clean=true flagged=false
time=2026-09-10T23:36:59.593-07:00 level=INFO msg="running cell" cell=least_outstanding-c32-r3 driver=closed_loop load="32 users" duration=5m0s
time=2026-09-10T23:42:00.925-07:00 level=INFO msg="cell complete" cell=least_outstanding-c32-r3 driver=closed_loop requests=4802 successes=4802 dropped=0 failed=0 slo_violations=260 goodput_rps=18.09646653699946 clean=true flagged=false

| driver | load | rep | goodput/s | tput/s | TTFT p50 | TTFT p99 | ITL p50 | reqs | ok | dropped | failed | SLO viol | clean | flagged |
|---|---:|---:|---:|---:|---:|---:|---:|---:|---:|---:|---:|---:|:--:|:--|
| closed-loop | 32 users | 1 | 18.96 | 19.74 | 110ms | 1401ms | 12ms | 4968 | 4968 | 0 | 0 | 198 | yes |  |
| closed-loop | 32 users | 2 | 17.84 | 18.84 | 127ms | 1512ms | 12ms | 4731 | 4731 | 0 | 0 | 252 | yes |  |
| closed-loop | 32 users | 3 | 18.10 | 19.13 | 128ms | 1565ms | 12ms | 4802 | 4802 | 0 | 0 | 260 | yes |  |
time=2026-09-10T23:42:02.725-07:00 level=INFO msg="compacted the run" requests=77408 cells=12 requests_parquet=runs/pressure/ws0.25-skew1/requests.parquet cells_parquet=runs/pressure/ws0.25-skew1/cells.parquet results=runs/pressure/ws0.25-skew1/results.md
time=2026-09-10T23:42:02.750-07:00 level=INFO msg="SLO read from the characterization rather than retyped" record=slo/characterization.json slo="TTFT < 990ms, inter-token p50 < 24ms (3x the measured floor of 329ms and 7.8ms)" measured_at=2026-09-07T07:50:38.074Z
time=2026-09-10T23:42:02.750-07:00 level=WARN msg="the characterization does not find the replicas interchangeable, so a policy difference in this sweep could be host asymmetry rather than the policy" record=slo/characterization.json
time=2026-09-10T23:42:02.750-07:00 level=WARN msg="the characterization this SLO came from is flagged" reason="replica symmetry is unresolved at one or more levels: at concurrency 32, TTFT p50 spread 22.1% over the 8.0% tolerance: replica-5 at 1.292s against replica-4 at 1.058s; at concurrency 32 that spread is not resolvable: one replica varies 36.3% against itself between repetitions, wider than the 8.0% tolerance, so the difference between replicas is inside the measurement's own noise. Lengthen the probe or add repetitions rather than acting on it"
time=2026-09-10T23:42:02.750-07:00 level=WARN msg="the characterization this SLO came from is flagged" reason="4 of 36 probes flagged: still warming up: the first half of the measured window was 26% slower than the second by TTFT p50, over a 25% threshold. Lengthen the warm-up and re-run (replica-1-c32-r1, replica-3-c32-r1, replica-5-c32-r1 and 1 more)"
time=2026-09-10T23:42:02.751-07:00 level=INFO msg="sampling GPUs for contamination" gpus=0,1,2,4,5 replica_pids="[1552195 1553463 1554731 1555911 1557116]" interval=5s
time=2026-09-10T23:42:02.751-07:00 level=INFO msg=offering workload="multiturn(sessions=76,ws=0.25,skew=1.4,turns=4,prompt=448t,output=64t,system=0.3x128t,branch=0.3x8fam1t,bpt=4,seed=1,usage=on)"
time=2026-09-10T23:42:02.760-07:00 level=INFO msg="router is up and running the policy these cells will name" router=http://127.0.0.1:8080 policy=least_outstanding spill=off replicas=5
time=2026-09-10T23:42:02.769-07:00 level=INFO msg="fleet is up" replicas=5
time=2026-09-10T23:42:05.307-07:00 level=INFO msg="fleet warmed" replicas=5 requests_each=3
time=2026-09-10T23:42:05.307-07:00 level=INFO msg="running cell" cell=least_outstanding-c32-r1 driver=closed_loop load="32 users" duration=5m0s
time=2026-09-10T23:47:06.310-07:00 level=INFO msg="cell complete" cell=least_outstanding-c32-r1 driver=closed_loop requests=6268 successes=6268 dropped=0 failed=0 slo_violations=167 goodput_rps=24.333322630428466 clean=true flagged=false
time=2026-09-10T23:47:16.314-07:00 level=INFO msg="running cell" cell=least_outstanding-c32-r2 driver=closed_loop load="32 users" duration=5m0s
time=2026-09-10T23:52:18.276-07:00 level=INFO msg="cell complete" cell=least_outstanding-c32-r2 driver=closed_loop requests=6516 successes=6516 dropped=0 failed=0 slo_violations=135 goodput_rps=25.35451479660493 clean=true flagged=false
time=2026-09-10T23:52:28.281-07:00 level=INFO msg="running cell" cell=least_outstanding-c32-r3 driver=closed_loop load="32 users" duration=5m0s
time=2026-09-10T23:57:29.625-07:00 level=INFO msg="cell complete" cell=least_outstanding-c32-r3 driver=closed_loop requests=6658 successes=6658 dropped=0 failed=0 slo_violations=126 goodput_rps=26.024127830815765 clean=true flagged=false

| driver | load | rep | goodput/s | tput/s | TTFT p50 | TTFT p99 | ITL p50 | reqs | ok | dropped | failed | SLO viol | clean | flagged |
|---|---:|---:|---:|---:|---:|---:|---:|---:|---:|---:|---:|---:|:--:|:--|
| closed-loop | 32 users | 1 | 24.33 | 25.00 | 93ms | 1377ms | 12ms | 6268 | 6268 | 0 | 0 | 167 | yes |  |
| closed-loop | 32 users | 2 | 25.35 | 25.89 | 91ms | 1289ms | 12ms | 6516 | 6516 | 0 | 0 | 135 | yes |  |
| closed-loop | 32 users | 3 | 26.02 | 26.53 | 91ms | 1116ms | 12ms | 6658 | 6658 | 0 | 0 | 126 | yes |  |
time=2026-09-10T23:57:31.692-07:00 level=INFO msg="compacted the run" requests=86651 cells=12 requests_parquet=runs/pressure/ws0.25-skew1.4/requests.parquet cells_parquet=runs/pressure/ws0.25-skew1.4/cells.parquet results=runs/pressure/ws0.25-skew1.4/results.md
time=2026-09-10T23:57:31.715-07:00 level=INFO msg="SLO read from the characterization rather than retyped" record=slo/characterization.json slo="TTFT < 990ms, inter-token p50 < 24ms (3x the measured floor of 329ms and 7.8ms)" measured_at=2026-09-07T07:50:38.074Z
time=2026-09-10T23:57:31.715-07:00 level=WARN msg="the characterization does not find the replicas interchangeable, so a policy difference in this sweep could be host asymmetry rather than the policy" record=slo/characterization.json
time=2026-09-10T23:57:31.715-07:00 level=WARN msg="the characterization this SLO came from is flagged" reason="replica symmetry is unresolved at one or more levels: at concurrency 32, TTFT p50 spread 22.1% over the 8.0% tolerance: replica-5 at 1.292s against replica-4 at 1.058s; at concurrency 32 that spread is not resolvable: one replica varies 36.3% against itself between repetitions, wider than the 8.0% tolerance, so the difference between replicas is inside the measurement's own noise. Lengthen the probe or add repetitions rather than acting on it"
time=2026-09-10T23:57:31.715-07:00 level=WARN msg="the characterization this SLO came from is flagged" reason="4 of 36 probes flagged: still warming up: the first half of the measured window was 26% slower than the second by TTFT p50, over a 25% threshold. Lengthen the warm-up and re-run (replica-1-c32-r1, replica-3-c32-r1, replica-5-c32-r1 and 1 more)"
time=2026-09-10T23:57:31.716-07:00 level=INFO msg="sampling GPUs for contamination" gpus=0,1,2,4,5 replica_pids="[1552195 1553463 1554731 1555911 1557116]" interval=5s
time=2026-09-10T23:57:31.716-07:00 level=INFO msg=offering workload="multiturn(sessions=307,ws=1,skew=0,turns=4,prompt=448t,output=64t,system=0.3x128t,branch=0.3x8fam1t,bpt=4,seed=1,usage=on)"
time=2026-09-10T23:57:31.733-07:00 level=INFO msg="router is up and running the policy these cells will name" router=http://127.0.0.1:8080 policy=least_outstanding spill=off replicas=5
time=2026-09-10T23:57:31.742-07:00 level=INFO msg="fleet is up" replicas=5
time=2026-09-10T23:57:34.392-07:00 level=INFO msg="fleet warmed" replicas=5 requests_each=3
time=2026-09-10T23:57:34.393-07:00 level=INFO msg="running cell" cell=least_outstanding-c32-r1 driver=closed_loop load="32 users" duration=5m0s
time=2026-09-11T00:02:36.461-07:00 level=INFO msg="cell complete" cell=least_outstanding-c32-r1 driver=closed_loop requests=2571 successes=2571 dropped=0 failed=0 slo_violations=596 goodput_rps=7.842864569359037 clean=true flagged=false
time=2026-09-11T00:02:46.467-07:00 level=INFO msg="running cell" cell=least_outstanding-c32-r2 driver=closed_loop load="32 users" duration=5m0s
time=2026-09-11T00:07:48.091-07:00 level=INFO msg="cell complete" cell=least_outstanding-c32-r2 driver=closed_loop requests=2622 successes=2622 dropped=0 failed=0 slo_violations=570 goodput_rps=8.164851399429942 clean=true flagged=false
time=2026-09-11T00:07:58.096-07:00 level=INFO msg="running cell" cell=least_outstanding-c32-r3 driver=closed_loop load="32 users" duration=5m0s
time=2026-09-11T00:12:59.650-07:00 level=INFO msg="cell complete" cell=least_outstanding-c32-r3 driver=closed_loop requests=2617 successes=2617 dropped=0 failed=0 slo_violations=673 goodput_rps=7.742933205804339 clean=true flagged=true

| driver | load | rep | goodput/s | tput/s | TTFT p50 | TTFT p99 | ITL p50 | reqs | ok | dropped | failed | SLO viol | clean | flagged |
|---|---:|---:|---:|---:|---:|---:|---:|---:|---:|---:|---:|---:|:--:|:--|
| closed-loop | 32 users | 1 | 7.84 | 10.21 | 469ms | 2007ms | 12ms | 2571 | 2571 | 0 | 0 | 596 | yes |  |
| closed-loop | 32 users | 2 | 8.16 | 10.43 | 445ms | 2130ms | 12ms | 2622 | 2622 | 0 | 0 | 570 | yes |  |
| closed-loop | 32 users | 3 | 7.74 | 10.42 | 589ms | 2132ms | 12ms | 2617 | 2617 | 0 | 0 | 673 | yes | **1** |

Flagged cells — these are not averaged in without being read first:

- `least_outstanding-c32-r3`: still warming up: the first half of the measured window was 38% slower than the second by TTFT p50, over a 25% threshold. Lengthen the warm-up and re-run
time=2026-09-11T00:13:00.701-07:00 level=INFO msg="compacted the run" requests=39676 cells=12 requests_parquet=runs/pressure/ws1-skew0/requests.parquet cells_parquet=runs/pressure/ws1-skew0/cells.parquet results=runs/pressure/ws1-skew0/results.md
time=2026-09-11T00:13:00.726-07:00 level=INFO msg="SLO read from the characterization rather than retyped" record=slo/characterization.json slo="TTFT < 990ms, inter-token p50 < 24ms (3x the measured floor of 329ms and 7.8ms)" measured_at=2026-09-07T07:50:38.074Z
time=2026-09-11T00:13:00.726-07:00 level=WARN msg="the characterization does not find the replicas interchangeable, so a policy difference in this sweep could be host asymmetry rather than the policy" record=slo/characterization.json
time=2026-09-11T00:13:00.726-07:00 level=WARN msg="the characterization this SLO came from is flagged" reason="replica symmetry is unresolved at one or more levels: at concurrency 32, TTFT p50 spread 22.1% over the 8.0% tolerance: replica-5 at 1.292s against replica-4 at 1.058s; at concurrency 32 that spread is not resolvable: one replica varies 36.3% against itself between repetitions, wider than the 8.0% tolerance, so the difference between replicas is inside the measurement's own noise. Lengthen the probe or add repetitions rather than acting on it"
time=2026-09-11T00:13:00.726-07:00 level=WARN msg="the characterization this SLO came from is flagged" reason="4 of 36 probes flagged: still warming up: the first half of the measured window was 26% slower than the second by TTFT p50, over a 25% threshold. Lengthen the warm-up and re-run (replica-1-c32-r1, replica-3-c32-r1, replica-5-c32-r1 and 1 more)"
time=2026-09-11T00:13:00.727-07:00 level=INFO msg="sampling GPUs for contamination" gpus=0,1,2,4,5 replica_pids="[1552195 1553463 1554731 1555911 1557116]" interval=5s
time=2026-09-11T00:13:00.727-07:00 level=INFO msg=offering workload="multiturn(sessions=307,ws=1,skew=1,turns=4,prompt=448t,output=64t,system=0.3x128t,branch=0.3x8fam1t,bpt=4,seed=1,usage=on)"
time=2026-09-11T00:13:00.744-07:00 level=INFO msg="router is up and running the policy these cells will name" router=http://127.0.0.1:8080 policy=least_outstanding spill=off replicas=5
time=2026-09-11T00:13:00.754-07:00 level=INFO msg="fleet is up" replicas=5
time=2026-09-11T00:13:03.341-07:00 level=INFO msg="fleet warmed" replicas=5 requests_each=3
time=2026-09-11T00:13:03.342-07:00 level=INFO msg="running cell" cell=least_outstanding-c32-r1 driver=closed_loop load="32 users" duration=5m0s
time=2026-09-11T00:18:04.867-07:00 level=INFO msg="cell complete" cell=least_outstanding-c32-r1 driver=closed_loop requests=3702 successes=3702 dropped=0 failed=0 slo_violations=359 goodput_rps=13.307721681133811 clean=true flagged=false
time=2026-09-11T00:18:14.872-07:00 level=INFO msg="running cell" cell=least_outstanding-c32-r2 driver=closed_loop load="32 users" duration=5m0s
time=2026-09-11T00:23:16.447-07:00 level=INFO msg="cell complete" cell=least_outstanding-c32-r2 driver=closed_loop requests=3766 successes=3766 dropped=0 failed=0 slo_violations=313 goodput_rps=13.743227187871287 clean=true flagged=false
time=2026-09-11T00:23:26.452-07:00 level=INFO msg="running cell" cell=least_outstanding-c32-r3 driver=closed_loop load="32 users" duration=5m0s
time=2026-09-11T00:28:28.255-07:00 level=INFO msg="cell complete" cell=least_outstanding-c32-r3 driver=closed_loop requests=3720 successes=3720 dropped=0 failed=0 slo_violations=328 goodput_rps=13.487561529313616 clean=true flagged=false

| driver | load | rep | goodput/s | tput/s | TTFT p50 | TTFT p99 | ITL p50 | reqs | ok | dropped | failed | SLO viol | clean | flagged |
|---|---:|---:|---:|---:|---:|---:|---:|---:|---:|---:|---:|---:|:--:|:--|
| closed-loop | 32 users | 1 | 13.31 | 14.74 | 391ms | 1747ms | 12ms | 3702 | 3702 | 0 | 0 | 359 | yes |  |
| closed-loop | 32 users | 2 | 13.74 | 14.99 | 387ms | 1642ms | 12ms | 3766 | 3766 | 0 | 0 | 313 | yes |  |
| closed-loop | 32 users | 3 | 13.49 | 14.79 | 393ms | 1709ms | 12ms | 3720 | 3720 | 0 | 0 | 328 | yes |  |
time=2026-09-11T00:28:29.874-07:00 level=INFO msg="compacted the run" requests=59239 cells=12 requests_parquet=runs/pressure/ws1-skew1/requests.parquet cells_parquet=runs/pressure/ws1-skew1/cells.parquet results=runs/pressure/ws1-skew1/results.md
time=2026-09-11T00:28:29.902-07:00 level=INFO msg="SLO read from the characterization rather than retyped" record=slo/characterization.json slo="TTFT < 990ms, inter-token p50 < 24ms (3x the measured floor of 329ms and 7.8ms)" measured_at=2026-09-07T07:50:38.074Z
time=2026-09-11T00:28:29.903-07:00 level=WARN msg="the characterization does not find the replicas interchangeable, so a policy difference in this sweep could be host asymmetry rather than the policy" record=slo/characterization.json
time=2026-09-11T00:28:29.903-07:00 level=WARN msg="the characterization this SLO came from is flagged" reason="replica symmetry is unresolved at one or more levels: at concurrency 32, TTFT p50 spread 22.1% over the 8.0% tolerance: replica-5 at 1.292s against replica-4 at 1.058s; at concurrency 32 that spread is not resolvable: one replica varies 36.3% against itself between repetitions, wider than the 8.0% tolerance, so the difference between replicas is inside the measurement's own noise. Lengthen the probe or add repetitions rather than acting on it"
time=2026-09-11T00:28:29.903-07:00 level=WARN msg="the characterization this SLO came from is flagged" reason="4 of 36 probes flagged: still warming up: the first half of the measured window was 26% slower than the second by TTFT p50, over a 25% threshold. Lengthen the warm-up and re-run (replica-1-c32-r1, replica-3-c32-r1, replica-5-c32-r1 and 1 more)"
time=2026-09-11T00:28:29.903-07:00 level=INFO msg="sampling GPUs for contamination" gpus=0,1,2,4,5 replica_pids="[1552195 1553463 1554731 1555911 1557116]" interval=5s
time=2026-09-11T00:28:29.904-07:00 level=INFO msg=offering workload="multiturn(sessions=307,ws=1,skew=1.4,turns=4,prompt=448t,output=64t,system=0.3x128t,branch=0.3x8fam1t,bpt=4,seed=1,usage=on)"
time=2026-09-11T00:28:29.927-07:00 level=INFO msg="router is up and running the policy these cells will name" router=http://127.0.0.1:8080 policy=least_outstanding spill=off replicas=5
time=2026-09-11T00:28:29.937-07:00 level=INFO msg="fleet is up" replicas=5
time=2026-09-11T00:28:32.462-07:00 level=INFO msg="fleet warmed" replicas=5 requests_each=3
time=2026-09-11T00:28:32.463-07:00 level=INFO msg="running cell" cell=least_outstanding-c32-r1 driver=closed_loop load="32 users" duration=5m0s
time=2026-09-11T00:33:33.604-07:00 level=INFO msg="cell complete" cell=least_outstanding-c32-r1 driver=closed_loop requests=5338 successes=5338 dropped=0 failed=0 slo_violations=204 goodput_rps=20.480595795095162 clean=true flagged=false
time=2026-09-11T00:33:43.610-07:00 level=INFO msg="running cell" cell=least_outstanding-c32-r2 driver=closed_loop load="32 users" duration=5m0s
time=2026-09-11T00:38:45.555-07:00 level=INFO msg="cell complete" cell=least_outstanding-c32-r2 driver=closed_loop requests=5557 successes=5557 dropped=0 failed=0 slo_violations=205 goodput_rps=21.26526213188958 clean=true flagged=false
time=2026-09-11T00:38:55.560-07:00 level=INFO msg="running cell" cell=least_outstanding-c32-r3 driver=closed_loop load="32 users" duration=5m0s
time=2026-09-11T00:43:57.310-07:00 level=INFO msg="cell complete" cell=least_outstanding-c32-r3 driver=closed_loop requests=5463 successes=5463 dropped=0 failed=0 slo_violations=183 goodput_rps=21.00609078079465 clean=true flagged=false

| driver | load | rep | goodput/s | tput/s | TTFT p50 | TTFT p99 | ITL p50 | reqs | ok | dropped | failed | SLO viol | clean | flagged |
|---|---:|---:|---:|---:|---:|---:|---:|---:|---:|---:|---:|---:|:--:|:--|
| closed-loop | 32 users | 1 | 20.48 | 21.29 | 101ms | 1408ms | 12ms | 5338 | 5338 | 0 | 0 | 204 | yes |  |
| closed-loop | 32 users | 2 | 21.27 | 22.08 | 99ms | 1367ms | 12ms | 5557 | 5557 | 0 | 0 | 205 | yes |  |
| closed-loop | 32 users | 3 | 21.01 | 21.73 | 98ms | 1402ms | 12ms | 5463 | 5463 | 0 | 0 | 183 | yes |  |
time=2026-09-11T00:43:59.286-07:00 level=INFO msg="compacted the run" requests=76748 cells=12 requests_parquet=runs/pressure/ws1-skew1.4/requests.parquet cells_parquet=runs/pressure/ws1-skew1.4/cells.parquet results=runs/pressure/ws1-skew1.4/results.md
time=2026-09-11T00:43:59.316-07:00 level=INFO msg="SLO read from the characterization rather than retyped" record=slo/characterization.json slo="TTFT < 990ms, inter-token p50 < 24ms (3x the measured floor of 329ms and 7.8ms)" measured_at=2026-09-07T07:50:38.074Z
time=2026-09-11T00:43:59.316-07:00 level=WARN msg="the characterization does not find the replicas interchangeable, so a policy difference in this sweep could be host asymmetry rather than the policy" record=slo/characterization.json
time=2026-09-11T00:43:59.316-07:00 level=WARN msg="the characterization this SLO came from is flagged" reason="replica symmetry is unresolved at one or more levels: at concurrency 32, TTFT p50 spread 22.1% over the 8.0% tolerance: replica-5 at 1.292s against replica-4 at 1.058s; at concurrency 32 that spread is not resolvable: one replica varies 36.3% against itself between repetitions, wider than the 8.0% tolerance, so the difference between replicas is inside the measurement's own noise. Lengthen the probe or add repetitions rather than acting on it"
time=2026-09-11T00:43:59.316-07:00 level=WARN msg="the characterization this SLO came from is flagged" reason="4 of 36 probes flagged: still warming up: the first half of the measured window was 26% slower than the second by TTFT p50, over a 25% threshold. Lengthen the warm-up and re-run (replica-1-c32-r1, replica-3-c32-r1, replica-5-c32-r1 and 1 more)"
time=2026-09-11T00:43:59.316-07:00 level=INFO msg="sampling GPUs for contamination" gpus=0,1,2,4,5 replica_pids="[1552195 1553463 1554731 1555911 1557116]" interval=5s
time=2026-09-11T00:43:59.317-07:00 level=INFO msg=offering workload="multiturn(sessions=922,ws=3,skew=0,turns=4,prompt=448t,output=64t,system=0.3x128t,branch=0.3x8fam1t,bpt=4,seed=1,usage=on)"
time=2026-09-11T00:43:59.338-07:00 level=INFO msg="router is up and running the policy these cells will name" router=http://127.0.0.1:8080 policy=least_outstanding spill=off replicas=5
time=2026-09-11T00:43:59.346-07:00 level=INFO msg="fleet is up" replicas=5
time=2026-09-11T00:44:01.929-07:00 level=INFO msg="fleet warmed" replicas=5 requests_each=3
time=2026-09-11T00:44:01.929-07:00 level=INFO msg="running cell" cell=least_outstanding-c32-r1 driver=closed_loop load="32 users" duration=5m0s
time=2026-09-11T00:49:03.776-07:00 level=INFO msg="cell complete" cell=least_outstanding-c32-r1 driver=closed_loop requests=2454 successes=2454 dropped=0 failed=0 slo_violations=568 goodput_rps=7.496392569661185 clean=true flagged=false
time=2026-09-11T00:49:13.782-07:00 level=INFO msg="running cell" cell=least_outstanding-c32-r2 driver=closed_loop load="32 users" duration=5m0s
time=2026-09-11T00:54:15.143-07:00 level=INFO msg="cell complete" cell=least_outstanding-c32-r2 driver=closed_loop requests=2498 successes=2498 dropped=0 failed=0 slo_violations=597 goodput_rps=7.570680256889425 clean=true flagged=false
time=2026-09-11T00:54:25.148-07:00 level=INFO msg="running cell" cell=least_outstanding-c32-r3 driver=closed_loop load="32 users" duration=5m0s
time=2026-09-11T00:59:26.476-07:00 level=INFO msg="cell complete" cell=least_outstanding-c32-r3 driver=closed_loop requests=2478 successes=2478 dropped=0 failed=0 slo_violations=539 goodput_rps=7.722813351128775 clean=true flagged=true

| driver | load | rep | goodput/s | tput/s | TTFT p50 | TTFT p99 | ITL p50 | reqs | ok | dropped | failed | SLO viol | clean | flagged |
|---|---:|---:|---:|---:|---:|---:|---:|---:|---:|---:|---:|---:|:--:|:--|
| closed-loop | 32 users | 1 | 7.50 | 9.75 | 567ms | 2137ms | 12ms | 2454 | 2454 | 0 | 0 | 568 | yes |  |
| closed-loop | 32 users | 2 | 7.57 | 9.95 | 596ms | 2004ms | 12ms | 2498 | 2498 | 0 | 0 | 597 | yes |  |
| closed-loop | 32 users | 3 | 7.72 | 9.87 | 466ms | 2068ms | 12ms | 2478 | 2478 | 0 | 0 | 539 | yes | **1** |

Flagged cells — these are not averaged in without being read first:

- `least_outstanding-c32-r3`: still warming up: the first half of the measured window was 28% slower than the second by TTFT p50, over a 25% threshold. Lengthen the warm-up and re-run
time=2026-09-11T00:59:27.509-07:00 level=INFO msg="compacted the run" requests=35822 cells=12 requests_parquet=runs/pressure/ws3-skew0/requests.parquet cells_parquet=runs/pressure/ws3-skew0/cells.parquet results=runs/pressure/ws3-skew0/results.md
time=2026-09-11T00:59:27.538-07:00 level=INFO msg="SLO read from the characterization rather than retyped" record=slo/characterization.json slo="TTFT < 990ms, inter-token p50 < 24ms (3x the measured floor of 329ms and 7.8ms)" measured_at=2026-09-07T07:50:38.074Z
time=2026-09-11T00:59:27.538-07:00 level=WARN msg="the characterization does not find the replicas interchangeable, so a policy difference in this sweep could be host asymmetry rather than the policy" record=slo/characterization.json
time=2026-09-11T00:59:27.538-07:00 level=WARN msg="the characterization this SLO came from is flagged" reason="replica symmetry is unresolved at one or more levels: at concurrency 32, TTFT p50 spread 22.1% over the 8.0% tolerance: replica-5 at 1.292s against replica-4 at 1.058s; at concurrency 32 that spread is not resolvable: one replica varies 36.3% against itself between repetitions, wider than the 8.0% tolerance, so the difference between replicas is inside the measurement's own noise. Lengthen the probe or add repetitions rather than acting on it"
time=2026-09-11T00:59:27.538-07:00 level=WARN msg="the characterization this SLO came from is flagged" reason="4 of 36 probes flagged: still warming up: the first half of the measured window was 26% slower than the second by TTFT p50, over a 25% threshold. Lengthen the warm-up and re-run (replica-1-c32-r1, replica-3-c32-r1, replica-5-c32-r1 and 1 more)"
time=2026-09-11T00:59:27.539-07:00 level=INFO msg="sampling GPUs for contamination" gpus=0,1,2,4,5 replica_pids="[1552195 1553463 1554731 1555911 1557116]" interval=5s
time=2026-09-11T00:59:27.539-07:00 level=INFO msg=offering workload="multiturn(sessions=922,ws=3,skew=1,turns=4,prompt=448t,output=64t,system=0.3x128t,branch=0.3x8fam1t,bpt=4,seed=1,usage=on)"
time=2026-09-11T00:59:27.567-07:00 level=INFO msg="router is up and running the policy these cells will name" router=http://127.0.0.1:8080 policy=least_outstanding spill=off replicas=5
time=2026-09-11T00:59:27.577-07:00 level=INFO msg="fleet is up" replicas=5
time=2026-09-11T00:59:30.118-07:00 level=INFO msg="fleet warmed" replicas=5 requests_each=3
time=2026-09-11T00:59:30.119-07:00 level=INFO msg="running cell" cell=least_outstanding-c32-r1 driver=closed_loop load="32 users" duration=5m0s
time=2026-09-11T01:04:32.329-07:00 level=INFO msg="cell complete" cell=least_outstanding-c32-r1 driver=closed_loop requests=3408 successes=3408 dropped=0 failed=0 slo_violations=458 goodput_rps=11.712457006623607 clean=true flagged=false
time=2026-09-11T01:04:42.335-07:00 level=INFO msg="running cell" cell=least_outstanding-c32-r2 driver=closed_loop load="32 users" duration=5m0s
time=2026-09-11T01:09:44.119-07:00 level=INFO msg="cell complete" cell=least_outstanding-c32-r2 driver=closed_loop requests=3370 successes=3370 dropped=0 failed=0 slo_violations=411 goodput_rps=11.763429733683303 clean=true flagged=false
time=2026-09-11T01:09:54.124-07:00 level=INFO msg="running cell" cell=least_outstanding-c32-r3 driver=closed_loop load="32 users" duration=5m0s
time=2026-09-11T01:14:55.901-07:00 level=INFO msg="cell complete" cell=least_outstanding-c32-r3 driver=closed_loop requests=3429 successes=3429 dropped=0 failed=0 slo_violations=428 goodput_rps=11.938107888800534 clean=true flagged=false

| driver | load | rep | goodput/s | tput/s | TTFT p50 | TTFT p99 | ITL p50 | reqs | ok | dropped | failed | SLO viol | clean | flagged |
|---|---:|---:|---:|---:|---:|---:|---:|---:|---:|---:|---:|---:|:--:|:--|
| closed-loop | 32 users | 1 | 11.71 | 13.53 | 414ms | 1923ms | 12ms | 3408 | 3408 | 0 | 0 | 458 | yes |  |
| closed-loop | 32 users | 2 | 11.76 | 13.40 | 408ms | 1711ms | 12ms | 3370 | 3370 | 0 | 0 | 411 | yes |  |
| closed-loop | 32 users | 3 | 11.94 | 13.64 | 407ms | 1759ms | 12ms | 3429 | 3429 | 0 | 0 | 428 | yes |  |
time=2026-09-11T01:14:57.335-07:00 level=INFO msg="compacted the run" requests=50873 cells=12 requests_parquet=runs/pressure/ws3-skew1/requests.parquet cells_parquet=runs/pressure/ws3-skew1/cells.parquet results=runs/pressure/ws3-skew1/results.md
time=2026-09-11T01:14:57.363-07:00 level=INFO msg="SLO read from the characterization rather than retyped" record=slo/characterization.json slo="TTFT < 990ms, inter-token p50 < 24ms (3x the measured floor of 329ms and 7.8ms)" measured_at=2026-09-07T07:50:38.074Z
time=2026-09-11T01:14:57.363-07:00 level=WARN msg="the characterization does not find the replicas interchangeable, so a policy difference in this sweep could be host asymmetry rather than the policy" record=slo/characterization.json
time=2026-09-11T01:14:57.363-07:00 level=WARN msg="the characterization this SLO came from is flagged" reason="replica symmetry is unresolved at one or more levels: at concurrency 32, TTFT p50 spread 22.1% over the 8.0% tolerance: replica-5 at 1.292s against replica-4 at 1.058s; at concurrency 32 that spread is not resolvable: one replica varies 36.3% against itself between repetitions, wider than the 8.0% tolerance, so the difference between replicas is inside the measurement's own noise. Lengthen the probe or add repetitions rather than acting on it"
time=2026-09-11T01:14:57.363-07:00 level=WARN msg="the characterization this SLO came from is flagged" reason="4 of 36 probes flagged: still warming up: the first half of the measured window was 26% slower than the second by TTFT p50, over a 25% threshold. Lengthen the warm-up and re-run (replica-1-c32-r1, replica-3-c32-r1, replica-5-c32-r1 and 1 more)"
time=2026-09-11T01:14:57.363-07:00 level=INFO msg="sampling GPUs for contamination" gpus=0,1,2,4,5 replica_pids="[1552195 1553463 1554731 1555911 1557116]" interval=5s
time=2026-09-11T01:14:57.364-07:00 level=INFO msg=offering workload="multiturn(sessions=922,ws=3,skew=1.4,turns=4,prompt=448t,output=64t,system=0.3x128t,branch=0.3x8fam1t,bpt=4,seed=1,usage=on)"
time=2026-09-11T01:14:57.395-07:00 level=INFO msg="router is up and running the policy these cells will name" router=http://127.0.0.1:8080 policy=least_outstanding spill=off replicas=5
time=2026-09-11T01:14:57.404-07:00 level=INFO msg="fleet is up" replicas=5
time=2026-09-11T01:14:59.947-07:00 level=INFO msg="fleet warmed" replicas=5 requests_each=3
time=2026-09-11T01:14:59.947-07:00 level=INFO msg="running cell" cell=least_outstanding-c32-r1 driver=closed_loop load="32 users" duration=5m0s
time=2026-09-11T01:20:01.727-07:00 level=INFO msg="cell complete" cell=least_outstanding-c32-r1 driver=closed_loop requests=5151 successes=5151 dropped=0 failed=0 slo_violations=225 goodput_rps=19.59437339261067 clean=true flagged=false
time=2026-09-11T01:20:11.732-07:00 level=INFO msg="running cell" cell=least_outstanding-c32-r2 driver=closed_loop load="32 users" duration=5m0s
time=2026-09-11T01:25:13.052-07:00 level=INFO msg="cell complete" cell=least_outstanding-c32-r2 driver=closed_loop requests=5162 successes=5162 dropped=0 failed=0 slo_violations=218 goodput_rps=19.69271472520024 clean=true flagged=false
time=2026-09-11T01:25:23.057-07:00 level=INFO msg="running cell" cell=least_outstanding-c32-r3 driver=closed_loop load="32 users" duration=5m0s
time=2026-09-11T01:30:25.919-07:00 level=INFO msg="cell complete" cell=least_outstanding-c32-r3 driver=closed_loop requests=5286 successes=5286 dropped=0 failed=0 slo_violations=242 goodput_rps=19.97463072681975 clean=true flagged=false

| driver | load | rep | goodput/s | tput/s | TTFT p50 | TTFT p99 | ITL p50 | reqs | ok | dropped | failed | SLO viol | clean | flagged |
|---|---:|---:|---:|---:|---:|---:|---:|---:|---:|---:|---:|---:|:--:|:--|
| closed-loop | 32 users | 1 | 19.59 | 20.49 | 108ms | 1425ms | 12ms | 5151 | 5151 | 0 | 0 | 225 | yes |  |
| closed-loop | 32 users | 2 | 19.69 | 20.56 | 111ms | 1420ms | 12ms | 5162 | 5162 | 0 | 0 | 218 | yes |  |
| closed-loop | 32 users | 3 | 19.97 | 20.93 | 103ms | 1431ms | 12ms | 5286 | 5286 | 0 | 0 | 242 | yes |  |
time=2026-09-11T01:30:27.812-07:00 level=INFO msg="compacted the run" requests=70778 cells=12 requests_parquet=runs/pressure/ws3-skew1.4/requests.parquet cells_parquet=runs/pressure/ws3-skew1.4/cells.parquet results=runs/pressure/ws3-skew1.4/results.md
time=2026-09-11T01:30:27.840-07:00 level=INFO msg="SLO read from the characterization rather than retyped" record=slo/characterization.json slo="TTFT < 990ms, inter-token p50 < 24ms (3x the measured floor of 329ms and 7.8ms)" measured_at=2026-09-07T07:50:38.074Z
time=2026-09-11T01:30:27.840-07:00 level=WARN msg="the characterization does not find the replicas interchangeable, so a policy difference in this sweep could be host asymmetry rather than the policy" record=slo/characterization.json
time=2026-09-11T01:30:27.840-07:00 level=WARN msg="the characterization this SLO came from is flagged" reason="replica symmetry is unresolved at one or more levels: at concurrency 32, TTFT p50 spread 22.1% over the 8.0% tolerance: replica-5 at 1.292s against replica-4 at 1.058s; at concurrency 32 that spread is not resolvable: one replica varies 36.3% against itself between repetitions, wider than the 8.0% tolerance, so the difference between replicas is inside the measurement's own noise. Lengthen the probe or add repetitions rather than acting on it"
time=2026-09-11T01:30:27.840-07:00 level=WARN msg="the characterization this SLO came from is flagged" reason="4 of 36 probes flagged: still warming up: the first half of the measured window was 26% slower than the second by TTFT p50, over a 25% threshold. Lengthen the warm-up and re-run (replica-1-c32-r1, replica-3-c32-r1, replica-5-c32-r1 and 1 more)"
time=2026-09-11T01:30:27.841-07:00 level=INFO msg="sampling GPUs for contamination" gpus=0,1,2,4,5 replica_pids="[1552195 1553463 1554731 1555911 1557116]" interval=5s
time=2026-09-11T01:30:27.841-07:00 level=INFO msg=offering workload="multiturn(sessions=2460,ws=8,skew=0,turns=4,prompt=448t,output=64t,system=0.3x128t,branch=0.3x8fam1t,bpt=4,seed=1,usage=on)"
time=2026-09-11T01:30:27.879-07:00 level=INFO msg="router is up and running the policy these cells will name" router=http://127.0.0.1:8080 policy=least_outstanding spill=off replicas=5
time=2026-09-11T01:30:27.888-07:00 level=INFO msg="fleet is up" replicas=5
time=2026-09-11T01:30:30.429-07:00 level=INFO msg="fleet warmed" replicas=5 requests_each=3
time=2026-09-11T01:30:30.430-07:00 level=INFO msg="running cell" cell=least_outstanding-c32-r1 driver=closed_loop load="32 users" duration=5m0s
time=2026-09-11T01:35:32.232-07:00 level=INFO msg="cell complete" cell=least_outstanding-c32-r1 driver=closed_loop requests=2459 successes=2459 dropped=0 failed=0 slo_violations=676 goodput_rps=7.091829177100111 clean=true flagged=false
time=2026-09-11T01:35:42.238-07:00 level=INFO msg="running cell" cell=least_outstanding-c32-r2 driver=closed_loop load="32 users" duration=5m0s
time=2026-09-11T01:40:43.406-07:00 level=INFO msg="cell complete" cell=least_outstanding-c32-r2 driver=closed_loop requests=2464 successes=2464 dropped=0 failed=0 slo_violations=609 goodput_rps=7.400924307711816 clean=true flagged=true
time=2026-09-11T01:40:53.412-07:00 level=INFO msg="running cell" cell=least_outstanding-c32-r3 driver=closed_loop load="32 users" duration=5m0s
time=2026-09-11T01:45:55.349-07:00 level=INFO msg="cell complete" cell=least_outstanding-c32-r3 driver=closed_loop requests=2444 successes=2444 dropped=0 failed=0 slo_violations=573 goodput_rps=7.435446712547971 clean=true flagged=false

| driver | load | rep | goodput/s | tput/s | TTFT p50 | TTFT p99 | ITL p50 | reqs | ok | dropped | failed | SLO viol | clean | flagged |
|---|---:|---:|---:|---:|---:|---:|---:|---:|---:|---:|---:|---:|:--:|:--|
| closed-loop | 32 users | 1 | 7.09 | 9.78 | 624ms | 2208ms | 12ms | 2459 | 2459 | 0 | 0 | 676 | yes |  |
| closed-loop | 32 users | 2 | 7.40 | 9.83 | 590ms | 2160ms | 12ms | 2464 | 2464 | 0 | 0 | 609 | yes | **1** |
| closed-loop | 32 users | 3 | 7.44 | 9.71 | 462ms | 2133ms | 12ms | 2444 | 2444 | 0 | 0 | 573 | yes |  |

Flagged cells — these are not averaged in without being read first:

- `least_outstanding-c32-r2`: still warming up: the first half of the measured window was 39% slower than the second by TTFT p50, over a 25% threshold. Lengthen the warm-up and re-run
time=2026-09-11T01:45:56.268-07:00 level=INFO msg="compacted the run" requests=34758 cells=12 requests_parquet=runs/pressure/ws8-skew0/requests.parquet cells_parquet=runs/pressure/ws8-skew0/cells.parquet results=runs/pressure/ws8-skew0/results.md
time=2026-09-11T01:45:56.291-07:00 level=INFO msg="SLO read from the characterization rather than retyped" record=slo/characterization.json slo="TTFT < 990ms, inter-token p50 < 24ms (3x the measured floor of 329ms and 7.8ms)" measured_at=2026-09-07T07:50:38.074Z
time=2026-09-11T01:45:56.291-07:00 level=WARN msg="the characterization does not find the replicas interchangeable, so a policy difference in this sweep could be host asymmetry rather than the policy" record=slo/characterization.json
time=2026-09-11T01:45:56.291-07:00 level=WARN msg="the characterization this SLO came from is flagged" reason="replica symmetry is unresolved at one or more levels: at concurrency 32, TTFT p50 spread 22.1% over the 8.0% tolerance: replica-5 at 1.292s against replica-4 at 1.058s; at concurrency 32 that spread is not resolvable: one replica varies 36.3% against itself between repetitions, wider than the 8.0% tolerance, so the difference between replicas is inside the measurement's own noise. Lengthen the probe or add repetitions rather than acting on it"
time=2026-09-11T01:45:56.291-07:00 level=WARN msg="the characterization this SLO came from is flagged" reason="4 of 36 probes flagged: still warming up: the first half of the measured window was 26% slower than the second by TTFT p50, over a 25% threshold. Lengthen the warm-up and re-run (replica-1-c32-r1, replica-3-c32-r1, replica-5-c32-r1 and 1 more)"
time=2026-09-11T01:45:56.291-07:00 level=INFO msg="sampling GPUs for contamination" gpus=0,1,2,4,5 replica_pids="[1552195 1553463 1554731 1555911 1557116]" interval=5s
time=2026-09-11T01:45:56.292-07:00 level=INFO msg=offering workload="multiturn(sessions=2460,ws=8,skew=1,turns=4,prompt=448t,output=64t,system=0.3x128t,branch=0.3x8fam1t,bpt=4,seed=1,usage=on)"
time=2026-09-11T01:45:56.316-07:00 level=INFO msg="router is up and running the policy these cells will name" router=http://127.0.0.1:8080 policy=least_outstanding spill=off replicas=5
time=2026-09-11T01:45:56.326-07:00 level=INFO msg="fleet is up" replicas=5
time=2026-09-11T01:45:58.913-07:00 level=INFO msg="fleet warmed" replicas=5 requests_each=3
time=2026-09-11T01:45:58.913-07:00 level=INFO msg="running cell" cell=least_outstanding-c32-r1 driver=closed_loop load="32 users" duration=5m0s
time=2026-09-11T01:51:00.175-07:00 level=INFO msg="cell complete" cell=least_outstanding-c32-r1 driver=closed_loop requests=3181 successes=3181 dropped=0 failed=0 slo_violations=407 goodput_rps=11.052507510153134 clean=true flagged=false
time=2026-09-11T01:51:10.180-07:00 level=INFO msg="running cell" cell=least_outstanding-c32-r2 driver=closed_loop load="32 users" duration=5m0s
time=2026-09-11T01:56:12.280-07:00 level=INFO msg="cell complete" cell=least_outstanding-c32-r2 driver=closed_loop requests=3203 successes=3203 dropped=0 failed=0 slo_violations=383 goodput_rps=11.2032010388661 clean=true flagged=false
time=2026-09-11T01:56:22.286-07:00 level=INFO msg="running cell" cell=least_outstanding-c32-r3 driver=closed_loop load="32 users" duration=5m0s
time=2026-09-11T02:01:23.632-07:00 level=INFO msg="cell complete" cell=least_outstanding-c32-r3 driver=closed_loop requests=3177 successes=3177 dropped=0 failed=0 slo_violations=463 goodput_rps=10.81003419766411 clean=true flagged=false

| driver | load | rep | goodput/s | tput/s | TTFT p50 | TTFT p99 | ITL p50 | reqs | ok | dropped | failed | SLO viol | clean | flagged |
|---|---:|---:|---:|---:|---:|---:|---:|---:|---:|---:|---:|---:|:--:|:--|
| closed-loop | 32 users | 1 | 11.05 | 12.67 | 411ms | 2052ms | 12ms | 3181 | 3181 | 0 | 0 | 407 | yes |  |
| closed-loop | 32 users | 2 | 11.20 | 12.72 | 415ms | 1851ms | 12ms | 3203 | 3203 | 0 | 0 | 383 | yes |  |
| closed-loop | 32 users | 3 | 10.81 | 12.65 | 425ms | 1827ms | 12ms | 3177 | 3177 | 0 | 0 | 463 | yes |  |
time=2026-09-11T02:01:24.909-07:00 level=INFO msg="compacted the run" requests=47462 cells=12 requests_parquet=runs/pressure/ws8-skew1/requests.parquet cells_parquet=runs/pressure/ws8-skew1/cells.parquet results=runs/pressure/ws8-skew1/results.md
time=2026-09-11T02:01:24.935-07:00 level=INFO msg="SLO read from the characterization rather than retyped" record=slo/characterization.json slo="TTFT < 990ms, inter-token p50 < 24ms (3x the measured floor of 329ms and 7.8ms)" measured_at=2026-09-07T07:50:38.074Z
time=2026-09-11T02:01:24.935-07:00 level=WARN msg="the characterization does not find the replicas interchangeable, so a policy difference in this sweep could be host asymmetry rather than the policy" record=slo/characterization.json
time=2026-09-11T02:01:24.935-07:00 level=WARN msg="the characterization this SLO came from is flagged" reason="replica symmetry is unresolved at one or more levels: at concurrency 32, TTFT p50 spread 22.1% over the 8.0% tolerance: replica-5 at 1.292s against replica-4 at 1.058s; at concurrency 32 that spread is not resolvable: one replica varies 36.3% against itself between repetitions, wider than the 8.0% tolerance, so the difference between replicas is inside the measurement's own noise. Lengthen the probe or add repetitions rather than acting on it"
time=2026-09-11T02:01:24.935-07:00 level=WARN msg="the characterization this SLO came from is flagged" reason="4 of 36 probes flagged: still warming up: the first half of the measured window was 26% slower than the second by TTFT p50, over a 25% threshold. Lengthen the warm-up and re-run (replica-1-c32-r1, replica-3-c32-r1, replica-5-c32-r1 and 1 more)"
time=2026-09-11T02:01:24.936-07:00 level=INFO msg="sampling GPUs for contamination" gpus=0,1,2,4,5 replica_pids="[1552195 1553463 1554731 1555911 1557116]" interval=5s
time=2026-09-11T02:01:24.937-07:00 level=INFO msg=offering workload="multiturn(sessions=2460,ws=8,skew=1.4,turns=4,prompt=448t,output=64t,system=0.3x128t,branch=0.3x8fam1t,bpt=4,seed=1,usage=on)"
time=2026-09-11T02:01:24.979-07:00 level=INFO msg="router is up and running the policy these cells will name" router=http://127.0.0.1:8080 policy=least_outstanding spill=off replicas=5
time=2026-09-11T02:01:24.988-07:00 level=INFO msg="fleet is up" replicas=5
time=2026-09-11T02:01:27.582-07:00 level=INFO msg="fleet warmed" replicas=5 requests_each=3
time=2026-09-11T02:01:27.582-07:00 level=INFO msg="running cell" cell=least_outstanding-c32-r1 driver=closed_loop load="32 users" duration=5m0s
time=2026-09-11T02:06:29.079-07:00 level=INFO msg="cell complete" cell=least_outstanding-c32-r1 driver=closed_loop requests=5099 successes=5099 dropped=0 failed=0 slo_violations=217 goodput_rps=19.443869584004066 clean=true flagged=false
time=2026-09-11T02:06:39.084-07:00 level=INFO msg="running cell" cell=least_outstanding-c32-r2 driver=closed_loop load="32 users" duration=5m0s
time=2026-09-11T02:11:40.452-07:00 level=INFO msg="cell complete" cell=least_outstanding-c32-r2 driver=closed_loop requests=4984 successes=4984 dropped=0 failed=0 slo_violations=207 goodput_rps=19.027185225040498 clean=true flagged=false
time=2026-09-11T02:11:50.458-07:00 level=INFO msg="running cell" cell=least_outstanding-c32-r3 driver=closed_loop load="32 users" duration=5m0s
time=2026-09-11T02:16:51.599-07:00 level=INFO msg="cell complete" cell=least_outstanding-c32-r3 driver=closed_loop requests=5092 successes=5092 dropped=0 failed=0 slo_violations=212 goodput_rps=19.453483220729733 clean=true flagged=false

| driver | load | rep | goodput/s | tput/s | TTFT p50 | TTFT p99 | ITL p50 | reqs | ok | dropped | failed | SLO viol | clean | flagged |
|---|---:|---:|---:|---:|---:|---:|---:|---:|---:|---:|---:|---:|:--:|:--|
| closed-loop | 32 users | 1 | 19.44 | 20.31 | 110ms | 1403ms | 12ms | 5099 | 5099 | 0 | 0 | 217 | yes |  |
| closed-loop | 32 users | 2 | 19.03 | 19.85 | 108ms | 1417ms | 12ms | 4984 | 4984 | 0 | 0 | 207 | yes |  |
| closed-loop | 32 users | 3 | 19.45 | 20.30 | 110ms | 1422ms | 12ms | 5092 | 5092 | 0 | 0 | 212 | yes |  |
time=2026-09-11T02:16:53.448-07:00 level=INFO msg="compacted the run" requests=69756 cells=12 requests_parquet=runs/pressure/ws8-skew1.4/requests.parquet cells_parquet=runs/pressure/ws8-skew1.4/cells.parquet results=runs/pressure/ws8-skew1.4/results.md
