replica-5 is not running
replica-4 is not running
replica-2 is not running
replica-1 is not running
replica-0 is not running
preflight: 5 GPUs clean, all below 256 MiB
preflight: 5 GPUs clean, all below 256 MiB
starting replica-0 on GPU 0, port 8000, vLLM 0.28.0, quantization awq_marlin, linear backend marlin
replica-0 is up: http://127.0.0.1:8000 (PID 2961215)
fleet: settling for 15s before the next replica
starting replica-1 on GPU 1, port 8001, vLLM 0.28.0, quantization awq_marlin, linear backend marlin
replica-1 is up: http://127.0.0.1:8001 (PID 2962797)
fleet: settling for 15s before the next replica
starting replica-2 on GPU 2, port 8002, vLLM 0.28.0, quantization awq_marlin, linear backend marlin
replica-2 is up: http://127.0.0.1:8002 (PID 2964359)
fleet: settling for 15s before the next replica
starting replica-4 on GPU 4, port 8004, vLLM 0.28.0, quantization awq_marlin, linear backend marlin
replica-4 is up: http://127.0.0.1:8004 (PID 2966009)
fleet: settling for 15s before the next replica
starting replica-5 on GPU 5, port 8005, vLLM 0.28.0, quantization awq_marlin, linear backend marlin
replica-5 is up: http://127.0.0.1:8005 (PID 2967461)
fleet: 5 replicas up on GPUs 0 1 2 4 5
replica-0=http://127.0.0.1:8000,replica-1=http://127.0.0.1:8001,replica-2=http://127.0.0.1:8002,replica-4=http://127.0.0.1:8004,replica-5=http://127.0.0.1:8005
probe-usage: http://127.0.0.1:8000
  cold  → PRESENT 575 0
  warm  → PRESENT 575 560
probe-usage: OK — cached_tokens reported, and the warm request reused 560 tokens
stopping replica-5 (PID 2967461)
stopping replica-4 (PID 2966009)
stopping replica-2 (PID 2964359)
stopping replica-1 (PID 2962797)
stopping replica-0 (PID 2961215)
preflight: 5 GPUs clean, all below 256 MiB
starting replica-0 on GPU 0, port 8000, vLLM 0.28.0, quantization awq_marlin, linear backend marlin
replica-0 is up: http://127.0.0.1:8000 (PID 2969364)
fleet: settling for 15s before the next replica
starting replica-1 on GPU 1, port 8001, vLLM 0.28.0, quantization awq_marlin, linear backend marlin
replica-1 is up: http://127.0.0.1:8001 (PID 2971209)
fleet: settling for 15s before the next replica
starting replica-2 on GPU 2, port 8002, vLLM 0.28.0, quantization awq_marlin, linear backend marlin
replica-2 is up: http://127.0.0.1:8002 (PID 2973120)
fleet: settling for 15s before the next replica
starting replica-4 on GPU 4, port 8004, vLLM 0.28.0, quantization awq_marlin, linear backend marlin
replica-4 is up: http://127.0.0.1:8004 (PID 2974645)
fleet: settling for 15s before the next replica
starting replica-5 on GPU 5, port 8005, vLLM 0.28.0, quantization awq_marlin, linear backend marlin
replica-5 is up: http://127.0.0.1:8005 (PID 2976233)
fleet: 5 replicas up on GPUs 0 1 2 4 5
replica-0=http://127.0.0.1:8000,replica-1=http://127.0.0.1:8001,replica-2=http://127.0.0.1:8002,replica-4=http://127.0.0.1:8004,replica-5=http://127.0.0.1:8005
probe-usage: http://127.0.0.1:8000
  cold  → PRESENT 575 0
  warm  → PRESENT 575 560
probe-usage: OK — cached_tokens reported, and the warm request reused 560 tokens
time=2026-09-13T01:01:45.215-07:00 level=INFO msg="SLO read from the characterization rather than retyped" record=slo/characterization.json slo="TTFT < 990ms, inter-token p50 < 24ms (3x the measured floor of 329ms and 7.8ms)" measured_at=2026-09-07T07:50:38.074Z
time=2026-09-13T01:01:45.215-07:00 level=WARN msg="the characterization does not find the replicas interchangeable, so a policy difference in this sweep could be host asymmetry rather than the policy" record=slo/characterization.json
time=2026-09-13T01:01:45.215-07:00 level=WARN msg="the characterization this SLO came from is flagged" reason="replica symmetry is unresolved at one or more levels: at concurrency 32, TTFT p50 spread 22.1% over the 8.0% tolerance: replica-5 at 1.292s against replica-4 at 1.058s; at concurrency 32 that spread is not resolvable: one replica varies 36.3% against itself between repetitions, wider than the 8.0% tolerance, so the difference between replicas is inside the measurement's own noise. Lengthen the probe or add repetitions rather than acting on it"
time=2026-09-13T01:01:45.215-07:00 level=WARN msg="the characterization this SLO came from is flagged" reason="4 of 36 probes flagged: still warming up: the first half of the measured window was 26% slower than the second by TTFT p50, over a 25% threshold. Lengthen the warm-up and re-run (replica-1-c32-r1, replica-3-c32-r1, replica-5-c32-r1 and 1 more)"
time=2026-09-13T01:01:45.215-07:00 level=INFO msg="sampling GPUs for contamination and throttling" gpus=0,1,2,4,5 replica_pids="[2969364 2971209 2973120 2974645 2976233]" interval=5s thermal_share_threshold=0.5
time=2026-09-13T01:01:45.216-07:00 level=INFO msg=offering workload="multiturn(sessions=76,ws=0.25,skew=0,turns=4,prompt=448t,output=64t,system=0.3x128t,branch=0.3x8fam1t,bpt=4,seed=1,usage=on)"
time=2026-09-13T01:01:45.218-07:00 level=INFO msg="router is up and running the policy these cells will name" router=http://127.0.0.1:8080 policy=prefix_affinity spill="hit<0.55 load>off" hash=off replicas=5
time=2026-09-13T01:01:45.227-07:00 level=INFO msg="fleet is up" replicas=5
time=2026-09-13T01:01:47.878-07:00 level=INFO msg="fleet warmed" replicas=5 requests_each=3
time=2026-09-13T01:01:47.880-07:00 level=INFO msg="running cell" cell=prefix_affinity-c32-r1 driver=closed_loop load="32 users" duration=5m0s
time=2026-09-13T01:06:49.087-07:00 level=INFO msg="cell complete" cell=prefix_affinity-c32-r1 driver=closed_loop requests=6606 successes=6606 dropped=0 failed=0 slo_violations=261 goodput_rps=25.318698501983746 clean=true throttled=false flagged=false
time=2026-09-13T01:06:59.094-07:00 level=INFO msg="running cell" cell=prefix_affinity-c32-r2 driver=closed_loop load="32 users" duration=5m0s
time=2026-09-13T01:12:00.122-07:00 level=INFO msg="cell complete" cell=prefix_affinity-c32-r2 driver=closed_loop requests=6556 successes=6556 dropped=0 failed=0 slo_violations=356 goodput_rps=24.72987628903135 clean=true throttled=false flagged=false
time=2026-09-13T01:12:10.131-07:00 level=INFO msg="running cell" cell=prefix_affinity-c32-r3 driver=closed_loop load="32 users" duration=5m0s
time=2026-09-13T01:17:11.207-07:00 level=INFO msg="cell complete" cell=prefix_affinity-c32-r3 driver=closed_loop requests=5931 successes=5931 dropped=0 failed=0 slo_violations=333 goodput_rps=22.325812501893733 clean=true throttled=false flagged=false

| driver | load | rep | goodput/s | tput/s | TTFT p50 | TTFT p99 | ITL p50 | reqs | ok | dropped | failed | SLO viol | clean | flagged |
|---|---:|---:|---:|---:|---:|---:|---:|---:|---:|---:|---:|---:|:--:|:--|
| closed-loop | 32 users | 1 | 25.32 | 26.36 | 99ms | 1146ms | 13ms | 6606 | 6606 | 0 | 0 | 261 | yes |  |
| closed-loop | 32 users | 2 | 24.73 | 26.15 | 100ms | 1387ms | 13ms | 6556 | 6556 | 0 | 0 | 356 | yes |  |
| closed-loop | 32 users | 3 | 22.33 | 23.65 | 102ms | 1910ms | 13ms | 5931 | 5931 | 0 | 0 | 333 | yes |  |
time=2026-09-13T01:17:11.854-07:00 level=INFO msg="compacted the run" requests=19966 cells=3 requests_parquet=runs/pressure-residency/m0.55/ws0.25-skew0/requests.parquet cells_parquet=runs/pressure-residency/m0.55/ws0.25-skew0/cells.parquet results=runs/pressure-residency/m0.55/ws0.25-skew0/results.md
time=2026-09-13T01:17:11.878-07:00 level=INFO msg="SLO read from the characterization rather than retyped" record=slo/characterization.json slo="TTFT < 990ms, inter-token p50 < 24ms (3x the measured floor of 329ms and 7.8ms)" measured_at=2026-09-07T07:50:38.074Z
time=2026-09-13T01:17:11.878-07:00 level=WARN msg="the characterization does not find the replicas interchangeable, so a policy difference in this sweep could be host asymmetry rather than the policy" record=slo/characterization.json
time=2026-09-13T01:17:11.878-07:00 level=WARN msg="the characterization this SLO came from is flagged" reason="replica symmetry is unresolved at one or more levels: at concurrency 32, TTFT p50 spread 22.1% over the 8.0% tolerance: replica-5 at 1.292s against replica-4 at 1.058s; at concurrency 32 that spread is not resolvable: one replica varies 36.3% against itself between repetitions, wider than the 8.0% tolerance, so the difference between replicas is inside the measurement's own noise. Lengthen the probe or add repetitions rather than acting on it"
time=2026-09-13T01:17:11.878-07:00 level=WARN msg="the characterization this SLO came from is flagged" reason="4 of 36 probes flagged: still warming up: the first half of the measured window was 26% slower than the second by TTFT p50, over a 25% threshold. Lengthen the warm-up and re-run (replica-1-c32-r1, replica-3-c32-r1, replica-5-c32-r1 and 1 more)"
time=2026-09-13T01:17:11.878-07:00 level=INFO msg="sampling GPUs for contamination and throttling" gpus=0,1,2,4,5 replica_pids="[2969364 2971209 2973120 2974645 2976233]" interval=5s thermal_share_threshold=0.5
time=2026-09-13T01:17:11.879-07:00 level=INFO msg=offering workload="multiturn(sessions=76,ws=0.25,skew=1,turns=4,prompt=448t,output=64t,system=0.3x128t,branch=0.3x8fam1t,bpt=4,seed=1,usage=on)"
time=2026-09-13T01:17:11.885-07:00 level=INFO msg="router is up and running the policy these cells will name" router=http://127.0.0.1:8080 policy=prefix_affinity spill="hit<0.55 load>off" hash=off replicas=5
time=2026-09-13T01:17:11.894-07:00 level=INFO msg="fleet is up" replicas=5
time=2026-09-13T01:17:14.483-07:00 level=INFO msg="fleet warmed" replicas=5 requests_each=3
time=2026-09-13T01:17:14.489-07:00 level=INFO msg="running cell" cell=prefix_affinity-c32-r1 driver=closed_loop load="32 users" duration=5m0s
time=2026-09-13T01:22:15.531-07:00 level=INFO msg="cell complete" cell=prefix_affinity-c32-r1 driver=closed_loop requests=7514 successes=7514 dropped=0 failed=0 slo_violations=599 goodput_rps=27.581479969132022 clean=true throttled=false flagged=false
time=2026-09-13T01:22:25.544-07:00 level=INFO msg="running cell" cell=prefix_affinity-c32-r2 driver=closed_loop load="32 users" duration=5m0s
time=2026-09-13T01:27:26.836-07:00 level=INFO msg="cell complete" cell=prefix_affinity-c32-r2 driver=closed_loop requests=4763 successes=4763 dropped=0 failed=0 slo_violations=2024 goodput_rps=10.914037702950209 clean=true throttled=false flagged=true
time=2026-09-13T01:27:36.849-07:00 level=INFO msg="running cell" cell=prefix_affinity-c32-r3 driver=closed_loop load="32 users" duration=5m0s
time=2026-09-13T01:32:37.879-07:00 level=INFO msg="cell complete" cell=prefix_affinity-c32-r3 driver=closed_loop requests=7177 successes=7177 dropped=0 failed=0 slo_violations=192 goodput_rps=27.85780709618837 clean=true throttled=false flagged=false

| driver | load | rep | goodput/s | tput/s | TTFT p50 | TTFT p99 | ITL p50 | reqs | ok | dropped | failed | SLO viol | clean | flagged |
|---|---:|---:|---:|---:|---:|---:|---:|---:|---:|---:|---:|---:|:--:|:--|
| closed-loop | 32 users | 1 | 27.58 | 29.97 | 101ms | 445ms | 14ms | 7514 | 7514 | 0 | 0 | 599 | yes |  |
| closed-loop | 32 users | 2 | 10.91 | 18.98 | 126ms | 595ms | 11ms | 4763 | 4763 | 0 | 0 | 2024 | yes | **1** |
| closed-loop | 32 users | 3 | 27.86 | 28.62 | 101ms | 516ms | 14ms | 7177 | 7177 | 0 | 0 | 192 | yes |  |

Flagged cells — these are not averaged in without being read first:

- `prefix_affinity-c32-r2`: still warming up: the first half of the measured window was 44% slower than the second by TTFT p50, over a 25% threshold. Lengthen the warm-up and re-run
time=2026-09-13T01:32:38.592-07:00 level=INFO msg="compacted the run" requests=21109 cells=3 requests_parquet=runs/pressure-residency/m0.55/ws0.25-skew1/requests.parquet cells_parquet=runs/pressure-residency/m0.55/ws0.25-skew1/cells.parquet results=runs/pressure-residency/m0.55/ws0.25-skew1/results.md
time=2026-09-13T01:32:38.616-07:00 level=INFO msg="SLO read from the characterization rather than retyped" record=slo/characterization.json slo="TTFT < 990ms, inter-token p50 < 24ms (3x the measured floor of 329ms and 7.8ms)" measured_at=2026-09-07T07:50:38.074Z
time=2026-09-13T01:32:38.616-07:00 level=WARN msg="the characterization does not find the replicas interchangeable, so a policy difference in this sweep could be host asymmetry rather than the policy" record=slo/characterization.json
time=2026-09-13T01:32:38.616-07:00 level=WARN msg="the characterization this SLO came from is flagged" reason="replica symmetry is unresolved at one or more levels: at concurrency 32, TTFT p50 spread 22.1% over the 8.0% tolerance: replica-5 at 1.292s against replica-4 at 1.058s; at concurrency 32 that spread is not resolvable: one replica varies 36.3% against itself between repetitions, wider than the 8.0% tolerance, so the difference between replicas is inside the measurement's own noise. Lengthen the probe or add repetitions rather than acting on it"
time=2026-09-13T01:32:38.616-07:00 level=WARN msg="the characterization this SLO came from is flagged" reason="4 of 36 probes flagged: still warming up: the first half of the measured window was 26% slower than the second by TTFT p50, over a 25% threshold. Lengthen the warm-up and re-run (replica-1-c32-r1, replica-3-c32-r1, replica-5-c32-r1 and 1 more)"
time=2026-09-13T01:32:38.617-07:00 level=INFO msg="sampling GPUs for contamination and throttling" gpus=0,1,2,4,5 replica_pids="[2969364 2971209 2973120 2974645 2976233]" interval=5s thermal_share_threshold=0.5
time=2026-09-13T01:32:38.618-07:00 level=INFO msg=offering workload="multiturn(sessions=76,ws=0.25,skew=1.4,turns=4,prompt=448t,output=64t,system=0.3x128t,branch=0.3x8fam1t,bpt=4,seed=1,usage=on)"
time=2026-09-13T01:32:38.630-07:00 level=INFO msg="router is up and running the policy these cells will name" router=http://127.0.0.1:8080 policy=prefix_affinity spill="hit<0.55 load>off" hash=off replicas=5
time=2026-09-13T01:32:38.639-07:00 level=INFO msg="fleet is up" replicas=5
time=2026-09-13T01:32:41.189-07:00 level=INFO msg="fleet warmed" replicas=5 requests_each=3
time=2026-09-13T01:32:41.200-07:00 level=INFO msg="running cell" cell=prefix_affinity-c32-r1 driver=closed_loop load="32 users" duration=5m0s
time=2026-09-13T01:37:42.329-07:00 level=INFO msg="cell complete" cell=prefix_affinity-c32-r1 driver=closed_loop requests=6456 successes=6456 dropped=0 failed=0 slo_violations=1948 goodput_rps=17.973968982545237 clean=true throttled=false flagged=false
time=2026-09-13T01:37:52.347-07:00 level=INFO msg="running cell" cell=prefix_affinity-c32-r2 driver=closed_loop load="32 users" duration=5m0s
time=2026-09-13T01:42:53.614-07:00 level=INFO msg="cell complete" cell=prefix_affinity-c32-r2 driver=closed_loop requests=4874 successes=4874 dropped=0 failed=0 slo_violations=2360 goodput_rps=10.01611009139444 clean=true throttled=false flagged=false
time=2026-09-13T01:43:03.633-07:00 level=INFO msg="running cell" cell=prefix_affinity-c32-r3 driver=closed_loop load="32 users" duration=5m0s
time=2026-09-13T01:48:04.908-07:00 level=INFO msg="cell complete" cell=prefix_affinity-c32-r3 driver=closed_loop requests=5704 successes=5704 dropped=0 failed=0 slo_violations=2599 goodput_rps=12.374308549090793 clean=true throttled=false flagged=false

| driver | load | rep | goodput/s | tput/s | TTFT p50 | TTFT p99 | ITL p50 | reqs | ok | dropped | failed | SLO viol | clean | flagged |
|---|---:|---:|---:|---:|---:|---:|---:|---:|---:|---:|---:|---:|:--:|:--|
| closed-loop | 32 users | 1 | 17.97 | 25.74 | 105ms | 438ms | 13ms | 6456 | 6456 | 0 | 0 | 1948 | yes |  |
| closed-loop | 32 users | 2 | 10.02 | 19.42 | 141ms | 436ms | 18ms | 4874 | 4874 | 0 | 0 | 2360 | yes |  |
| closed-loop | 32 users | 3 | 12.37 | 22.73 | 120ms | 466ms | 13ms | 5704 | 5704 | 0 | 0 | 2599 | yes |  |
time=2026-09-13T01:48:05.626-07:00 level=INFO msg="compacted the run" requests=19876 cells=3 requests_parquet=runs/pressure-residency/m0.55/ws0.25-skew1.4/requests.parquet cells_parquet=runs/pressure-residency/m0.55/ws0.25-skew1.4/cells.parquet results=runs/pressure-residency/m0.55/ws0.25-skew1.4/results.md
time=2026-09-13T01:48:05.652-07:00 level=INFO msg="SLO read from the characterization rather than retyped" record=slo/characterization.json slo="TTFT < 990ms, inter-token p50 < 24ms (3x the measured floor of 329ms and 7.8ms)" measured_at=2026-09-07T07:50:38.074Z
time=2026-09-13T01:48:05.652-07:00 level=WARN msg="the characterization does not find the replicas interchangeable, so a policy difference in this sweep could be host asymmetry rather than the policy" record=slo/characterization.json
time=2026-09-13T01:48:05.652-07:00 level=WARN msg="the characterization this SLO came from is flagged" reason="replica symmetry is unresolved at one or more levels: at concurrency 32, TTFT p50 spread 22.1% over the 8.0% tolerance: replica-5 at 1.292s against replica-4 at 1.058s; at concurrency 32 that spread is not resolvable: one replica varies 36.3% against itself between repetitions, wider than the 8.0% tolerance, so the difference between replicas is inside the measurement's own noise. Lengthen the probe or add repetitions rather than acting on it"
time=2026-09-13T01:48:05.652-07:00 level=WARN msg="the characterization this SLO came from is flagged" reason="4 of 36 probes flagged: still warming up: the first half of the measured window was 26% slower than the second by TTFT p50, over a 25% threshold. Lengthen the warm-up and re-run (replica-1-c32-r1, replica-3-c32-r1, replica-5-c32-r1 and 1 more)"
time=2026-09-13T01:48:05.653-07:00 level=INFO msg="sampling GPUs for contamination and throttling" gpus=0,1,2,4,5 replica_pids="[2969364 2971209 2973120 2974645 2976233]" interval=5s thermal_share_threshold=0.5
time=2026-09-13T01:48:05.653-07:00 level=INFO msg=offering workload="multiturn(sessions=307,ws=1,skew=0,turns=4,prompt=448t,output=64t,system=0.3x128t,branch=0.3x8fam1t,bpt=4,seed=1,usage=on)"
time=2026-09-13T01:48:05.671-07:00 level=INFO msg="router is up and running the policy these cells will name" router=http://127.0.0.1:8080 policy=prefix_affinity spill="hit<0.55 load>off" hash=off replicas=5
time=2026-09-13T01:48:05.681-07:00 level=INFO msg="fleet is up" replicas=5
time=2026-09-13T01:48:08.413-07:00 level=INFO msg="fleet warmed" replicas=5 requests_each=3
time=2026-09-13T01:48:08.430-07:00 level=INFO msg="running cell" cell=prefix_affinity-c32-r1 driver=closed_loop load="32 users" duration=5m0s
time=2026-09-13T01:53:23.052-07:00 level=INFO msg="cell complete" cell=prefix_affinity-c32-r1 driver=closed_loop requests=1134 successes=1134 dropped=0 failed=0 slo_violations=544 goodput_rps=2.2760365431419047 clean=true throttled=false flagged=false
time=2026-09-13T01:53:33.075-07:00 level=INFO msg="running cell" cell=prefix_affinity-c32-r2 driver=closed_loop load="32 users" duration=5m0s
time=2026-09-13T01:58:35.802-07:00 level=INFO msg="cell complete" cell=prefix_affinity-c32-r2 driver=closed_loop requests=1198 successes=1198 dropped=0 failed=0 slo_violations=658 goodput_rps=2.14197926612729 clean=true throttled=false flagged=false
time=2026-09-13T01:58:45.824-07:00 level=INFO msg="running cell" cell=prefix_affinity-c32-r3 driver=closed_loop load="32 users" duration=5m0s
time=2026-09-13T02:03:48.601-07:00 level=INFO msg="cell complete" cell=prefix_affinity-c32-r3 driver=closed_loop requests=1340 successes=1340 dropped=0 failed=0 slo_violations=659 goodput_rps=2.696649067099069 clean=true throttled=false flagged=false

| driver | load | rep | goodput/s | tput/s | TTFT p50 | TTFT p99 | ITL p50 | reqs | ok | dropped | failed | SLO viol | clean | flagged |
|---|---:|---:|---:|---:|---:|---:|---:|---:|---:|---:|---:|---:|:--:|:--|
| closed-loop | 32 users | 1 | 2.28 | 4.37 | 661ms | 15411ms | 11ms | 1134 | 1134 | 0 | 0 | 544 | yes |  |
| closed-loop | 32 users | 2 | 2.14 | 4.75 | 1013ms | 13753ms | 13ms | 1198 | 1198 | 0 | 0 | 658 | yes |  |
| closed-loop | 32 users | 3 | 2.70 | 5.31 | 749ms | 12126ms | 13ms | 1340 | 1340 | 0 | 0 | 659 | yes |  |
time=2026-09-13T02:03:48.792-07:00 level=INFO msg="compacted the run" requests=4464 cells=3 requests_parquet=runs/pressure-residency/m0.55/ws1-skew0/requests.parquet cells_parquet=runs/pressure-residency/m0.55/ws1-skew0/cells.parquet results=runs/pressure-residency/m0.55/ws1-skew0/results.md
time=2026-09-13T02:03:48.811-07:00 level=INFO msg="SLO read from the characterization rather than retyped" record=slo/characterization.json slo="TTFT < 990ms, inter-token p50 < 24ms (3x the measured floor of 329ms and 7.8ms)" measured_at=2026-09-07T07:50:38.074Z
time=2026-09-13T02:03:48.811-07:00 level=WARN msg="the characterization does not find the replicas interchangeable, so a policy difference in this sweep could be host asymmetry rather than the policy" record=slo/characterization.json
time=2026-09-13T02:03:48.811-07:00 level=WARN msg="the characterization this SLO came from is flagged" reason="replica symmetry is unresolved at one or more levels: at concurrency 32, TTFT p50 spread 22.1% over the 8.0% tolerance: replica-5 at 1.292s against replica-4 at 1.058s; at concurrency 32 that spread is not resolvable: one replica varies 36.3% against itself between repetitions, wider than the 8.0% tolerance, so the difference between replicas is inside the measurement's own noise. Lengthen the probe or add repetitions rather than acting on it"
time=2026-09-13T02:03:48.811-07:00 level=WARN msg="the characterization this SLO came from is flagged" reason="4 of 36 probes flagged: still warming up: the first half of the measured window was 26% slower than the second by TTFT p50, over a 25% threshold. Lengthen the warm-up and re-run (replica-1-c32-r1, replica-3-c32-r1, replica-5-c32-r1 and 1 more)"
time=2026-09-13T02:03:48.812-07:00 level=INFO msg="sampling GPUs for contamination and throttling" gpus=0,1,2,4,5 replica_pids="[2969364 2971209 2973120 2974645 2976233]" interval=5s thermal_share_threshold=0.5
time=2026-09-13T02:03:48.812-07:00 level=INFO msg=offering workload="multiturn(sessions=307,ws=1,skew=1,turns=4,prompt=448t,output=64t,system=0.3x128t,branch=0.3x8fam1t,bpt=4,seed=1,usage=on)"
time=2026-09-13T02:03:48.830-07:00 level=INFO msg="router is up and running the policy these cells will name" router=http://127.0.0.1:8080 policy=prefix_affinity spill="hit<0.55 load>off" hash=off replicas=5
time=2026-09-13T02:03:48.838-07:00 level=INFO msg="fleet is up" replicas=5
time=2026-09-13T02:03:51.347-07:00 level=INFO msg="fleet warmed" replicas=5 requests_each=3
time=2026-09-13T02:03:51.364-07:00 level=INFO msg="running cell" cell=prefix_affinity-c32-r1 driver=closed_loop load="32 users" duration=5m0s
time=2026-09-13T02:08:52.683-07:00 level=INFO msg="cell complete" cell=prefix_affinity-c32-r1 driver=closed_loop requests=3626 successes=3626 dropped=0 failed=0 slo_violations=522 goodput_rps=12.365005607831222 clean=true throttled=false flagged=false
time=2026-09-13T02:09:02.706-07:00 level=INFO msg="running cell" cell=prefix_affinity-c32-r2 driver=closed_loop load="32 users" duration=5m0s
time=2026-09-13T02:14:04.026-07:00 level=INFO msg="cell complete" cell=prefix_affinity-c32-r2 driver=closed_loop requests=3785 successes=3785 dropped=0 failed=0 slo_violations=341 goodput_rps=13.720367456514179 clean=true throttled=false flagged=true
time=2026-09-13T02:14:14.050-07:00 level=INFO msg="running cell" cell=prefix_affinity-c32-r3 driver=closed_loop load="32 users" duration=5m0s
time=2026-09-13T02:19:15.105-07:00 level=INFO msg="cell complete" cell=prefix_affinity-c32-r3 driver=closed_loop requests=3641 successes=3641 dropped=0 failed=0 slo_violations=411 goodput_rps=12.882725400798321 clean=true throttled=false flagged=true

| driver | load | rep | goodput/s | tput/s | TTFT p50 | TTFT p99 | ITL p50 | reqs | ok | dropped | failed | SLO viol | clean | flagged |
|---|---:|---:|---:|---:|---:|---:|---:|---:|---:|---:|---:|---:|:--:|:--|
| closed-loop | 32 users | 1 | 12.37 | 14.44 | 328ms | 1778ms | 16ms | 3626 | 3626 | 0 | 0 | 522 | yes |  |
| closed-loop | 32 users | 2 | 13.72 | 15.08 | 295ms | 1565ms | 15ms | 3785 | 3785 | 0 | 0 | 341 | yes | **1** |
| closed-loop | 32 users | 3 | 12.88 | 14.52 | 325ms | 1751ms | 16ms | 3641 | 3641 | 0 | 0 | 411 | yes | **1** |

Flagged cells — these are not averaged in without being read first:

- `prefix_affinity-c32-r2`: still warming up: the first half of the measured window was 140% slower than the second by TTFT p50, over a 25% threshold. Lengthen the warm-up and re-run
- `prefix_affinity-c32-r3`: still warming up: the first half of the measured window was 47% slower than the second by TTFT p50, over a 25% threshold. Lengthen the warm-up and re-run
time=2026-09-13T02:19:15.517-07:00 level=INFO msg="compacted the run" requests=11919 cells=3 requests_parquet=runs/pressure-residency/m0.55/ws1-skew1/requests.parquet cells_parquet=runs/pressure-residency/m0.55/ws1-skew1/cells.parquet results=runs/pressure-residency/m0.55/ws1-skew1/results.md
time=2026-09-13T02:19:15.537-07:00 level=INFO msg="SLO read from the characterization rather than retyped" record=slo/characterization.json slo="TTFT < 990ms, inter-token p50 < 24ms (3x the measured floor of 329ms and 7.8ms)" measured_at=2026-09-07T07:50:38.074Z
time=2026-09-13T02:19:15.537-07:00 level=WARN msg="the characterization does not find the replicas interchangeable, so a policy difference in this sweep could be host asymmetry rather than the policy" record=slo/characterization.json
time=2026-09-13T02:19:15.537-07:00 level=WARN msg="the characterization this SLO came from is flagged" reason="replica symmetry is unresolved at one or more levels: at concurrency 32, TTFT p50 spread 22.1% over the 8.0% tolerance: replica-5 at 1.292s against replica-4 at 1.058s; at concurrency 32 that spread is not resolvable: one replica varies 36.3% against itself between repetitions, wider than the 8.0% tolerance, so the difference between replicas is inside the measurement's own noise. Lengthen the probe or add repetitions rather than acting on it"
time=2026-09-13T02:19:15.537-07:00 level=WARN msg="the characterization this SLO came from is flagged" reason="4 of 36 probes flagged: still warming up: the first half of the measured window was 26% slower than the second by TTFT p50, over a 25% threshold. Lengthen the warm-up and re-run (replica-1-c32-r1, replica-3-c32-r1, replica-5-c32-r1 and 1 more)"
time=2026-09-13T02:19:15.538-07:00 level=INFO msg="sampling GPUs for contamination and throttling" gpus=0,1,2,4,5 replica_pids="[2969364 2971209 2973120 2974645 2976233]" interval=5s thermal_share_threshold=0.5
time=2026-09-13T02:19:15.538-07:00 level=INFO msg=offering workload="multiturn(sessions=307,ws=1,skew=1.4,turns=4,prompt=448t,output=64t,system=0.3x128t,branch=0.3x8fam1t,bpt=4,seed=1,usage=on)"
time=2026-09-13T02:19:15.560-07:00 level=INFO msg="router is up and running the policy these cells will name" router=http://127.0.0.1:8080 policy=prefix_affinity spill="hit<0.55 load>off" hash=off replicas=5
time=2026-09-13T02:19:15.569-07:00 level=INFO msg="fleet is up" replicas=5
time=2026-09-13T02:19:18.134-07:00 level=INFO msg="fleet warmed" replicas=5 requests_each=3
time=2026-09-13T02:19:18.155-07:00 level=INFO msg="running cell" cell=prefix_affinity-c32-r1 driver=closed_loop load="32 users" duration=5m0s
time=2026-09-13T02:24:19.324-07:00 level=INFO msg="cell complete" cell=prefix_affinity-c32-r1 driver=closed_loop requests=6104 successes=6104 dropped=0 failed=0 slo_violations=1083 goodput_rps=20.013052369822304 clean=true throttled=false flagged=false
time=2026-09-13T02:24:29.351-07:00 level=INFO msg="running cell" cell=prefix_affinity-c32-r2 driver=closed_loop load="32 users" duration=5m0s
time=2026-09-13T02:29:30.331-07:00 level=INFO msg="cell complete" cell=prefix_affinity-c32-r2 driver=closed_loop requests=6281 successes=6281 dropped=0 failed=0 slo_violations=116 goodput_rps=24.60197512395322 clean=true throttled=false flagged=false
time=2026-09-13T02:29:40.360-07:00 level=INFO msg="running cell" cell=prefix_affinity-c32-r3 driver=closed_loop load="32 users" duration=5m0s
time=2026-09-13T02:34:41.521-07:00 level=INFO msg="cell complete" cell=prefix_affinity-c32-r3 driver=closed_loop requests=3884 successes=3884 dropped=0 failed=0 slo_violations=2249 goodput_rps=6.522590491988038 clean=true throttled=false flagged=false

| driver | load | rep | goodput/s | tput/s | TTFT p50 | TTFT p99 | ITL p50 | reqs | ok | dropped | failed | SLO viol | clean | flagged |
|---|---:|---:|---:|---:|---:|---:|---:|---:|---:|---:|---:|---:|:--:|:--|
| closed-loop | 32 users | 1 | 20.01 | 24.33 | 109ms | 808ms | 13ms | 6104 | 6104 | 0 | 0 | 1083 | yes |  |
| closed-loop | 32 users | 2 | 24.60 | 25.06 | 106ms | 839ms | 15ms | 6281 | 6281 | 0 | 0 | 116 | yes |  |
| closed-loop | 32 users | 3 | 6.52 | 15.49 | 171ms | 698ms | 29ms | 3884 | 3884 | 0 | 0 | 2249 | yes |  |
time=2026-09-13T02:34:42.146-07:00 level=INFO msg="compacted the run" requests=17953 cells=3 requests_parquet=runs/pressure-residency/m0.55/ws1-skew1.4/requests.parquet cells_parquet=runs/pressure-residency/m0.55/ws1-skew1.4/cells.parquet results=runs/pressure-residency/m0.55/ws1-skew1.4/results.md
time=2026-09-13T02:34:42.168-07:00 level=INFO msg="SLO read from the characterization rather than retyped" record=slo/characterization.json slo="TTFT < 990ms, inter-token p50 < 24ms (3x the measured floor of 329ms and 7.8ms)" measured_at=2026-09-07T07:50:38.074Z
time=2026-09-13T02:34:42.168-07:00 level=WARN msg="the characterization does not find the replicas interchangeable, so a policy difference in this sweep could be host asymmetry rather than the policy" record=slo/characterization.json
time=2026-09-13T02:34:42.168-07:00 level=WARN msg="the characterization this SLO came from is flagged" reason="replica symmetry is unresolved at one or more levels: at concurrency 32, TTFT p50 spread 22.1% over the 8.0% tolerance: replica-5 at 1.292s against replica-4 at 1.058s; at concurrency 32 that spread is not resolvable: one replica varies 36.3% against itself between repetitions, wider than the 8.0% tolerance, so the difference between replicas is inside the measurement's own noise. Lengthen the probe or add repetitions rather than acting on it"
time=2026-09-13T02:34:42.168-07:00 level=WARN msg="the characterization this SLO came from is flagged" reason="4 of 36 probes flagged: still warming up: the first half of the measured window was 26% slower than the second by TTFT p50, over a 25% threshold. Lengthen the warm-up and re-run (replica-1-c32-r1, replica-3-c32-r1, replica-5-c32-r1 and 1 more)"
time=2026-09-13T02:34:42.168-07:00 level=INFO msg="sampling GPUs for contamination and throttling" gpus=0,1,2,4,5 replica_pids="[2969364 2971209 2973120 2974645 2976233]" interval=5s thermal_share_threshold=0.5
time=2026-09-13T02:34:42.169-07:00 level=INFO msg=offering workload="multiturn(sessions=922,ws=3,skew=0,turns=4,prompt=448t,output=64t,system=0.3x128t,branch=0.3x8fam1t,bpt=4,seed=1,usage=on)"
time=2026-09-13T02:34:42.195-07:00 level=INFO msg="router is up and running the policy these cells will name" router=http://127.0.0.1:8080 policy=prefix_affinity spill="hit<0.55 load>off" hash=off replicas=5
time=2026-09-13T02:34:42.214-07:00 level=INFO msg="fleet is up" replicas=5
time=2026-09-13T02:34:44.869-07:00 level=INFO msg="fleet warmed" replicas=5 requests_each=3
time=2026-09-13T02:34:44.895-07:00 level=INFO msg="running cell" cell=prefix_affinity-c32-r1 driver=closed_loop load="32 users" duration=5m0s
time=2026-09-13T02:39:50.591-07:00 level=INFO msg="cell complete" cell=prefix_affinity-c32-r1 driver=closed_loop requests=1229 successes=1229 dropped=0 failed=0 slo_violations=531 goodput_rps=2.7388130046667687 clean=true throttled=false flagged=false
time=2026-09-13T02:40:00.622-07:00 level=INFO msg="running cell" cell=prefix_affinity-c32-r2 driver=closed_loop load="32 users" duration=5m0s
time=2026-09-13T02:45:14.477-07:00 level=INFO msg="cell complete" cell=prefix_affinity-c32-r2 driver=closed_loop requests=1122 successes=1122 dropped=0 failed=0 slo_violations=579 goodput_rps=2.0620314197841907 clean=true throttled=false flagged=false
time=2026-09-13T02:45:24.508-07:00 level=INFO msg="running cell" cell=prefix_affinity-c32-r3 driver=closed_loop load="32 users" duration=5m0s
time=2026-09-13T02:50:26.770-07:00 level=INFO msg="cell complete" cell=prefix_affinity-c32-r3 driver=closed_loop requests=1255 successes=1255 dropped=0 failed=0 slo_violations=601 goodput_rps=2.6040323717869955 clean=true throttled=false flagged=false

| driver | load | rep | goodput/s | tput/s | TTFT p50 | TTFT p99 | ITL p50 | reqs | ok | dropped | failed | SLO viol | clean | flagged |
|---|---:|---:|---:|---:|---:|---:|---:|---:|---:|---:|---:|---:|:--:|:--|
| closed-loop | 32 users | 1 | 2.74 | 4.82 | 674ms | 16728ms | 12ms | 1229 | 1229 | 0 | 0 | 531 | yes |  |
| closed-loop | 32 users | 2 | 2.06 | 4.26 | 823ms | 14640ms | 12ms | 1122 | 1122 | 0 | 0 | 579 | yes |  |
| closed-loop | 32 users | 3 | 2.60 | 5.00 | 720ms | 12470ms | 12ms | 1255 | 1255 | 0 | 0 | 601 | yes |  |
time=2026-09-13T02:50:26.976-07:00 level=INFO msg="compacted the run" requests=4364 cells=3 requests_parquet=runs/pressure-residency/m0.55/ws3-skew0/requests.parquet cells_parquet=runs/pressure-residency/m0.55/ws3-skew0/cells.parquet results=runs/pressure-residency/m0.55/ws3-skew0/results.md
time=2026-09-13T02:50:26.996-07:00 level=INFO msg="SLO read from the characterization rather than retyped" record=slo/characterization.json slo="TTFT < 990ms, inter-token p50 < 24ms (3x the measured floor of 329ms and 7.8ms)" measured_at=2026-09-07T07:50:38.074Z
time=2026-09-13T02:50:26.996-07:00 level=WARN msg="the characterization does not find the replicas interchangeable, so a policy difference in this sweep could be host asymmetry rather than the policy" record=slo/characterization.json
time=2026-09-13T02:50:26.996-07:00 level=WARN msg="the characterization this SLO came from is flagged" reason="replica symmetry is unresolved at one or more levels: at concurrency 32, TTFT p50 spread 22.1% over the 8.0% tolerance: replica-5 at 1.292s against replica-4 at 1.058s; at concurrency 32 that spread is not resolvable: one replica varies 36.3% against itself between repetitions, wider than the 8.0% tolerance, so the difference between replicas is inside the measurement's own noise. Lengthen the probe or add repetitions rather than acting on it"
time=2026-09-13T02:50:26.996-07:00 level=WARN msg="the characterization this SLO came from is flagged" reason="4 of 36 probes flagged: still warming up: the first half of the measured window was 26% slower than the second by TTFT p50, over a 25% threshold. Lengthen the warm-up and re-run (replica-1-c32-r1, replica-3-c32-r1, replica-5-c32-r1 and 1 more)"
time=2026-09-13T02:50:26.997-07:00 level=INFO msg="sampling GPUs for contamination and throttling" gpus=0,1,2,4,5 replica_pids="[2969364 2971209 2973120 2974645 2976233]" interval=5s thermal_share_threshold=0.5
time=2026-09-13T02:50:26.997-07:00 level=INFO msg=offering workload="multiturn(sessions=922,ws=3,skew=1,turns=4,prompt=448t,output=64t,system=0.3x128t,branch=0.3x8fam1t,bpt=4,seed=1,usage=on)"
time=2026-09-13T02:50:27.024-07:00 level=INFO msg="router is up and running the policy these cells will name" router=http://127.0.0.1:8080 policy=prefix_affinity spill="hit<0.55 load>off" hash=off replicas=5
time=2026-09-13T02:50:27.032-07:00 level=INFO msg="fleet is up" replicas=5
time=2026-09-13T02:50:29.536-07:00 level=INFO msg="fleet warmed" replicas=5 requests_each=3
time=2026-09-13T02:50:29.562-07:00 level=INFO msg="running cell" cell=prefix_affinity-c32-r1 driver=closed_loop load="32 users" duration=5m0s
time=2026-09-13T02:55:30.942-07:00 level=INFO msg="cell complete" cell=prefix_affinity-c32-r1 driver=closed_loop requests=2825 successes=2825 dropped=0 failed=0 slo_violations=444 goodput_rps=9.482771522077288 clean=true throttled=false flagged=false
time=2026-09-13T02:55:40.974-07:00 level=INFO msg="running cell" cell=prefix_affinity-c32-r2 driver=closed_loop load="32 users" duration=5m0s
time=2026-09-13T03:00:42.133-07:00 level=INFO msg="cell complete" cell=prefix_affinity-c32-r2 driver=closed_loop requests=3560 successes=3560 dropped=0 failed=0 slo_violations=351 goodput_rps=12.805543044205685 clean=true throttled=false flagged=false
time=2026-09-13T03:00:52.163-07:00 level=INFO msg="running cell" cell=prefix_affinity-c32-r3 driver=closed_loop load="32 users" duration=5m0s
time=2026-09-13T03:05:54.093-07:00 level=INFO msg="cell complete" cell=prefix_affinity-c32-r3 driver=closed_loop requests=2684 successes=2684 dropped=0 failed=0 slo_violations=471 goodput_rps=8.803941626236421 clean=true throttled=false flagged=false

| driver | load | rep | goodput/s | tput/s | TTFT p50 | TTFT p99 | ITL p50 | reqs | ok | dropped | failed | SLO viol | clean | flagged |
|---|---:|---:|---:|---:|---:|---:|---:|---:|---:|---:|---:|---:|:--:|:--|
| closed-loop | 32 users | 1 | 9.48 | 11.25 | 427ms | 4249ms | 16ms | 2825 | 2825 | 0 | 0 | 444 | yes |  |
| closed-loop | 32 users | 2 | 12.81 | 14.21 | 380ms | 2356ms | 13ms | 3560 | 3560 | 0 | 0 | 351 | yes |  |
| closed-loop | 32 users | 3 | 8.80 | 10.68 | 414ms | 2109ms | 16ms | 2684 | 2684 | 0 | 0 | 471 | yes |  |
time=2026-09-13T03:05:54.485-07:00 level=INFO msg="compacted the run" requests=10011 cells=3 requests_parquet=runs/pressure-residency/m0.55/ws3-skew1/requests.parquet cells_parquet=runs/pressure-residency/m0.55/ws3-skew1/cells.parquet results=runs/pressure-residency/m0.55/ws3-skew1/results.md
time=2026-09-13T03:05:54.506-07:00 level=INFO msg="SLO read from the characterization rather than retyped" record=slo/characterization.json slo="TTFT < 990ms, inter-token p50 < 24ms (3x the measured floor of 329ms and 7.8ms)" measured_at=2026-09-07T07:50:38.074Z
time=2026-09-13T03:05:54.506-07:00 level=WARN msg="the characterization does not find the replicas interchangeable, so a policy difference in this sweep could be host asymmetry rather than the policy" record=slo/characterization.json
time=2026-09-13T03:05:54.506-07:00 level=WARN msg="the characterization this SLO came from is flagged" reason="replica symmetry is unresolved at one or more levels: at concurrency 32, TTFT p50 spread 22.1% over the 8.0% tolerance: replica-5 at 1.292s against replica-4 at 1.058s; at concurrency 32 that spread is not resolvable: one replica varies 36.3% against itself between repetitions, wider than the 8.0% tolerance, so the difference between replicas is inside the measurement's own noise. Lengthen the probe or add repetitions rather than acting on it"
time=2026-09-13T03:05:54.506-07:00 level=WARN msg="the characterization this SLO came from is flagged" reason="4 of 36 probes flagged: still warming up: the first half of the measured window was 26% slower than the second by TTFT p50, over a 25% threshold. Lengthen the warm-up and re-run (replica-1-c32-r1, replica-3-c32-r1, replica-5-c32-r1 and 1 more)"
time=2026-09-13T03:05:54.506-07:00 level=INFO msg="sampling GPUs for contamination and throttling" gpus=0,1,2,4,5 replica_pids="[2969364 2971209 2973120 2974645 2976233]" interval=5s thermal_share_threshold=0.5
time=2026-09-13T03:05:54.507-07:00 level=INFO msg=offering workload="multiturn(sessions=922,ws=3,skew=1.4,turns=4,prompt=448t,output=64t,system=0.3x128t,branch=0.3x8fam1t,bpt=4,seed=1,usage=on)"
time=2026-09-13T03:05:54.539-07:00 level=INFO msg="router is up and running the policy these cells will name" router=http://127.0.0.1:8080 policy=prefix_affinity spill="hit<0.55 load>off" hash=off replicas=5
time=2026-09-13T03:05:54.548-07:00 level=INFO msg="fleet is up" replicas=5
time=2026-09-13T03:05:56.846-07:00 level=INFO msg="fleet warmed" replicas=5 requests_each=3
time=2026-09-13T03:05:56.875-07:00 level=INFO msg="running cell" cell=prefix_affinity-c32-r1 driver=closed_loop load="32 users" duration=5m0s
time=2026-09-13T03:10:57.888-07:00 level=INFO msg="cell complete" cell=prefix_affinity-c32-r1 driver=closed_loop requests=7171 successes=7171 dropped=0 failed=0 slo_violations=26 goodput_rps=28.50007867955692 clean=true throttled=false flagged=false
time=2026-09-13T03:11:07.925-07:00 level=INFO msg="running cell" cell=prefix_affinity-c32-r2 driver=closed_loop load="32 users" duration=5m0s
time=2026-09-13T03:16:09.137-07:00 level=INFO msg="cell complete" cell=prefix_affinity-c32-r2 driver=closed_loop requests=6569 successes=6569 dropped=0 failed=0 slo_violations=454 goodput_rps=24.419557778245654 clean=true throttled=false flagged=false
time=2026-09-13T03:16:19.175-07:00 level=INFO msg="running cell" cell=prefix_affinity-c32-r3 driver=closed_loop load="32 users" duration=5m0s
time=2026-09-13T03:21:20.151-07:00 level=INFO msg="cell complete" cell=prefix_affinity-c32-r3 driver=closed_loop requests=6202 successes=6202 dropped=0 failed=0 slo_violations=46 goodput_rps=24.561054018759663 clean=true throttled=false flagged=false

| driver | load | rep | goodput/s | tput/s | TTFT p50 | TTFT p99 | ITL p50 | reqs | ok | dropped | failed | SLO viol | clean | flagged |
|---|---:|---:|---:|---:|---:|---:|---:|---:|---:|---:|---:|---:|:--:|:--|
| closed-loop | 32 users | 1 | 28.50 | 28.60 | 98ms | 732ms | 12ms | 7171 | 7171 | 0 | 0 | 26 | yes |  |
| closed-loop | 32 users | 2 | 24.42 | 26.23 | 99ms | 800ms | 12ms | 6569 | 6569 | 0 | 0 | 454 | yes |  |
| closed-loop | 32 users | 3 | 24.56 | 24.74 | 106ms | 883ms | 14ms | 6202 | 6202 | 0 | 0 | 46 | yes |  |
time=2026-09-13T03:21:20.848-07:00 level=INFO msg="compacted the run" requests=21467 cells=3 requests_parquet=runs/pressure-residency/m0.55/ws3-skew1.4/requests.parquet cells_parquet=runs/pressure-residency/m0.55/ws3-skew1.4/cells.parquet results=runs/pressure-residency/m0.55/ws3-skew1.4/results.md
time=2026-09-13T03:21:20.874-07:00 level=INFO msg="SLO read from the characterization rather than retyped" record=slo/characterization.json slo="TTFT < 990ms, inter-token p50 < 24ms (3x the measured floor of 329ms and 7.8ms)" measured_at=2026-09-07T07:50:38.074Z
time=2026-09-13T03:21:20.874-07:00 level=WARN msg="the characterization does not find the replicas interchangeable, so a policy difference in this sweep could be host asymmetry rather than the policy" record=slo/characterization.json
time=2026-09-13T03:21:20.874-07:00 level=WARN msg="the characterization this SLO came from is flagged" reason="replica symmetry is unresolved at one or more levels: at concurrency 32, TTFT p50 spread 22.1% over the 8.0% tolerance: replica-5 at 1.292s against replica-4 at 1.058s; at concurrency 32 that spread is not resolvable: one replica varies 36.3% against itself between repetitions, wider than the 8.0% tolerance, so the difference between replicas is inside the measurement's own noise. Lengthen the probe or add repetitions rather than acting on it"
time=2026-09-13T03:21:20.874-07:00 level=WARN msg="the characterization this SLO came from is flagged" reason="4 of 36 probes flagged: still warming up: the first half of the measured window was 26% slower than the second by TTFT p50, over a 25% threshold. Lengthen the warm-up and re-run (replica-1-c32-r1, replica-3-c32-r1, replica-5-c32-r1 and 1 more)"
time=2026-09-13T03:21:20.874-07:00 level=INFO msg="sampling GPUs for contamination and throttling" gpus=0,1,2,4,5 replica_pids="[2969364 2971209 2973120 2974645 2976233]" interval=5s thermal_share_threshold=0.5
time=2026-09-13T03:21:20.875-07:00 level=INFO msg=offering workload="multiturn(sessions=2460,ws=8,skew=0,turns=4,prompt=448t,output=64t,system=0.3x128t,branch=0.3x8fam1t,bpt=4,seed=1,usage=on)"
time=2026-09-13T03:21:20.912-07:00 level=INFO msg="router is up and running the policy these cells will name" router=http://127.0.0.1:8080 policy=prefix_affinity spill="hit<0.55 load>off" hash=off replicas=5
time=2026-09-13T03:21:20.921-07:00 level=INFO msg="fleet is up" replicas=5
time=2026-09-13T03:21:23.505-07:00 level=INFO msg="fleet warmed" replicas=5 requests_each=3
time=2026-09-13T03:21:23.542-07:00 level=INFO msg="running cell" cell=prefix_affinity-c32-r1 driver=closed_loop load="32 users" duration=5m0s
time=2026-09-13T03:26:28.332-07:00 level=INFO msg="cell complete" cell=prefix_affinity-c32-r1 driver=closed_loop requests=1335 successes=1335 dropped=0 failed=0 slo_violations=621 goodput_rps=2.806261096111647 clean=true throttled=false flagged=false
time=2026-09-13T03:26:38.373-07:00 level=INFO msg="running cell" cell=prefix_affinity-c32-r2 driver=closed_loop load="32 users" duration=5m0s
time=2026-09-13T03:31:40.267-07:00 level=INFO msg="cell complete" cell=prefix_affinity-c32-r2 driver=closed_loop requests=1232 successes=1232 dropped=0 failed=0 slo_violations=575 goodput_rps=2.615973757472183 clean=true throttled=false flagged=false
time=2026-09-13T03:31:50.309-07:00 level=INFO msg="running cell" cell=prefix_affinity-c32-r3 driver=closed_loop load="32 users" duration=5m0s
time=2026-09-13T03:36:54.973-07:00 level=INFO msg="cell complete" cell=prefix_affinity-c32-r3 driver=closed_loop requests=1332 successes=1332 dropped=0 failed=0 slo_violations=589 goodput_rps=2.920770657388981 clean=true throttled=false flagged=false

| driver | load | rep | goodput/s | tput/s | TTFT p50 | TTFT p99 | ITL p50 | reqs | ok | dropped | failed | SLO viol | clean | flagged |
|---|---:|---:|---:|---:|---:|---:|---:|---:|---:|---:|---:|---:|:--:|:--|
| closed-loop | 32 users | 1 | 2.81 | 5.25 | 706ms | 12815ms | 12ms | 1335 | 1335 | 0 | 0 | 621 | yes |  |
| closed-loop | 32 users | 2 | 2.62 | 4.91 | 674ms | 13305ms | 11ms | 1232 | 1232 | 0 | 0 | 575 | yes |  |
| closed-loop | 32 users | 3 | 2.92 | 5.24 | 706ms | 19844ms | 13ms | 1332 | 1332 | 0 | 0 | 589 | yes |  |
time=2026-09-13T03:36:55.207-07:00 level=INFO msg="compacted the run" requests=4949 cells=3 requests_parquet=runs/pressure-residency/m0.55/ws8-skew0/requests.parquet cells_parquet=runs/pressure-residency/m0.55/ws8-skew0/cells.parquet results=runs/pressure-residency/m0.55/ws8-skew0/results.md
time=2026-09-13T03:36:55.227-07:00 level=INFO msg="SLO read from the characterization rather than retyped" record=slo/characterization.json slo="TTFT < 990ms, inter-token p50 < 24ms (3x the measured floor of 329ms and 7.8ms)" measured_at=2026-09-07T07:50:38.074Z
time=2026-09-13T03:36:55.228-07:00 level=WARN msg="the characterization does not find the replicas interchangeable, so a policy difference in this sweep could be host asymmetry rather than the policy" record=slo/characterization.json
time=2026-09-13T03:36:55.228-07:00 level=WARN msg="the characterization this SLO came from is flagged" reason="replica symmetry is unresolved at one or more levels: at concurrency 32, TTFT p50 spread 22.1% over the 8.0% tolerance: replica-5 at 1.292s against replica-4 at 1.058s; at concurrency 32 that spread is not resolvable: one replica varies 36.3% against itself between repetitions, wider than the 8.0% tolerance, so the difference between replicas is inside the measurement's own noise. Lengthen the probe or add repetitions rather than acting on it"
time=2026-09-13T03:36:55.228-07:00 level=WARN msg="the characterization this SLO came from is flagged" reason="4 of 36 probes flagged: still warming up: the first half of the measured window was 26% slower than the second by TTFT p50, over a 25% threshold. Lengthen the warm-up and re-run (replica-1-c32-r1, replica-3-c32-r1, replica-5-c32-r1 and 1 more)"
time=2026-09-13T03:36:55.228-07:00 level=INFO msg="sampling GPUs for contamination and throttling" gpus=0,1,2,4,5 replica_pids="[2969364 2971209 2973120 2974645 2976233]" interval=5s thermal_share_threshold=0.5
time=2026-09-13T03:36:55.229-07:00 level=INFO msg=offering workload="multiturn(sessions=2460,ws=8,skew=1,turns=4,prompt=448t,output=64t,system=0.3x128t,branch=0.3x8fam1t,bpt=4,seed=1,usage=on)"
time=2026-09-13T03:36:55.267-07:00 level=INFO msg="router is up and running the policy these cells will name" router=http://127.0.0.1:8080 policy=prefix_affinity spill="hit<0.55 load>off" hash=off replicas=5
time=2026-09-13T03:36:55.275-07:00 level=INFO msg="fleet is up" replicas=5
time=2026-09-13T03:36:57.919-07:00 level=INFO msg="fleet warmed" replicas=5 requests_each=3
time=2026-09-13T03:36:57.957-07:00 level=INFO msg="running cell" cell=prefix_affinity-c32-r1 driver=closed_loop load="32 users" duration=5m0s
time=2026-09-13T03:41:59.830-07:00 level=INFO msg="cell complete" cell=prefix_affinity-c32-r1 driver=closed_loop requests=1798 successes=1798 dropped=0 failed=0 slo_violations=797 goodput_rps=3.9819546813298388 clean=true throttled=false flagged=false
time=2026-09-13T03:42:09.874-07:00 level=INFO msg="running cell" cell=prefix_affinity-c32-r2 driver=closed_loop load="32 users" duration=5m0s
time=2026-09-13T03:47:11.262-07:00 level=INFO msg="cell complete" cell=prefix_affinity-c32-r2 driver=closed_loop requests=3560 successes=3560 dropped=0 failed=0 slo_violations=421 goodput_rps=12.605387034613047 clean=true throttled=false flagged=false
time=2026-09-13T03:47:21.306-07:00 level=INFO msg="running cell" cell=prefix_affinity-c32-r3 driver=closed_loop load="32 users" duration=5m0s
time=2026-09-13T03:52:22.508-07:00 level=INFO msg="cell complete" cell=prefix_affinity-c32-r3 driver=closed_loop requests=2388 successes=2388 dropped=0 failed=0 slo_violations=544 goodput_rps=7.350441061951718 clean=true throttled=false flagged=true

| driver | load | rep | goodput/s | tput/s | TTFT p50 | TTFT p99 | ITL p50 | reqs | ok | dropped | failed | SLO viol | clean | flagged |
|---|---:|---:|---:|---:|---:|---:|---:|---:|---:|---:|---:|---:|:--:|:--|
| closed-loop | 32 users | 1 | 3.98 | 7.15 | 470ms | 2419ms | 20ms | 1798 | 1798 | 0 | 0 | 797 | yes |  |
| closed-loop | 32 users | 2 | 12.61 | 14.30 | 406ms | 1860ms | 13ms | 3560 | 3560 | 0 | 0 | 421 | yes |  |
| closed-loop | 32 users | 3 | 7.35 | 9.52 | 423ms | 10481ms | 13ms | 2388 | 2388 | 0 | 0 | 544 | yes | **1** |

Flagged cells — these are not averaged in without being read first:

- `prefix_affinity-c32-r3`: still warming up: the first half of the measured window was 133% slower than the second by TTFT p50, over a 25% threshold. Lengthen the warm-up and re-run
time=2026-09-13T03:52:22.857-07:00 level=INFO msg="compacted the run" requests=8639 cells=3 requests_parquet=runs/pressure-residency/m0.55/ws8-skew1/requests.parquet cells_parquet=runs/pressure-residency/m0.55/ws8-skew1/cells.parquet results=runs/pressure-residency/m0.55/ws8-skew1/results.md
time=2026-09-13T03:52:22.878-07:00 level=INFO msg="SLO read from the characterization rather than retyped" record=slo/characterization.json slo="TTFT < 990ms, inter-token p50 < 24ms (3x the measured floor of 329ms and 7.8ms)" measured_at=2026-09-07T07:50:38.074Z
time=2026-09-13T03:52:22.878-07:00 level=WARN msg="the characterization does not find the replicas interchangeable, so a policy difference in this sweep could be host asymmetry rather than the policy" record=slo/characterization.json
time=2026-09-13T03:52:22.878-07:00 level=WARN msg="the characterization this SLO came from is flagged" reason="replica symmetry is unresolved at one or more levels: at concurrency 32, TTFT p50 spread 22.1% over the 8.0% tolerance: replica-5 at 1.292s against replica-4 at 1.058s; at concurrency 32 that spread is not resolvable: one replica varies 36.3% against itself between repetitions, wider than the 8.0% tolerance, so the difference between replicas is inside the measurement's own noise. Lengthen the probe or add repetitions rather than acting on it"
time=2026-09-13T03:52:22.878-07:00 level=WARN msg="the characterization this SLO came from is flagged" reason="4 of 36 probes flagged: still warming up: the first half of the measured window was 26% slower than the second by TTFT p50, over a 25% threshold. Lengthen the warm-up and re-run (replica-1-c32-r1, replica-3-c32-r1, replica-5-c32-r1 and 1 more)"
time=2026-09-13T03:52:22.878-07:00 level=INFO msg="sampling GPUs for contamination and throttling" gpus=0,1,2,4,5 replica_pids="[2969364 2971209 2973120 2974645 2976233]" interval=5s thermal_share_threshold=0.5
time=2026-09-13T03:52:22.879-07:00 level=INFO msg=offering workload="multiturn(sessions=2460,ws=8,skew=1.4,turns=4,prompt=448t,output=64t,system=0.3x128t,branch=0.3x8fam1t,bpt=4,seed=1,usage=on)"
time=2026-09-13T03:52:22.919-07:00 level=INFO msg="router is up and running the policy these cells will name" router=http://127.0.0.1:8080 policy=prefix_affinity spill="hit<0.55 load>off" hash=off replicas=5
time=2026-09-13T03:52:22.929-07:00 level=INFO msg="fleet is up" replicas=5
time=2026-09-13T03:52:25.510-07:00 level=INFO msg="fleet warmed" replicas=5 requests_each=3
time=2026-09-13T03:52:25.549-07:00 level=INFO msg="running cell" cell=prefix_affinity-c32-r1 driver=closed_loop load="32 users" duration=5m0s
time=2026-09-13T03:57:26.696-07:00 level=INFO msg="cell complete" cell=prefix_affinity-c32-r1 driver=closed_loop requests=5593 successes=5593 dropped=0 failed=0 slo_violations=102 goodput_rps=21.897987076457326 clean=true throttled=false flagged=false
time=2026-09-13T03:57:36.743-07:00 level=INFO msg="running cell" cell=prefix_affinity-c32-r2 driver=closed_loop load="32 users" duration=5m0s
time=2026-09-13T04:02:37.965-07:00 level=INFO msg="cell complete" cell=prefix_affinity-c32-r2 driver=closed_loop requests=6898 successes=6898 dropped=0 failed=0 slo_violations=30 goodput_rps=27.431989270876024 clean=true throttled=false flagged=false
time=2026-09-13T04:02:48.014-07:00 level=INFO msg="running cell" cell=prefix_affinity-c32-r3 driver=closed_loop load="32 users" duration=5m0s
time=2026-09-13T04:07:49.276-07:00 level=INFO msg="cell complete" cell=prefix_affinity-c32-r3 driver=closed_loop requests=4369 successes=4369 dropped=0 failed=0 slo_violations=400 goodput_rps=15.82534584952506 clean=true throttled=false flagged=true

| driver | load | rep | goodput/s | tput/s | TTFT p50 | TTFT p99 | ITL p50 | reqs | ok | dropped | failed | SLO viol | clean | flagged |
|---|---:|---:|---:|---:|---:|---:|---:|---:|---:|---:|---:|---:|:--:|:--|
| closed-loop | 32 users | 1 | 21.90 | 22.30 | 109ms | 1101ms | 13ms | 5593 | 5593 | 0 | 0 | 102 | yes |  |
| closed-loop | 32 users | 2 | 27.43 | 27.55 | 97ms | 765ms | 12ms | 6898 | 6898 | 0 | 0 | 30 | yes |  |
| closed-loop | 32 users | 3 | 15.83 | 17.42 | 129ms | 1312ms | 18ms | 4369 | 4369 | 0 | 0 | 400 | yes | **1** |

Flagged cells — these are not averaged in without being read first:

- `prefix_affinity-c32-r3`: still warming up: the first half of the measured window was 26% slower than the second by TTFT p50, over a 25% threshold. Lengthen the warm-up and re-run
time=2026-09-13T04:07:49.878-07:00 level=INFO msg="compacted the run" requests=17651 cells=3 requests_parquet=runs/pressure-residency/m0.55/ws8-skew1.4/requests.parquet cells_parquet=runs/pressure-residency/m0.55/ws8-skew1.4/cells.parquet results=runs/pressure-residency/m0.55/ws8-skew1.4/results.md
stopping replica-5 (PID 2976233)
stopping replica-4 (PID 2974645)
stopping replica-2 (PID 2973120)
stopping replica-1 (PID 2971209)
stopping replica-0 (PID 2969364)
preflight: 5 GPUs clean, all below 256 MiB
starting replica-0 on GPU 0, port 8000, vLLM 0.28.0, quantization awq_marlin, linear backend marlin
replica-0 is up: http://127.0.0.1:8000 (PID 3077279)
fleet: settling for 15s before the next replica
starting replica-1 on GPU 1, port 8001, vLLM 0.28.0, quantization awq_marlin, linear backend marlin
replica-1 is up: http://127.0.0.1:8001 (PID 3078774)
fleet: settling for 15s before the next replica
starting replica-2 on GPU 2, port 8002, vLLM 0.28.0, quantization awq_marlin, linear backend marlin
replica-2 is up: http://127.0.0.1:8002 (PID 3080319)
fleet: settling for 15s before the next replica
starting replica-4 on GPU 4, port 8004, vLLM 0.28.0, quantization awq_marlin, linear backend marlin
replica-4 is up: http://127.0.0.1:8004 (PID 3081769)
fleet: settling for 15s before the next replica
starting replica-5 on GPU 5, port 8005, vLLM 0.28.0, quantization awq_marlin, linear backend marlin
replica-5 is up: http://127.0.0.1:8005 (PID 3083209)
fleet: 5 replicas up on GPUs 0 1 2 4 5
replica-0=http://127.0.0.1:8000,replica-1=http://127.0.0.1:8001,replica-2=http://127.0.0.1:8002,replica-4=http://127.0.0.1:8004,replica-5=http://127.0.0.1:8005
probe-usage: http://127.0.0.1:8000
  cold  → PRESENT 575 0
  warm  → PRESENT 575 560
probe-usage: OK — cached_tokens reported, and the warm request reused 560 tokens
time=2026-09-13T04:13:27.073-07:00 level=INFO msg="SLO read from the characterization rather than retyped" record=slo/characterization.json slo="TTFT < 990ms, inter-token p50 < 24ms (3x the measured floor of 329ms and 7.8ms)" measured_at=2026-09-07T07:50:38.074Z
time=2026-09-13T04:13:27.073-07:00 level=WARN msg="the characterization does not find the replicas interchangeable, so a policy difference in this sweep could be host asymmetry rather than the policy" record=slo/characterization.json
time=2026-09-13T04:13:27.073-07:00 level=WARN msg="the characterization this SLO came from is flagged" reason="replica symmetry is unresolved at one or more levels: at concurrency 32, TTFT p50 spread 22.1% over the 8.0% tolerance: replica-5 at 1.292s against replica-4 at 1.058s; at concurrency 32 that spread is not resolvable: one replica varies 36.3% against itself between repetitions, wider than the 8.0% tolerance, so the difference between replicas is inside the measurement's own noise. Lengthen the probe or add repetitions rather than acting on it"
time=2026-09-13T04:13:27.073-07:00 level=WARN msg="the characterization this SLO came from is flagged" reason="4 of 36 probes flagged: still warming up: the first half of the measured window was 26% slower than the second by TTFT p50, over a 25% threshold. Lengthen the warm-up and re-run (replica-1-c32-r1, replica-3-c32-r1, replica-5-c32-r1 and 1 more)"
time=2026-09-13T04:13:27.074-07:00 level=INFO msg="sampling GPUs for contamination and throttling" gpus=0,1,2,4,5 replica_pids="[3077279 3078774 3080319 3081769 3083209]" interval=5s thermal_share_threshold=0.5
time=2026-09-13T04:13:27.074-07:00 level=INFO msg=offering workload="multiturn(sessions=76,ws=0.25,skew=1,turns=4,prompt=448t,output=64t,system=0.3x128t,branch=0.3x8fam1t,bpt=4,seed=1,usage=on)"
time=2026-09-13T04:13:27.077-07:00 level=INFO msg="router is up and running the policy these cells will name" router=http://127.0.0.1:8080 policy=prefix_affinity spill="hit<0.55 load>off" hash=off replicas=5
time=2026-09-13T04:13:27.085-07:00 level=INFO msg="fleet is up" replicas=5
time=2026-09-13T04:13:29.608-07:00 level=INFO msg="fleet warmed" replicas=5 requests_each=3
time=2026-09-13T04:13:29.609-07:00 level=INFO msg="cell is cached, not re-running" cell=prefix_affinity-c32-r1 goodput_rps=27.581479969132022 flagged=false
time=2026-09-13T04:13:39.615-07:00 level=INFO msg="running cell" cell=prefix_affinity-c32-r2 driver=closed_loop load="32 users" duration=5m0s
time=2026-09-13T04:18:41.006-07:00 level=INFO msg="cell complete" cell=prefix_affinity-c32-r2 driver=closed_loop requests=7460 successes=7460 dropped=0 failed=0 slo_violations=171 goodput_rps=29.02525758205171 clean=true throttled=false flagged=false
time=2026-09-13T04:18:41.007-07:00 level=INFO msg="cell is cached, not re-running" cell=prefix_affinity-c32-r3 goodput_rps=27.85780709618837 flagged=false

| driver | load | rep | goodput/s | tput/s | TTFT p50 | TTFT p99 | ITL p50 | reqs | ok | dropped | failed | SLO viol | clean | flagged |
|---|---:|---:|---:|---:|---:|---:|---:|---:|---:|---:|---:|---:|:--:|:--|
| closed-loop | 32 users | 1 | 27.58 | 29.97 | 101ms | 445ms | 14ms | 7514 | 7514 | 0 | 0 | 599 | yes |  |
| closed-loop | 32 users | 2 | 29.03 | 29.71 | 92ms | 638ms | 13ms | 7460 | 7460 | 0 | 0 | 171 | yes |  |
| closed-loop | 32 users | 3 | 27.86 | 28.62 | 101ms | 516ms | 14ms | 7177 | 7177 | 0 | 0 | 192 | yes |  |
time=2026-09-13T04:18:41.843-07:00 level=INFO msg="compacted the run" requests=23898 cells=3 requests_parquet=runs/pressure-residency/m0.55/ws0.25-skew1/requests.parquet cells_parquet=runs/pressure-residency/m0.55/ws0.25-skew1/cells.parquet results=runs/pressure-residency/m0.55/ws0.25-skew1/results.md
time=2026-09-13T04:18:41.867-07:00 level=INFO msg="SLO read from the characterization rather than retyped" record=slo/characterization.json slo="TTFT < 990ms, inter-token p50 < 24ms (3x the measured floor of 329ms and 7.8ms)" measured_at=2026-09-07T07:50:38.074Z
time=2026-09-13T04:18:41.867-07:00 level=WARN msg="the characterization does not find the replicas interchangeable, so a policy difference in this sweep could be host asymmetry rather than the policy" record=slo/characterization.json
time=2026-09-13T04:18:41.867-07:00 level=WARN msg="the characterization this SLO came from is flagged" reason="replica symmetry is unresolved at one or more levels: at concurrency 32, TTFT p50 spread 22.1% over the 8.0% tolerance: replica-5 at 1.292s against replica-4 at 1.058s; at concurrency 32 that spread is not resolvable: one replica varies 36.3% against itself between repetitions, wider than the 8.0% tolerance, so the difference between replicas is inside the measurement's own noise. Lengthen the probe or add repetitions rather than acting on it"
time=2026-09-13T04:18:41.867-07:00 level=WARN msg="the characterization this SLO came from is flagged" reason="4 of 36 probes flagged: still warming up: the first half of the measured window was 26% slower than the second by TTFT p50, over a 25% threshold. Lengthen the warm-up and re-run (replica-1-c32-r1, replica-3-c32-r1, replica-5-c32-r1 and 1 more)"
time=2026-09-13T04:18:41.867-07:00 level=INFO msg="sampling GPUs for contamination and throttling" gpus=0,1,2,4,5 replica_pids="[3077279 3078774 3080319 3081769 3083209]" interval=5s thermal_share_threshold=0.5
time=2026-09-13T04:18:41.868-07:00 level=INFO msg=offering workload="multiturn(sessions=307,ws=1,skew=1,turns=4,prompt=448t,output=64t,system=0.3x128t,branch=0.3x8fam1t,bpt=4,seed=1,usage=on)"
time=2026-09-13T04:18:41.871-07:00 level=INFO msg="router is up and running the policy these cells will name" router=http://127.0.0.1:8080 policy=prefix_affinity spill="hit<0.55 load>off" hash=off replicas=5
time=2026-09-13T04:18:41.879-07:00 level=INFO msg="fleet is up" replicas=5
time=2026-09-13T04:18:44.428-07:00 level=INFO msg="fleet warmed" replicas=5 requests_each=3
time=2026-09-13T04:18:44.428-07:00 level=INFO msg="cell is cached, not re-running" cell=prefix_affinity-c32-r1 goodput_rps=12.365005607831222 flagged=false
time=2026-09-13T04:18:54.436-07:00 level=INFO msg="running cell" cell=prefix_affinity-c32-r2 driver=closed_loop load="32 users" duration=5m0s
time=2026-09-13T04:23:55.715-07:00 level=INFO msg="cell complete" cell=prefix_affinity-c32-r2 driver=closed_loop requests=4161 successes=4161 dropped=0 failed=0 slo_violations=196 goodput_rps=15.810615382785201 clean=true throttled=false flagged=true
time=2026-09-13T04:24:05.724-07:00 level=INFO msg="running cell" cell=prefix_affinity-c32-r3 driver=closed_loop load="32 users" duration=5m0s
time=2026-09-13T04:29:07.399-07:00 level=INFO msg="cell complete" cell=prefix_affinity-c32-r3 driver=closed_loop requests=3047 successes=3047 dropped=0 failed=0 slo_violations=598 goodput_rps=9.759178784352677 clean=true throttled=false flagged=true

| driver | load | rep | goodput/s | tput/s | TTFT p50 | TTFT p99 | ITL p50 | reqs | ok | dropped | failed | SLO viol | clean | flagged |
|---|---:|---:|---:|---:|---:|---:|---:|---:|---:|---:|---:|---:|:--:|:--|
| closed-loop | 32 users | 1 | 12.37 | 14.44 | 328ms | 1778ms | 16ms | 3626 | 3626 | 0 | 0 | 522 | yes |  |
| closed-loop | 32 users | 2 | 15.81 | 16.59 | 151ms | 1308ms | 15ms | 4161 | 4161 | 0 | 0 | 196 | yes | **1** |
| closed-loop | 32 users | 3 | 9.76 | 12.14 | 340ms | 4210ms | 15ms | 3047 | 3047 | 0 | 0 | 598 | yes | **1** |

Flagged cells — these are not averaged in without being read first:

- `prefix_affinity-c32-r2`: still warming up: the first half of the measured window was 192% slower than the second by TTFT p50, over a 25% threshold. Lengthen the warm-up and re-run
- `prefix_affinity-c32-r3`: still warming up: the first half of the measured window was 48% slower than the second by TTFT p50, over a 25% threshold. Lengthen the warm-up and re-run
time=2026-09-13T04:29:07.870-07:00 level=INFO msg="compacted the run" requests=11730 cells=3 requests_parquet=runs/pressure-residency/m0.55/ws1-skew1/requests.parquet cells_parquet=runs/pressure-residency/m0.55/ws1-skew1/cells.parquet results=runs/pressure-residency/m0.55/ws1-skew1/results.md
time=2026-09-13T04:29:07.890-07:00 level=INFO msg="SLO read from the characterization rather than retyped" record=slo/characterization.json slo="TTFT < 990ms, inter-token p50 < 24ms (3x the measured floor of 329ms and 7.8ms)" measured_at=2026-09-07T07:50:38.074Z
time=2026-09-13T04:29:07.890-07:00 level=WARN msg="the characterization does not find the replicas interchangeable, so a policy difference in this sweep could be host asymmetry rather than the policy" record=slo/characterization.json
time=2026-09-13T04:29:07.890-07:00 level=WARN msg="the characterization this SLO came from is flagged" reason="replica symmetry is unresolved at one or more levels: at concurrency 32, TTFT p50 spread 22.1% over the 8.0% tolerance: replica-5 at 1.292s against replica-4 at 1.058s; at concurrency 32 that spread is not resolvable: one replica varies 36.3% against itself between repetitions, wider than the 8.0% tolerance, so the difference between replicas is inside the measurement's own noise. Lengthen the probe or add repetitions rather than acting on it"
time=2026-09-13T04:29:07.890-07:00 level=WARN msg="the characterization this SLO came from is flagged" reason="4 of 36 probes flagged: still warming up: the first half of the measured window was 26% slower than the second by TTFT p50, over a 25% threshold. Lengthen the warm-up and re-run (replica-1-c32-r1, replica-3-c32-r1, replica-5-c32-r1 and 1 more)"
time=2026-09-13T04:29:07.891-07:00 level=INFO msg="sampling GPUs for contamination and throttling" gpus=0,1,2,4,5 replica_pids="[3077279 3078774 3080319 3081769 3083209]" interval=5s thermal_share_threshold=0.5
time=2026-09-13T04:29:07.892-07:00 level=INFO msg=offering workload="multiturn(sessions=2460,ws=8,skew=1.4,turns=4,prompt=448t,output=64t,system=0.3x128t,branch=0.3x8fam1t,bpt=4,seed=1,usage=on)"
time=2026-09-13T04:29:07.897-07:00 level=INFO msg="router is up and running the policy these cells will name" router=http://127.0.0.1:8080 policy=prefix_affinity spill="hit<0.55 load>off" hash=off replicas=5
time=2026-09-13T04:29:07.905-07:00 level=INFO msg="fleet is up" replicas=5
time=2026-09-13T04:29:10.445-07:00 level=INFO msg="fleet warmed" replicas=5 requests_each=3
time=2026-09-13T04:29:10.446-07:00 level=INFO msg="cell is cached, not re-running" cell=prefix_affinity-c32-r1 goodput_rps=21.897987076457326 flagged=false
time=2026-09-13T04:29:10.446-07:00 level=INFO msg="cell is cached, not re-running" cell=prefix_affinity-c32-r2 goodput_rps=27.431989270876024 flagged=false
time=2026-09-13T04:29:20.454-07:00 level=INFO msg="running cell" cell=prefix_affinity-c32-r3 driver=closed_loop load="32 users" duration=5m0s
time=2026-09-13T04:34:21.435-07:00 level=INFO msg="cell complete" cell=prefix_affinity-c32-r3 driver=closed_loop requests=6702 successes=6702 dropped=0 failed=0 slo_violations=44 goodput_rps=26.557820687517104 clean=true throttled=false flagged=false

| driver | load | rep | goodput/s | tput/s | TTFT p50 | TTFT p99 | ITL p50 | reqs | ok | dropped | failed | SLO viol | clean | flagged |
|---|---:|---:|---:|---:|---:|---:|---:|---:|---:|---:|---:|---:|:--:|:--|
| closed-loop | 32 users | 1 | 21.90 | 22.30 | 109ms | 1101ms | 13ms | 5593 | 5593 | 0 | 0 | 102 | yes |  |
| closed-loop | 32 users | 2 | 27.43 | 27.55 | 97ms | 765ms | 12ms | 6898 | 6898 | 0 | 0 | 30 | yes |  |
| closed-loop | 32 users | 3 | 26.56 | 26.73 | 99ms | 912ms | 13ms | 6702 | 6702 | 0 | 0 | 44 | yes |  |
time=2026-09-13T04:34:22.082-07:00 level=INFO msg="compacted the run" requests=19968 cells=3 requests_parquet=runs/pressure-residency/m0.55/ws8-skew1.4/requests.parquet cells_parquet=runs/pressure-residency/m0.55/ws8-skew1.4/cells.parquet results=runs/pressure-residency/m0.55/ws8-skew1.4/results.md
time=2026-09-13T04:34:22.106-07:00 level=INFO msg="SLO read from the characterization rather than retyped" record=slo/characterization.json slo="TTFT < 990ms, inter-token p50 < 24ms (3x the measured floor of 329ms and 7.8ms)" measured_at=2026-09-07T07:50:38.074Z
time=2026-09-13T04:34:22.106-07:00 level=WARN msg="the characterization does not find the replicas interchangeable, so a policy difference in this sweep could be host asymmetry rather than the policy" record=slo/characterization.json
time=2026-09-13T04:34:22.106-07:00 level=WARN msg="the characterization this SLO came from is flagged" reason="replica symmetry is unresolved at one or more levels: at concurrency 32, TTFT p50 spread 22.1% over the 8.0% tolerance: replica-5 at 1.292s against replica-4 at 1.058s; at concurrency 32 that spread is not resolvable: one replica varies 36.3% against itself between repetitions, wider than the 8.0% tolerance, so the difference between replicas is inside the measurement's own noise. Lengthen the probe or add repetitions rather than acting on it"
time=2026-09-13T04:34:22.106-07:00 level=WARN msg="the characterization this SLO came from is flagged" reason="4 of 36 probes flagged: still warming up: the first half of the measured window was 26% slower than the second by TTFT p50, over a 25% threshold. Lengthen the warm-up and re-run (replica-1-c32-r1, replica-3-c32-r1, replica-5-c32-r1 and 1 more)"
time=2026-09-13T04:34:22.106-07:00 level=INFO msg="sampling GPUs for contamination and throttling" gpus=0,1,2,4,5 replica_pids="[3077279 3078774 3080319 3081769 3083209]" interval=5s thermal_share_threshold=0.5
time=2026-09-13T04:34:22.107-07:00 level=INFO msg=offering workload="multiturn(sessions=2460,ws=8,skew=1,turns=4,prompt=448t,output=64t,system=0.3x128t,branch=0.3x8fam1t,bpt=4,seed=1,usage=on)"
time=2026-09-13T04:34:22.114-07:00 level=INFO msg="router is up and running the policy these cells will name" router=http://127.0.0.1:8080 policy=prefix_affinity spill="hit<0.55 load>off" hash=off replicas=5
time=2026-09-13T04:34:22.121-07:00 level=INFO msg="fleet is up" replicas=5
time=2026-09-13T04:34:24.769-07:00 level=INFO msg="fleet warmed" replicas=5 requests_each=3
time=2026-09-13T04:34:24.769-07:00 level=INFO msg="cell is cached, not re-running" cell=prefix_affinity-c32-r1 goodput_rps=3.9819546813298388 flagged=false
time=2026-09-13T04:34:24.770-07:00 level=INFO msg="cell is cached, not re-running" cell=prefix_affinity-c32-r2 goodput_rps=12.605387034613047 flagged=false
time=2026-09-13T04:34:34.780-07:00 level=INFO msg="running cell" cell=prefix_affinity-c32-r3 driver=closed_loop load="32 users" duration=5m0s
time=2026-09-13T04:39:36.015-07:00 level=INFO msg="cell complete" cell=prefix_affinity-c32-r3 driver=closed_loop requests=1750 successes=1750 dropped=0 failed=0 slo_violations=531 goodput_rps=4.8560135290012445 clean=true throttled=false flagged=true

| driver | load | rep | goodput/s | tput/s | TTFT p50 | TTFT p99 | ITL p50 | reqs | ok | dropped | failed | SLO viol | clean | flagged |
|---|---:|---:|---:|---:|---:|---:|---:|---:|---:|---:|---:|---:|:--:|:--|
| closed-loop | 32 users | 1 | 3.98 | 7.15 | 470ms | 2419ms | 20ms | 1798 | 1798 | 0 | 0 | 797 | yes |  |
| closed-loop | 32 users | 2 | 12.61 | 14.30 | 406ms | 1860ms | 13ms | 3560 | 3560 | 0 | 0 | 421 | yes |  |
| closed-loop | 32 users | 3 | 4.86 | 6.97 | 458ms | 6886ms | 16ms | 1750 | 1750 | 0 | 0 | 531 | yes | **1** |

Flagged cells — these are not averaged in without being read first:

- `prefix_affinity-c32-r3`: still warming up: the first half of the measured window was 111% slower than the second by TTFT p50, over a 25% threshold. Lengthen the warm-up and re-run
time=2026-09-13T04:39:36.342-07:00 level=INFO msg="compacted the run" requests=7934 cells=3 requests_parquet=runs/pressure-residency/m0.55/ws8-skew1/requests.parquet cells_parquet=runs/pressure-residency/m0.55/ws8-skew1/cells.parquet results=runs/pressure-residency/m0.55/ws8-skew1/results.md
stopping replica-5 (PID 3083209)
stopping replica-4 (PID 3081769)
stopping replica-2 (PID 3080319)
stopping replica-1 (PID 3078774)
stopping replica-0 (PID 3077279)
preflight: 5 GPUs clean, all below 256 MiB
starting replica-0 on GPU 0, port 8000, vLLM 0.28.0, quantization awq_marlin, linear backend marlin
replica-0 is up: http://127.0.0.1:8000 (PID 3099524)
fleet: settling for 15s before the next replica
starting replica-1 on GPU 1, port 8001, vLLM 0.28.0, quantization awq_marlin, linear backend marlin
replica-1 is up: http://127.0.0.1:8001 (PID 3100989)
fleet: settling for 15s before the next replica
starting replica-2 on GPU 2, port 8002, vLLM 0.28.0, quantization awq_marlin, linear backend marlin
replica-2 is up: http://127.0.0.1:8002 (PID 3102452)
fleet: settling for 15s before the next replica
starting replica-4 on GPU 4, port 8004, vLLM 0.28.0, quantization awq_marlin, linear backend marlin
replica-4 is up: http://127.0.0.1:8004 (PID 3104012)
fleet: settling for 15s before the next replica
starting replica-5 on GPU 5, port 8005, vLLM 0.28.0, quantization awq_marlin, linear backend marlin
replica-5 is up: http://127.0.0.1:8005 (PID 3105454)
fleet: 5 replicas up on GPUs 0 1 2 4 5
replica-0=http://127.0.0.1:8000,replica-1=http://127.0.0.1:8001,replica-2=http://127.0.0.1:8002,replica-4=http://127.0.0.1:8004,replica-5=http://127.0.0.1:8005
probe-usage: http://127.0.0.1:8000
  cold  → PRESENT 575 0
  warm  → PRESENT 575 560
probe-usage: OK — cached_tokens reported, and the warm request reused 560 tokens
time=2026-09-13T04:45:14.502-07:00 level=INFO msg="SLO read from the characterization rather than retyped" record=slo/characterization.json slo="TTFT < 990ms, inter-token p50 < 24ms (3x the measured floor of 329ms and 7.8ms)" measured_at=2026-09-07T07:50:38.074Z
time=2026-09-13T04:45:14.502-07:00 level=WARN msg="the characterization does not find the replicas interchangeable, so a policy difference in this sweep could be host asymmetry rather than the policy" record=slo/characterization.json
time=2026-09-13T04:45:14.502-07:00 level=WARN msg="the characterization this SLO came from is flagged" reason="replica symmetry is unresolved at one or more levels: at concurrency 32, TTFT p50 spread 22.1% over the 8.0% tolerance: replica-5 at 1.292s against replica-4 at 1.058s; at concurrency 32 that spread is not resolvable: one replica varies 36.3% against itself between repetitions, wider than the 8.0% tolerance, so the difference between replicas is inside the measurement's own noise. Lengthen the probe or add repetitions rather than acting on it"
time=2026-09-13T04:45:14.502-07:00 level=WARN msg="the characterization this SLO came from is flagged" reason="4 of 36 probes flagged: still warming up: the first half of the measured window was 26% slower than the second by TTFT p50, over a 25% threshold. Lengthen the warm-up and re-run (replica-1-c32-r1, replica-3-c32-r1, replica-5-c32-r1 and 1 more)"
time=2026-09-13T04:45:14.503-07:00 level=INFO msg="sampling GPUs for contamination and throttling" gpus=0,1,2,4,5 replica_pids="[3099524 3100989 3102452 3104012 3105454]" interval=5s thermal_share_threshold=0.5
time=2026-09-13T04:45:14.503-07:00 level=INFO msg=offering workload="multiturn(sessions=76,ws=0.25,skew=0,turns=4,prompt=448t,output=64t,system=0.3x128t,branch=0.3x8fam1t,bpt=4,seed=1,usage=on)"
time=2026-09-13T04:45:14.505-07:00 level=INFO msg="router is up and running the policy these cells will name" router=http://127.0.0.1:8080 policy=prefix_affinity spill="hit<0.62 load>off" hash=off replicas=5
time=2026-09-13T04:45:14.513-07:00 level=INFO msg="fleet is up" replicas=5
time=2026-09-13T04:45:17.162-07:00 level=INFO msg="fleet warmed" replicas=5 requests_each=3
time=2026-09-13T04:45:17.163-07:00 level=INFO msg="running cell" cell=prefix_affinity-c32-r1 driver=closed_loop load="32 users" duration=5m0s
time=2026-09-13T04:50:18.051-07:00 level=INFO msg="cell complete" cell=prefix_affinity-c32-r1 driver=closed_loop requests=3541 successes=3541 dropped=0 failed=0 slo_violations=514 goodput_rps=12.082327050438296 clean=true throttled=false flagged=true
time=2026-09-13T04:50:28.056-07:00 level=INFO msg="running cell" cell=prefix_affinity-c32-r2 driver=closed_loop load="32 users" duration=5m0s
time=2026-09-13T04:55:29.290-07:00 level=INFO msg="cell complete" cell=prefix_affinity-c32-r2 driver=closed_loop requests=3692 successes=3692 dropped=0 failed=0 slo_violations=726 goodput_rps=11.990213107903019 clean=true throttled=false flagged=true
time=2026-09-13T04:55:39.298-07:00 level=INFO msg="running cell" cell=prefix_affinity-c32-r3 driver=closed_loop load="32 users" duration=5m0s
time=2026-09-13T05:00:40.521-07:00 level=INFO msg="cell complete" cell=prefix_affinity-c32-r3 driver=closed_loop requests=2822 successes=2822 dropped=0 failed=0 slo_violations=1224 goodput_rps=6.426762569949984 clean=true throttled=false flagged=true

| driver | load | rep | goodput/s | tput/s | TTFT p50 | TTFT p99 | ITL p50 | reqs | ok | dropped | failed | SLO viol | clean | flagged |
|---|---:|---:|---:|---:|---:|---:|---:|---:|---:|---:|---:|---:|:--:|:--|
| closed-loop | 32 users | 1 | 12.08 | 14.13 | 104ms | 9055ms | 13ms | 3541 | 3541 | 0 | 0 | 514 | yes | **1** |
| closed-loop | 32 users | 2 | 11.99 | 14.93 | 103ms | 5580ms | 13ms | 3692 | 3692 | 0 | 0 | 726 | yes | **1** |
| closed-loop | 32 users | 3 | 6.43 | 11.35 | 165ms | 1459ms | 12ms | 2822 | 2822 | 0 | 0 | 1224 | yes | **1** |

Flagged cells — these are not averaged in without being read first:

- `prefix_affinity-c32-r1`: still warming up: the first half of the measured window was 1480% slower than the second by TTFT p50, over a 25% threshold. Lengthen the warm-up and re-run
- `prefix_affinity-c32-r2`: still warming up: the first half of the measured window was 1046% slower than the second by TTFT p50, over a 25% threshold. Lengthen the warm-up and re-run
- `prefix_affinity-c32-r3`: still warming up: the first half of the measured window was 268% slower than the second by TTFT p50, over a 25% threshold. Lengthen the warm-up and re-run
time=2026-09-13T05:00:40.948-07:00 level=INFO msg="compacted the run" requests=10914 cells=3 requests_parquet=runs/pressure-residency/m0.62/ws0.25-skew0/requests.parquet cells_parquet=runs/pressure-residency/m0.62/ws0.25-skew0/cells.parquet results=runs/pressure-residency/m0.62/ws0.25-skew0/results.md
time=2026-09-13T05:00:40.970-07:00 level=INFO msg="SLO read from the characterization rather than retyped" record=slo/characterization.json slo="TTFT < 990ms, inter-token p50 < 24ms (3x the measured floor of 329ms and 7.8ms)" measured_at=2026-09-07T07:50:38.074Z
time=2026-09-13T05:00:40.970-07:00 level=WARN msg="the characterization does not find the replicas interchangeable, so a policy difference in this sweep could be host asymmetry rather than the policy" record=slo/characterization.json
time=2026-09-13T05:00:40.970-07:00 level=WARN msg="the characterization this SLO came from is flagged" reason="replica symmetry is unresolved at one or more levels: at concurrency 32, TTFT p50 spread 22.1% over the 8.0% tolerance: replica-5 at 1.292s against replica-4 at 1.058s; at concurrency 32 that spread is not resolvable: one replica varies 36.3% against itself between repetitions, wider than the 8.0% tolerance, so the difference between replicas is inside the measurement's own noise. Lengthen the probe or add repetitions rather than acting on it"
time=2026-09-13T05:00:40.970-07:00 level=WARN msg="the characterization this SLO came from is flagged" reason="4 of 36 probes flagged: still warming up: the first half of the measured window was 26% slower than the second by TTFT p50, over a 25% threshold. Lengthen the warm-up and re-run (replica-1-c32-r1, replica-3-c32-r1, replica-5-c32-r1 and 1 more)"
time=2026-09-13T05:00:40.971-07:00 level=INFO msg="sampling GPUs for contamination and throttling" gpus=0,1,2,4,5 replica_pids="[3099524 3100989 3102452 3104012 3105454]" interval=5s thermal_share_threshold=0.5
time=2026-09-13T05:00:40.971-07:00 level=INFO msg=offering workload="multiturn(sessions=76,ws=0.25,skew=1,turns=4,prompt=448t,output=64t,system=0.3x128t,branch=0.3x8fam1t,bpt=4,seed=1,usage=on)"
time=2026-09-13T05:00:40.975-07:00 level=INFO msg="router is up and running the policy these cells will name" router=http://127.0.0.1:8080 policy=prefix_affinity spill="hit<0.62 load>off" hash=off replicas=5
time=2026-09-13T05:00:40.999-07:00 level=INFO msg="fleet is up" replicas=5
time=2026-09-13T05:00:43.526-07:00 level=INFO msg="fleet warmed" replicas=5 requests_each=3
time=2026-09-13T05:00:43.530-07:00 level=INFO msg="running cell" cell=prefix_affinity-c32-r1 driver=closed_loop load="32 users" duration=5m0s
time=2026-09-13T05:05:44.550-07:00 level=INFO msg="cell complete" cell=prefix_affinity-c32-r1 driver=closed_loop requests=8254 successes=8254 dropped=0 failed=0 slo_violations=32 goodput_rps=32.79793047956636 clean=true throttled=false flagged=false
time=2026-09-13T05:05:54.561-07:00 level=INFO msg="running cell" cell=prefix_affinity-c32-r2 driver=closed_loop load="32 users" duration=5m0s
time=2026-09-13T05:10:55.668-07:00 level=INFO msg="cell complete" cell=prefix_affinity-c32-r2 driver=closed_loop requests=4311 successes=4311 dropped=0 failed=0 slo_violations=1482 goodput_rps=11.283406783345903 clean=true throttled=false flagged=false
time=2026-09-13T05:11:05.679-07:00 level=INFO msg="running cell" cell=prefix_affinity-c32-r3 driver=closed_loop load="32 users" duration=5m0s
time=2026-09-13T05:16:07.209-07:00 level=INFO msg="cell complete" cell=prefix_affinity-c32-r3 driver=closed_loop requests=6621 successes=6621 dropped=0 failed=0 slo_violations=1727 goodput_rps=19.478207276934793 clean=true throttled=false flagged=false

| driver | load | rep | goodput/s | tput/s | TTFT p50 | TTFT p99 | ITL p50 | reqs | ok | dropped | failed | SLO viol | clean | flagged |
|---|---:|---:|---:|---:|---:|---:|---:|---:|---:|---:|---:|---:|:--:|:--|
| closed-loop | 32 users | 1 | 32.80 | 32.93 | 88ms | 682ms | 12ms | 8254 | 8254 | 0 | 0 | 32 | yes |  |
| closed-loop | 32 users | 2 | 11.28 | 17.19 | 135ms | 1062ms | 19ms | 4311 | 4311 | 0 | 0 | 1482 | yes |  |
| closed-loop | 32 users | 3 | 19.48 | 26.35 | 90ms | 430ms | 11ms | 6621 | 6621 | 0 | 0 | 1727 | yes |  |
time=2026-09-13T05:16:07.867-07:00 level=INFO msg="compacted the run" requests=20695 cells=3 requests_parquet=runs/pressure-residency/m0.62/ws0.25-skew1/requests.parquet cells_parquet=runs/pressure-residency/m0.62/ws0.25-skew1/cells.parquet results=runs/pressure-residency/m0.62/ws0.25-skew1/results.md
time=2026-09-13T05:16:07.893-07:00 level=INFO msg="SLO read from the characterization rather than retyped" record=slo/characterization.json slo="TTFT < 990ms, inter-token p50 < 24ms (3x the measured floor of 329ms and 7.8ms)" measured_at=2026-09-07T07:50:38.074Z
time=2026-09-13T05:16:07.894-07:00 level=WARN msg="the characterization does not find the replicas interchangeable, so a policy difference in this sweep could be host asymmetry rather than the policy" record=slo/characterization.json
time=2026-09-13T05:16:07.894-07:00 level=WARN msg="the characterization this SLO came from is flagged" reason="replica symmetry is unresolved at one or more levels: at concurrency 32, TTFT p50 spread 22.1% over the 8.0% tolerance: replica-5 at 1.292s against replica-4 at 1.058s; at concurrency 32 that spread is not resolvable: one replica varies 36.3% against itself between repetitions, wider than the 8.0% tolerance, so the difference between replicas is inside the measurement's own noise. Lengthen the probe or add repetitions rather than acting on it"
time=2026-09-13T05:16:07.894-07:00 level=WARN msg="the characterization this SLO came from is flagged" reason="4 of 36 probes flagged: still warming up: the first half of the measured window was 26% slower than the second by TTFT p50, over a 25% threshold. Lengthen the warm-up and re-run (replica-1-c32-r1, replica-3-c32-r1, replica-5-c32-r1 and 1 more)"
time=2026-09-13T05:16:07.894-07:00 level=INFO msg="sampling GPUs for contamination and throttling" gpus=0,1,2,4,5 replica_pids="[3099524 3100989 3102452 3104012 3105454]" interval=5s thermal_share_threshold=0.5
time=2026-09-13T05:16:07.895-07:00 level=INFO msg=offering workload="multiturn(sessions=76,ws=0.25,skew=1.4,turns=4,prompt=448t,output=64t,system=0.3x128t,branch=0.3x8fam1t,bpt=4,seed=1,usage=on)"
time=2026-09-13T05:16:07.904-07:00 level=INFO msg="router is up and running the policy these cells will name" router=http://127.0.0.1:8080 policy=prefix_affinity spill="hit<0.62 load>off" hash=off replicas=5
time=2026-09-13T05:16:07.913-07:00 level=INFO msg="fleet is up" replicas=5
time=2026-09-13T05:16:10.472-07:00 level=INFO msg="fleet warmed" replicas=5 requests_each=3
time=2026-09-13T05:16:10.481-07:00 level=INFO msg="running cell" cell=prefix_affinity-c32-r1 driver=closed_loop load="32 users" duration=5m0s
time=2026-09-13T05:21:11.846-07:00 level=INFO msg="cell complete" cell=prefix_affinity-c32-r1 driver=closed_loop requests=5597 successes=5597 dropped=0 failed=0 slo_violations=2487 goodput_rps=12.386056662985576 clean=true throttled=false flagged=false
time=2026-09-13T05:21:21.861-07:00 level=INFO msg="running cell" cell=prefix_affinity-c32-r2 driver=closed_loop load="32 users" duration=5m0s
time=2026-09-13T05:26:23.124-07:00 level=INFO msg="cell complete" cell=prefix_affinity-c32-r2 driver=closed_loop requests=8606 successes=8606 dropped=0 failed=0 slo_violations=14 goodput_rps=34.250111384996714 clean=true throttled=false flagged=false
time=2026-09-13T05:26:33.142-07:00 level=INFO msg="running cell" cell=prefix_affinity-c32-r3 driver=closed_loop load="32 users" duration=5m0s
time=2026-09-13T05:31:34.363-07:00 level=INFO msg="cell complete" cell=prefix_affinity-c32-r3 driver=closed_loop requests=7585 successes=7585 dropped=0 failed=0 slo_violations=211 goodput_rps=29.384608721823486 clean=true throttled=false flagged=false

| driver | load | rep | goodput/s | tput/s | TTFT p50 | TTFT p99 | ITL p50 | reqs | ok | dropped | failed | SLO viol | clean | flagged |
|---|---:|---:|---:|---:|---:|---:|---:|---:|---:|---:|---:|---:|:--:|:--|
| closed-loop | 32 users | 1 | 12.39 | 22.29 | 110ms | 416ms | 13ms | 5597 | 5597 | 0 | 0 | 2487 | yes |  |
| closed-loop | 32 users | 2 | 34.25 | 34.31 | 87ms | 511ms | 12ms | 8606 | 8606 | 0 | 0 | 14 | yes |  |
| closed-loop | 32 users | 3 | 29.38 | 30.23 | 98ms | 633ms | 15ms | 7585 | 7585 | 0 | 0 | 211 | yes |  |
time=2026-09-13T05:31:35.125-07:00 level=INFO msg="compacted the run" requests=23598 cells=3 requests_parquet=runs/pressure-residency/m0.62/ws0.25-skew1.4/requests.parquet cells_parquet=runs/pressure-residency/m0.62/ws0.25-skew1.4/cells.parquet results=runs/pressure-residency/m0.62/ws0.25-skew1.4/results.md
time=2026-09-13T05:31:35.149-07:00 level=INFO msg="SLO read from the characterization rather than retyped" record=slo/characterization.json slo="TTFT < 990ms, inter-token p50 < 24ms (3x the measured floor of 329ms and 7.8ms)" measured_at=2026-09-07T07:50:38.074Z
time=2026-09-13T05:31:35.149-07:00 level=WARN msg="the characterization does not find the replicas interchangeable, so a policy difference in this sweep could be host asymmetry rather than the policy" record=slo/characterization.json
time=2026-09-13T05:31:35.149-07:00 level=WARN msg="the characterization this SLO came from is flagged" reason="replica symmetry is unresolved at one or more levels: at concurrency 32, TTFT p50 spread 22.1% over the 8.0% tolerance: replica-5 at 1.292s against replica-4 at 1.058s; at concurrency 32 that spread is not resolvable: one replica varies 36.3% against itself between repetitions, wider than the 8.0% tolerance, so the difference between replicas is inside the measurement's own noise. Lengthen the probe or add repetitions rather than acting on it"
time=2026-09-13T05:31:35.149-07:00 level=WARN msg="the characterization this SLO came from is flagged" reason="4 of 36 probes flagged: still warming up: the first half of the measured window was 26% slower than the second by TTFT p50, over a 25% threshold. Lengthen the warm-up and re-run (replica-1-c32-r1, replica-3-c32-r1, replica-5-c32-r1 and 1 more)"
time=2026-09-13T05:31:35.149-07:00 level=INFO msg="sampling GPUs for contamination and throttling" gpus=0,1,2,4,5 replica_pids="[3099524 3100989 3102452 3104012 3105454]" interval=5s thermal_share_threshold=0.5
time=2026-09-13T05:31:35.150-07:00 level=INFO msg=offering workload="multiturn(sessions=307,ws=1,skew=0,turns=4,prompt=448t,output=64t,system=0.3x128t,branch=0.3x8fam1t,bpt=4,seed=1,usage=on)"
time=2026-09-13T05:31:35.165-07:00 level=INFO msg="router is up and running the policy these cells will name" router=http://127.0.0.1:8080 policy=prefix_affinity spill="hit<0.62 load>off" hash=off replicas=5
time=2026-09-13T05:31:35.174-07:00 level=INFO msg="fleet is up" replicas=5
time=2026-09-13T05:31:37.838-07:00 level=INFO msg="fleet warmed" replicas=5 requests_each=3
time=2026-09-13T05:31:37.853-07:00 level=INFO msg="running cell" cell=prefix_affinity-c32-r1 driver=closed_loop load="32 users" duration=5m0s
time=2026-09-13T05:36:44.234-07:00 level=INFO msg="cell complete" cell=prefix_affinity-c32-r1 driver=closed_loop requests=1368 successes=1368 dropped=0 failed=0 slo_violations=615 goodput_rps=2.940071194943087 clean=true throttled=false flagged=false
time=2026-09-13T05:36:54.255-07:00 level=INFO msg="running cell" cell=prefix_affinity-c32-r2 driver=closed_loop load="32 users" duration=5m0s
time=2026-09-13T05:42:00.352-07:00 level=INFO msg="cell complete" cell=prefix_affinity-c32-r2 driver=closed_loop requests=1342 successes=1342 dropped=0 failed=0 slo_violations=638 goodput_rps=2.751307682752832 clean=true throttled=false flagged=false
time=2026-09-13T05:42:10.373-07:00 level=INFO msg="running cell" cell=prefix_affinity-c32-r3 driver=closed_loop load="32 users" duration=5m0s
time=2026-09-13T05:47:18.268-07:00 level=INFO msg="cell complete" cell=prefix_affinity-c32-r3 driver=closed_loop requests=1307 successes=1307 dropped=0 failed=0 slo_violations=601 goodput_rps=2.744946544423571 clean=true throttled=false flagged=false

| driver | load | rep | goodput/s | tput/s | TTFT p50 | TTFT p99 | ITL p50 | reqs | ok | dropped | failed | SLO viol | clean | flagged |
|---|---:|---:|---:|---:|---:|---:|---:|---:|---:|---:|---:|---:|:--:|:--|
| closed-loop | 32 users | 1 | 2.94 | 5.34 | 676ms | 16154ms | 12ms | 1368 | 1368 | 0 | 0 | 615 | yes |  |
| closed-loop | 32 users | 2 | 2.75 | 5.24 | 669ms | 13363ms | 12ms | 1342 | 1342 | 0 | 0 | 638 | yes |  |
| closed-loop | 32 users | 3 | 2.74 | 5.08 | 672ms | 14792ms | 12ms | 1307 | 1307 | 0 | 0 | 601 | yes |  |
time=2026-09-13T05:47:18.507-07:00 level=INFO msg="compacted the run" requests=5098 cells=3 requests_parquet=runs/pressure-residency/m0.62/ws1-skew0/requests.parquet cells_parquet=runs/pressure-residency/m0.62/ws1-skew0/cells.parquet results=runs/pressure-residency/m0.62/ws1-skew0/results.md
time=2026-09-13T05:47:18.526-07:00 level=INFO msg="SLO read from the characterization rather than retyped" record=slo/characterization.json slo="TTFT < 990ms, inter-token p50 < 24ms (3x the measured floor of 329ms and 7.8ms)" measured_at=2026-09-07T07:50:38.074Z
time=2026-09-13T05:47:18.527-07:00 level=WARN msg="the characterization does not find the replicas interchangeable, so a policy difference in this sweep could be host asymmetry rather than the policy" record=slo/characterization.json
time=2026-09-13T05:47:18.527-07:00 level=WARN msg="the characterization this SLO came from is flagged" reason="replica symmetry is unresolved at one or more levels: at concurrency 32, TTFT p50 spread 22.1% over the 8.0% tolerance: replica-5 at 1.292s against replica-4 at 1.058s; at concurrency 32 that spread is not resolvable: one replica varies 36.3% against itself between repetitions, wider than the 8.0% tolerance, so the difference between replicas is inside the measurement's own noise. Lengthen the probe or add repetitions rather than acting on it"
time=2026-09-13T05:47:18.527-07:00 level=WARN msg="the characterization this SLO came from is flagged" reason="4 of 36 probes flagged: still warming up: the first half of the measured window was 26% slower than the second by TTFT p50, over a 25% threshold. Lengthen the warm-up and re-run (replica-1-c32-r1, replica-3-c32-r1, replica-5-c32-r1 and 1 more)"
time=2026-09-13T05:47:18.527-07:00 level=INFO msg="sampling GPUs for contamination and throttling" gpus=0,1,2,4,5 replica_pids="[3099524 3100989 3102452 3104012 3105454]" interval=5s thermal_share_threshold=0.5
time=2026-09-13T05:47:18.528-07:00 level=INFO msg=offering workload="multiturn(sessions=307,ws=1,skew=1,turns=4,prompt=448t,output=64t,system=0.3x128t,branch=0.3x8fam1t,bpt=4,seed=1,usage=on)"
time=2026-09-13T05:47:18.544-07:00 level=INFO msg="router is up and running the policy these cells will name" router=http://127.0.0.1:8080 policy=prefix_affinity spill="hit<0.62 load>off" hash=off replicas=5
time=2026-09-13T05:47:18.552-07:00 level=INFO msg="fleet is up" replicas=5
time=2026-09-13T05:47:21.068-07:00 level=INFO msg="fleet warmed" replicas=5 requests_each=3
time=2026-09-13T05:47:21.084-07:00 level=INFO msg="running cell" cell=prefix_affinity-c32-r1 driver=closed_loop load="32 users" duration=5m0s
time=2026-09-13T05:52:22.282-07:00 level=INFO msg="cell complete" cell=prefix_affinity-c32-r1 driver=closed_loop requests=3593 successes=3593 dropped=0 failed=0 slo_violations=379 goodput_rps=12.819859250340327 clean=true throttled=false flagged=true
time=2026-09-13T05:52:32.304-07:00 level=INFO msg="running cell" cell=prefix_affinity-c32-r2 driver=closed_loop load="32 users" duration=5m0s
time=2026-09-13T05:57:33.697-07:00 level=INFO msg="cell complete" cell=prefix_affinity-c32-r2 driver=closed_loop requests=3413 successes=3413 dropped=0 failed=0 slo_violations=375 goodput_rps=12.139322150278495 clean=true throttled=false flagged=true
time=2026-09-13T05:57:43.720-07:00 level=INFO msg="running cell" cell=prefix_affinity-c32-r3 driver=closed_loop load="32 users" duration=5m0s
time=2026-09-13T06:02:45.055-07:00 level=INFO msg="cell complete" cell=prefix_affinity-c32-r3 driver=closed_loop requests=2773 successes=2773 dropped=0 failed=0 slo_violations=480 goodput_rps=9.133237697892818 clean=true throttled=false flagged=true

| driver | load | rep | goodput/s | tput/s | TTFT p50 | TTFT p99 | ITL p50 | reqs | ok | dropped | failed | SLO viol | clean | flagged |
|---|---:|---:|---:|---:|---:|---:|---:|---:|---:|---:|---:|---:|:--:|:--|
| closed-loop | 32 users | 1 | 12.82 | 14.33 | 322ms | 4003ms | 14ms | 3593 | 3593 | 0 | 0 | 379 | yes | **1** |
| closed-loop | 32 users | 2 | 12.14 | 13.64 | 349ms | 1763ms | 15ms | 3413 | 3413 | 0 | 0 | 375 | yes | **1** |
| closed-loop | 32 users | 3 | 9.13 | 11.05 | 373ms | 5613ms | 16ms | 2773 | 2773 | 0 | 0 | 480 | yes | **1** |

Flagged cells — these are not averaged in without being read first:

- `prefix_affinity-c32-r1`: still warming up: the first half of the measured window was 41% slower than the second by TTFT p50, over a 25% threshold. Lengthen the warm-up and re-run
- `prefix_affinity-c32-r2`: still warming up: the first half of the measured window was 35% slower than the second by TTFT p50, over a 25% threshold. Lengthen the warm-up and re-run
- `prefix_affinity-c32-r3`: still warming up: the first half of the measured window was 52% slower than the second by TTFT p50, over a 25% threshold. Lengthen the warm-up and re-run
time=2026-09-13T06:02:45.490-07:00 level=INFO msg="compacted the run" requests=10742 cells=3 requests_parquet=runs/pressure-residency/m0.62/ws1-skew1/requests.parquet cells_parquet=runs/pressure-residency/m0.62/ws1-skew1/cells.parquet results=runs/pressure-residency/m0.62/ws1-skew1/results.md
time=2026-09-13T06:02:45.511-07:00 level=INFO msg="SLO read from the characterization rather than retyped" record=slo/characterization.json slo="TTFT < 990ms, inter-token p50 < 24ms (3x the measured floor of 329ms and 7.8ms)" measured_at=2026-09-07T07:50:38.074Z
time=2026-09-13T06:02:45.512-07:00 level=WARN msg="the characterization does not find the replicas interchangeable, so a policy difference in this sweep could be host asymmetry rather than the policy" record=slo/characterization.json
time=2026-09-13T06:02:45.512-07:00 level=WARN msg="the characterization this SLO came from is flagged" reason="replica symmetry is unresolved at one or more levels: at concurrency 32, TTFT p50 spread 22.1% over the 8.0% tolerance: replica-5 at 1.292s against replica-4 at 1.058s; at concurrency 32 that spread is not resolvable: one replica varies 36.3% against itself between repetitions, wider than the 8.0% tolerance, so the difference between replicas is inside the measurement's own noise. Lengthen the probe or add repetitions rather than acting on it"
time=2026-09-13T06:02:45.512-07:00 level=WARN msg="the characterization this SLO came from is flagged" reason="4 of 36 probes flagged: still warming up: the first half of the measured window was 26% slower than the second by TTFT p50, over a 25% threshold. Lengthen the warm-up and re-run (replica-1-c32-r1, replica-3-c32-r1, replica-5-c32-r1 and 1 more)"
time=2026-09-13T06:02:45.512-07:00 level=INFO msg="sampling GPUs for contamination and throttling" gpus=0,1,2,4,5 replica_pids="[3099524 3100989 3102452 3104012 3105454]" interval=5s thermal_share_threshold=0.5
time=2026-09-13T06:02:45.513-07:00 level=INFO msg=offering workload="multiturn(sessions=307,ws=1,skew=1.4,turns=4,prompt=448t,output=64t,system=0.3x128t,branch=0.3x8fam1t,bpt=4,seed=1,usage=on)"
time=2026-09-13T06:02:45.532-07:00 level=INFO msg="router is up and running the policy these cells will name" router=http://127.0.0.1:8080 policy=prefix_affinity spill="hit<0.62 load>off" hash=off replicas=5
time=2026-09-13T06:02:45.540-07:00 level=INFO msg="fleet is up" replicas=5
time=2026-09-13T06:02:48.087-07:00 level=INFO msg="fleet warmed" replicas=5 requests_each=3
time=2026-09-13T06:02:48.107-07:00 level=INFO msg="running cell" cell=prefix_affinity-c32-r1 driver=closed_loop load="32 users" duration=5m0s
time=2026-09-13T06:07:49.390-07:00 level=INFO msg="cell complete" cell=prefix_affinity-c32-r1 driver=closed_loop requests=5975 successes=5975 dropped=0 failed=0 slo_violations=552 goodput_rps=21.620497937674557 clean=true throttled=false flagged=false
time=2026-09-13T06:07:59.412-07:00 level=INFO msg="running cell" cell=prefix_affinity-c32-r2 driver=closed_loop load="32 users" duration=5m0s
time=2026-09-13T06:13:01.045-07:00 level=INFO msg="cell complete" cell=prefix_affinity-c32-r2 driver=closed_loop requests=6165 successes=6165 dropped=0 failed=0 slo_violations=1020 goodput_rps=20.47413933419759 clean=true throttled=false flagged=false
time=2026-09-13T06:13:11.071-07:00 level=INFO msg="running cell" cell=prefix_affinity-c32-r3 driver=closed_loop load="32 users" duration=5m0s
time=2026-09-13T06:18:12.589-07:00 level=INFO msg="cell complete" cell=prefix_affinity-c32-r3 driver=closed_loop requests=3498 successes=3498 dropped=0 failed=0 slo_violations=2077 goodput_rps=5.656827763131294 clean=true throttled=false flagged=false

| driver | load | rep | goodput/s | tput/s | TTFT p50 | TTFT p99 | ITL p50 | reqs | ok | dropped | failed | SLO viol | clean | flagged |
|---|---:|---:|---:|---:|---:|---:|---:|---:|---:|---:|---:|---:|:--:|:--|
| closed-loop | 32 users | 1 | 21.62 | 23.82 | 115ms | 842ms | 13ms | 5975 | 5975 | 0 | 0 | 552 | yes |  |
| closed-loop | 32 users | 2 | 20.47 | 24.53 | 108ms | 756ms | 13ms | 6165 | 6165 | 0 | 0 | 1020 | yes |  |
| closed-loop | 32 users | 3 | 5.66 | 13.93 | 200ms | 1035ms | 31ms | 3498 | 3498 | 0 | 0 | 2077 | yes |  |
time=2026-09-13T06:18:13.135-07:00 level=INFO msg="compacted the run" requests=16897 cells=3 requests_parquet=runs/pressure-residency/m0.62/ws1-skew1.4/requests.parquet cells_parquet=runs/pressure-residency/m0.62/ws1-skew1.4/cells.parquet results=runs/pressure-residency/m0.62/ws1-skew1.4/results.md
time=2026-09-13T06:18:13.158-07:00 level=INFO msg="SLO read from the characterization rather than retyped" record=slo/characterization.json slo="TTFT < 990ms, inter-token p50 < 24ms (3x the measured floor of 329ms and 7.8ms)" measured_at=2026-09-07T07:50:38.074Z
time=2026-09-13T06:18:13.158-07:00 level=WARN msg="the characterization does not find the replicas interchangeable, so a policy difference in this sweep could be host asymmetry rather than the policy" record=slo/characterization.json
time=2026-09-13T06:18:13.158-07:00 level=WARN msg="the characterization this SLO came from is flagged" reason="replica symmetry is unresolved at one or more levels: at concurrency 32, TTFT p50 spread 22.1% over the 8.0% tolerance: replica-5 at 1.292s against replica-4 at 1.058s; at concurrency 32 that spread is not resolvable: one replica varies 36.3% against itself between repetitions, wider than the 8.0% tolerance, so the difference between replicas is inside the measurement's own noise. Lengthen the probe or add repetitions rather than acting on it"
time=2026-09-13T06:18:13.158-07:00 level=WARN msg="the characterization this SLO came from is flagged" reason="4 of 36 probes flagged: still warming up: the first half of the measured window was 26% slower than the second by TTFT p50, over a 25% threshold. Lengthen the warm-up and re-run (replica-1-c32-r1, replica-3-c32-r1, replica-5-c32-r1 and 1 more)"
time=2026-09-13T06:18:13.159-07:00 level=INFO msg="sampling GPUs for contamination and throttling" gpus=0,1,2,4,5 replica_pids="[3099524 3100989 3102452 3104012 3105454]" interval=5s thermal_share_threshold=0.5
time=2026-09-13T06:18:13.159-07:00 level=INFO msg=offering workload="multiturn(sessions=922,ws=3,skew=0,turns=4,prompt=448t,output=64t,system=0.3x128t,branch=0.3x8fam1t,bpt=4,seed=1,usage=on)"
time=2026-09-13T06:18:13.183-07:00 level=INFO msg="router is up and running the policy these cells will name" router=http://127.0.0.1:8080 policy=prefix_affinity spill="hit<0.62 load>off" hash=off replicas=5
time=2026-09-13T06:18:13.192-07:00 level=INFO msg="fleet is up" replicas=5
time=2026-09-13T06:18:15.869-07:00 level=INFO msg="fleet warmed" replicas=5 requests_each=3
time=2026-09-13T06:18:15.892-07:00 level=INFO msg="running cell" cell=prefix_affinity-c32-r1 driver=closed_loop load="32 users" duration=5m0s
time=2026-09-13T06:23:19.268-07:00 level=INFO msg="cell complete" cell=prefix_affinity-c32-r1 driver=closed_loop requests=1639 successes=1639 dropped=0 failed=0 slo_violations=610 goodput_rps=4.067033545477755 clean=true throttled=false flagged=true
time=2026-09-13T06:23:29.297-07:00 level=INFO msg="running cell" cell=prefix_affinity-c32-r2 driver=closed_loop load="32 users" duration=5m0s
time=2026-09-13T06:28:44.923-07:00 level=INFO msg="cell complete" cell=prefix_affinity-c32-r2 driver=closed_loop requests=1576 successes=1576 dropped=0 failed=0 slo_violations=576 goodput_rps=3.7697324377241337 clean=true throttled=false flagged=false
time=2026-09-13T06:28:54.952-07:00 level=INFO msg="running cell" cell=prefix_affinity-c32-r3 driver=closed_loop load="32 users" duration=5m0s
time=2026-09-13T06:34:06.415-07:00 level=INFO msg="cell complete" cell=prefix_affinity-c32-r3 driver=closed_loop requests=1465 successes=1465 dropped=0 failed=0 slo_violations=586 goodput_rps=3.3681775094539588 clean=true throttled=false flagged=false

| driver | load | rep | goodput/s | tput/s | TTFT p50 | TTFT p99 | ITL p50 | reqs | ok | dropped | failed | SLO viol | clean | flagged |
|---|---:|---:|---:|---:|---:|---:|---:|---:|---:|---:|---:|---:|:--:|:--|
| closed-loop | 32 users | 1 | 4.07 | 6.48 | 502ms | 14263ms | 11ms | 1639 | 1639 | 0 | 0 | 610 | yes | **1** |
| closed-loop | 32 users | 2 | 3.77 | 5.94 | 475ms | 15996ms | 11ms | 1576 | 1576 | 0 | 0 | 576 | yes |  |
| closed-loop | 32 users | 3 | 3.37 | 5.61 | 539ms | 16385ms | 11ms | 1465 | 1465 | 0 | 0 | 586 | yes |  |

Flagged cells — these are not averaged in without being read first:

- `prefix_affinity-c32-r1`: still warming up: the first half of the measured window was 29% slower than the second by TTFT p50, over a 25% threshold. Lengthen the warm-up and re-run
time=2026-09-13T06:34:06.672-07:00 level=INFO msg="compacted the run" requests=5764 cells=3 requests_parquet=runs/pressure-residency/m0.62/ws3-skew0/requests.parquet cells_parquet=runs/pressure-residency/m0.62/ws3-skew0/cells.parquet results=runs/pressure-residency/m0.62/ws3-skew0/results.md
time=2026-09-13T06:34:06.693-07:00 level=INFO msg="SLO read from the characterization rather than retyped" record=slo/characterization.json slo="TTFT < 990ms, inter-token p50 < 24ms (3x the measured floor of 329ms and 7.8ms)" measured_at=2026-09-07T07:50:38.074Z
time=2026-09-13T06:34:06.693-07:00 level=WARN msg="the characterization does not find the replicas interchangeable, so a policy difference in this sweep could be host asymmetry rather than the policy" record=slo/characterization.json
time=2026-09-13T06:34:06.693-07:00 level=WARN msg="the characterization this SLO came from is flagged" reason="replica symmetry is unresolved at one or more levels: at concurrency 32, TTFT p50 spread 22.1% over the 8.0% tolerance: replica-5 at 1.292s against replica-4 at 1.058s; at concurrency 32 that spread is not resolvable: one replica varies 36.3% against itself between repetitions, wider than the 8.0% tolerance, so the difference between replicas is inside the measurement's own noise. Lengthen the probe or add repetitions rather than acting on it"
time=2026-09-13T06:34:06.693-07:00 level=WARN msg="the characterization this SLO came from is flagged" reason="4 of 36 probes flagged: still warming up: the first half of the measured window was 26% slower than the second by TTFT p50, over a 25% threshold. Lengthen the warm-up and re-run (replica-1-c32-r1, replica-3-c32-r1, replica-5-c32-r1 and 1 more)"
time=2026-09-13T06:34:06.693-07:00 level=INFO msg="sampling GPUs for contamination and throttling" gpus=0,1,2,4,5 replica_pids="[3099524 3100989 3102452 3104012 3105454]" interval=5s thermal_share_threshold=0.5
time=2026-09-13T06:34:06.694-07:00 level=INFO msg=offering workload="multiturn(sessions=922,ws=3,skew=1,turns=4,prompt=448t,output=64t,system=0.3x128t,branch=0.3x8fam1t,bpt=4,seed=1,usage=on)"
time=2026-09-13T06:34:06.720-07:00 level=INFO msg="router is up and running the policy these cells will name" router=http://127.0.0.1:8080 policy=prefix_affinity spill="hit<0.62 load>off" hash=off replicas=5
time=2026-09-13T06:34:06.729-07:00 level=INFO msg="fleet is up" replicas=5
time=2026-09-13T06:34:09.221-07:00 level=INFO msg="fleet warmed" replicas=5 requests_each=3
time=2026-09-13T06:34:09.246-07:00 level=INFO msg="running cell" cell=prefix_affinity-c32-r1 driver=closed_loop load="32 users" duration=5m0s
time=2026-09-13T06:39:15.179-07:00 level=INFO msg="cell complete" cell=prefix_affinity-c32-r1 driver=closed_loop requests=1423 successes=1423 dropped=0 failed=0 slo_violations=726 goodput_rps=2.7277106555225474 clean=true throttled=false flagged=true
time=2026-09-13T06:39:25.209-07:00 level=INFO msg="running cell" cell=prefix_affinity-c32-r2 driver=closed_loop load="32 users" duration=5m0s
time=2026-09-13T06:44:26.345-07:00 level=INFO msg="cell complete" cell=prefix_affinity-c32-r2 driver=closed_loop requests=1358 successes=1358 dropped=0 failed=0 slo_violations=742 goodput_rps=2.4593850819147582 clean=true throttled=false flagged=false
time=2026-09-13T06:44:36.378-07:00 level=INFO msg="running cell" cell=prefix_affinity-c32-r3 driver=closed_loop load="32 users" duration=5m0s
time=2026-09-13T06:49:37.562-07:00 level=INFO msg="cell complete" cell=prefix_affinity-c32-r3 driver=closed_loop requests=2119 successes=2119 dropped=0 failed=0 slo_violations=624 goodput_rps=5.957710989554686 clean=true throttled=false flagged=true

| driver | load | rep | goodput/s | tput/s | TTFT p50 | TTFT p99 | ITL p50 | reqs | ok | dropped | failed | SLO viol | clean | flagged |
|---|---:|---:|---:|---:|---:|---:|---:|---:|---:|---:|---:|---:|:--:|:--|
| closed-loop | 32 users | 1 | 2.73 | 5.57 | 735ms | 11067ms | 19ms | 1423 | 1423 | 0 | 0 | 726 | yes | **1** |
| closed-loop | 32 users | 2 | 2.46 | 5.42 | 923ms | 11338ms | 17ms | 1358 | 1358 | 0 | 0 | 742 | yes |  |
| closed-loop | 32 users | 3 | 5.96 | 8.44 | 426ms | 10303ms | 13ms | 2119 | 2119 | 0 | 0 | 624 | yes | **1** |

Flagged cells — these are not averaged in without being read first:

- `prefix_affinity-c32-r1`: still warming up: the first half of the measured window was 56% slower than the second by TTFT p50, over a 25% threshold. Lengthen the warm-up and re-run
- `prefix_affinity-c32-r3`: still warming up: the first half of the measured window was 56% slower than the second by TTFT p50, over a 25% threshold. Lengthen the warm-up and re-run
time=2026-09-13T06:49:37.805-07:00 level=INFO msg="compacted the run" requests=5911 cells=3 requests_parquet=runs/pressure-residency/m0.62/ws3-skew1/requests.parquet cells_parquet=runs/pressure-residency/m0.62/ws3-skew1/cells.parquet results=runs/pressure-residency/m0.62/ws3-skew1/results.md
time=2026-09-13T06:49:37.826-07:00 level=INFO msg="SLO read from the characterization rather than retyped" record=slo/characterization.json slo="TTFT < 990ms, inter-token p50 < 24ms (3x the measured floor of 329ms and 7.8ms)" measured_at=2026-09-07T07:50:38.074Z
time=2026-09-13T06:49:37.826-07:00 level=WARN msg="the characterization does not find the replicas interchangeable, so a policy difference in this sweep could be host asymmetry rather than the policy" record=slo/characterization.json
time=2026-09-13T06:49:37.826-07:00 level=WARN msg="the characterization this SLO came from is flagged" reason="replica symmetry is unresolved at one or more levels: at concurrency 32, TTFT p50 spread 22.1% over the 8.0% tolerance: replica-5 at 1.292s against replica-4 at 1.058s; at concurrency 32 that spread is not resolvable: one replica varies 36.3% against itself between repetitions, wider than the 8.0% tolerance, so the difference between replicas is inside the measurement's own noise. Lengthen the probe or add repetitions rather than acting on it"
time=2026-09-13T06:49:37.826-07:00 level=WARN msg="the characterization this SLO came from is flagged" reason="4 of 36 probes flagged: still warming up: the first half of the measured window was 26% slower than the second by TTFT p50, over a 25% threshold. Lengthen the warm-up and re-run (replica-1-c32-r1, replica-3-c32-r1, replica-5-c32-r1 and 1 more)"
time=2026-09-13T06:49:37.826-07:00 level=INFO msg="sampling GPUs for contamination and throttling" gpus=0,1,2,4,5 replica_pids="[3099524 3100989 3102452 3104012 3105454]" interval=5s thermal_share_threshold=0.5
time=2026-09-13T06:49:37.827-07:00 level=INFO msg=offering workload="multiturn(sessions=922,ws=3,skew=1.4,turns=4,prompt=448t,output=64t,system=0.3x128t,branch=0.3x8fam1t,bpt=4,seed=1,usage=on)"
time=2026-09-13T06:49:37.854-07:00 level=INFO msg="router is up and running the policy these cells will name" router=http://127.0.0.1:8080 policy=prefix_affinity spill="hit<0.62 load>off" hash=off replicas=5
time=2026-09-13T06:49:37.862-07:00 level=INFO msg="fleet is up" replicas=5
time=2026-09-13T06:49:40.503-07:00 level=INFO msg="fleet warmed" replicas=5 requests_each=3
time=2026-09-13T06:49:40.529-07:00 level=INFO msg="running cell" cell=prefix_affinity-c32-r1 driver=closed_loop load="32 users" duration=5m0s
time=2026-09-13T06:54:41.977-07:00 level=INFO msg="cell complete" cell=prefix_affinity-c32-r1 driver=closed_loop requests=7317 successes=7317 dropped=0 failed=0 slo_violations=11 goodput_rps=29.098362767624184 clean=true throttled=false flagged=false
time=2026-09-13T06:54:52.010-07:00 level=INFO msg="running cell" cell=prefix_affinity-c32-r2 driver=closed_loop load="32 users" duration=5m0s
time=2026-09-13T06:59:53.191-07:00 level=INFO msg="cell complete" cell=prefix_affinity-c32-r2 driver=closed_loop requests=3269 successes=3269 dropped=0 failed=0 slo_violations=1967 goodput_rps=5.191357899043214 clean=true throttled=false flagged=false
time=2026-09-13T07:00:03.226-07:00 level=INFO msg="running cell" cell=prefix_affinity-c32-r3 driver=closed_loop load="32 users" duration=5m0s
time=2026-09-13T07:05:04.912-07:00 level=INFO msg="cell complete" cell=prefix_affinity-c32-r3 driver=closed_loop requests=5003 successes=5003 dropped=0 failed=0 slo_violations=1389 goodput_rps=14.375013774845018 clean=true throttled=false flagged=false

| driver | load | rep | goodput/s | tput/s | TTFT p50 | TTFT p99 | ITL p50 | reqs | ok | dropped | failed | SLO viol | clean | flagged |
|---|---:|---:|---:|---:|---:|---:|---:|---:|---:|---:|---:|---:|:--:|:--|
| closed-loop | 32 users | 1 | 29.10 | 29.14 | 95ms | 744ms | 12ms | 7317 | 7317 | 0 | 0 | 11 | yes |  |
| closed-loop | 32 users | 2 | 5.19 | 13.03 | 180ms | 1096ms | 30ms | 3269 | 3269 | 0 | 0 | 1967 | yes |  |
| closed-loop | 32 users | 3 | 14.38 | 19.90 | 142ms | 1020ms | 12ms | 5003 | 5003 | 0 | 0 | 1389 | yes |  |
time=2026-09-13T07:05:05.502-07:00 level=INFO msg="compacted the run" requests=17022 cells=3 requests_parquet=runs/pressure-residency/m0.62/ws3-skew1.4/requests.parquet cells_parquet=runs/pressure-residency/m0.62/ws3-skew1.4/cells.parquet results=runs/pressure-residency/m0.62/ws3-skew1.4/results.md
time=2026-09-13T07:05:05.525-07:00 level=INFO msg="SLO read from the characterization rather than retyped" record=slo/characterization.json slo="TTFT < 990ms, inter-token p50 < 24ms (3x the measured floor of 329ms and 7.8ms)" measured_at=2026-09-07T07:50:38.074Z
time=2026-09-13T07:05:05.525-07:00 level=WARN msg="the characterization does not find the replicas interchangeable, so a policy difference in this sweep could be host asymmetry rather than the policy" record=slo/characterization.json
time=2026-09-13T07:05:05.525-07:00 level=WARN msg="the characterization this SLO came from is flagged" reason="replica symmetry is unresolved at one or more levels: at concurrency 32, TTFT p50 spread 22.1% over the 8.0% tolerance: replica-5 at 1.292s against replica-4 at 1.058s; at concurrency 32 that spread is not resolvable: one replica varies 36.3% against itself between repetitions, wider than the 8.0% tolerance, so the difference between replicas is inside the measurement's own noise. Lengthen the probe or add repetitions rather than acting on it"
time=2026-09-13T07:05:05.525-07:00 level=WARN msg="the characterization this SLO came from is flagged" reason="4 of 36 probes flagged: still warming up: the first half of the measured window was 26% slower than the second by TTFT p50, over a 25% threshold. Lengthen the warm-up and re-run (replica-1-c32-r1, replica-3-c32-r1, replica-5-c32-r1 and 1 more)"
time=2026-09-13T07:05:05.526-07:00 level=INFO msg="sampling GPUs for contamination and throttling" gpus=0,1,2,4,5 replica_pids="[3099524 3100989 3102452 3104012 3105454]" interval=5s thermal_share_threshold=0.5
time=2026-09-13T07:05:05.527-07:00 level=INFO msg=offering workload="multiturn(sessions=2460,ws=8,skew=0,turns=4,prompt=448t,output=64t,system=0.3x128t,branch=0.3x8fam1t,bpt=4,seed=1,usage=on)"
time=2026-09-13T07:05:05.558-07:00 level=INFO msg="router is up and running the policy these cells will name" router=http://127.0.0.1:8080 policy=prefix_affinity spill="hit<0.62 load>off" hash=off replicas=5
time=2026-09-13T07:05:05.566-07:00 level=INFO msg="fleet is up" replicas=5
time=2026-09-13T07:05:08.111-07:00 level=INFO msg="fleet warmed" replicas=5 requests_each=3
time=2026-09-13T07:05:08.142-07:00 level=INFO msg="running cell" cell=prefix_affinity-c32-r1 driver=closed_loop load="32 users" duration=5m0s
time=2026-09-13T07:10:15.699-07:00 level=INFO msg="cell complete" cell=prefix_affinity-c32-r1 driver=closed_loop requests=1196 successes=1196 dropped=0 failed=0 slo_violations=481 goodput_rps=2.781959503106863 clean=true throttled=false flagged=false
time=2026-09-13T07:10:25.736-07:00 level=INFO msg="running cell" cell=prefix_affinity-c32-r2 driver=closed_loop load="32 users" duration=5m0s
time=2026-09-13T07:15:35.815-07:00 level=INFO msg="cell complete" cell=prefix_affinity-c32-r2 driver=closed_loop requests=1325 successes=1325 dropped=0 failed=0 slo_violations=507 goodput_rps=3.1499992012091083 clean=true throttled=false flagged=true
time=2026-09-13T07:15:45.851-07:00 level=INFO msg="running cell" cell=prefix_affinity-c32-r3 driver=closed_loop load="32 users" duration=5m0s
time=2026-09-13T07:20:47.193-07:00 level=INFO msg="cell complete" cell=prefix_affinity-c32-r3 driver=closed_loop requests=1732 successes=1732 dropped=0 failed=0 slo_violations=599 goodput_rps=4.520348239538826 clean=true throttled=false flagged=false

| driver | load | rep | goodput/s | tput/s | TTFT p50 | TTFT p99 | ITL p50 | reqs | ok | dropped | failed | SLO viol | clean | flagged |
|---|---:|---:|---:|---:|---:|---:|---:|---:|---:|---:|---:|---:|:--:|:--|
| closed-loop | 32 users | 1 | 2.78 | 4.65 | 496ms | 14061ms | 10ms | 1196 | 1196 | 0 | 0 | 481 | yes |  |
| closed-loop | 32 users | 2 | 3.15 | 5.10 | 487ms | 16013ms | 10ms | 1325 | 1325 | 0 | 0 | 507 | yes | **1** |
| closed-loop | 32 users | 3 | 4.52 | 6.91 | 578ms | 13334ms | 12ms | 1732 | 1732 | 0 | 0 | 599 | yes |  |

Flagged cells — these are not averaged in without being read first:

- `prefix_affinity-c32-r2`: still warming up: the first half of the measured window was 30% slower than the second by TTFT p50, over a 25% threshold. Lengthen the warm-up and re-run
time=2026-09-13T07:20:47.417-07:00 level=INFO msg="compacted the run" requests=5190 cells=3 requests_parquet=runs/pressure-residency/m0.62/ws8-skew0/requests.parquet cells_parquet=runs/pressure-residency/m0.62/ws8-skew0/cells.parquet results=runs/pressure-residency/m0.62/ws8-skew0/results.md
time=2026-09-13T07:20:47.435-07:00 level=INFO msg="SLO read from the characterization rather than retyped" record=slo/characterization.json slo="TTFT < 990ms, inter-token p50 < 24ms (3x the measured floor of 329ms and 7.8ms)" measured_at=2026-09-07T07:50:38.074Z
time=2026-09-13T07:20:47.436-07:00 level=WARN msg="the characterization does not find the replicas interchangeable, so a policy difference in this sweep could be host asymmetry rather than the policy" record=slo/characterization.json
time=2026-09-13T07:20:47.436-07:00 level=WARN msg="the characterization this SLO came from is flagged" reason="replica symmetry is unresolved at one or more levels: at concurrency 32, TTFT p50 spread 22.1% over the 8.0% tolerance: replica-5 at 1.292s against replica-4 at 1.058s; at concurrency 32 that spread is not resolvable: one replica varies 36.3% against itself between repetitions, wider than the 8.0% tolerance, so the difference between replicas is inside the measurement's own noise. Lengthen the probe or add repetitions rather than acting on it"
time=2026-09-13T07:20:47.436-07:00 level=WARN msg="the characterization this SLO came from is flagged" reason="4 of 36 probes flagged: still warming up: the first half of the measured window was 26% slower than the second by TTFT p50, over a 25% threshold. Lengthen the warm-up and re-run (replica-1-c32-r1, replica-3-c32-r1, replica-5-c32-r1 and 1 more)"
time=2026-09-13T07:20:47.436-07:00 level=INFO msg="sampling GPUs for contamination and throttling" gpus=0,1,2,4,5 replica_pids="[3099524 3100989 3102452 3104012 3105454]" interval=5s thermal_share_threshold=0.5
time=2026-09-13T07:20:47.437-07:00 level=INFO msg=offering workload="multiturn(sessions=2460,ws=8,skew=1,turns=4,prompt=448t,output=64t,system=0.3x128t,branch=0.3x8fam1t,bpt=4,seed=1,usage=on)"
time=2026-09-13T07:20:47.470-07:00 level=INFO msg="router is up and running the policy these cells will name" router=http://127.0.0.1:8080 policy=prefix_affinity spill="hit<0.62 load>off" hash=off replicas=5
time=2026-09-13T07:20:47.478-07:00 level=INFO msg="fleet is up" replicas=5
time=2026-09-13T07:20:50.043-07:00 level=INFO msg="fleet warmed" replicas=5 requests_each=3
time=2026-09-13T07:20:50.075-07:00 level=INFO msg="running cell" cell=prefix_affinity-c32-r1 driver=closed_loop load="32 users" duration=5m0s
time=2026-09-13T07:25:57.567-07:00 level=INFO msg="cell complete" cell=prefix_affinity-c32-r1 driver=closed_loop requests=1236 successes=1236 dropped=0 failed=0 slo_violations=690 goodput_rps=2.125948551533665 clean=true throttled=false flagged=false
time=2026-09-13T07:26:07.601-07:00 level=INFO msg="running cell" cell=prefix_affinity-c32-r2 driver=closed_loop load="32 users" duration=5m0s
time=2026-09-13T07:31:11.959-07:00 level=INFO msg="cell complete" cell=prefix_affinity-c32-r2 driver=closed_loop requests=1495 successes=1495 dropped=0 failed=0 slo_violations=699 goodput_rps=3.1325693145388565 clean=true throttled=false flagged=true
time=2026-09-13T07:31:21.994-07:00 level=INFO msg="running cell" cell=prefix_affinity-c32-r3 driver=closed_loop load="32 users" duration=5m0s
time=2026-09-13T07:36:23.683-07:00 level=INFO msg="cell complete" cell=prefix_affinity-c32-r3 driver=closed_loop requests=1690 successes=1690 dropped=0 failed=0 slo_violations=704 goodput_rps=3.9220138028475913 clean=true throttled=false flagged=true

| driver | load | rep | goodput/s | tput/s | TTFT p50 | TTFT p99 | ITL p50 | reqs | ok | dropped | failed | SLO viol | clean | flagged |
|---|---:|---:|---:|---:|---:|---:|---:|---:|---:|---:|---:|---:|:--:|:--|
| closed-loop | 32 users | 1 | 2.13 | 4.81 | 926ms | 11846ms | 15ms | 1236 | 1236 | 0 | 0 | 690 | yes |  |
| closed-loop | 32 users | 2 | 3.13 | 5.88 | 744ms | 11796ms | 16ms | 1495 | 1495 | 0 | 0 | 699 | yes | **1** |
| closed-loop | 32 users | 3 | 3.92 | 6.72 | 631ms | 10441ms | 14ms | 1690 | 1690 | 0 | 0 | 704 | yes | **1** |

Flagged cells — these are not averaged in without being read first:

- `prefix_affinity-c32-r2`: still warming up: the first half of the measured window was 39% slower than the second by TTFT p50, over a 25% threshold. Lengthen the warm-up and re-run
- `prefix_affinity-c32-r3`: still warming up: the first half of the measured window was 89% slower than the second by TTFT p50, over a 25% threshold. Lengthen the warm-up and re-run
time=2026-09-13T07:36:23.905-07:00 level=INFO msg="compacted the run" requests=5328 cells=3 requests_parquet=runs/pressure-residency/m0.62/ws8-skew1/requests.parquet cells_parquet=runs/pressure-residency/m0.62/ws8-skew1/cells.parquet results=runs/pressure-residency/m0.62/ws8-skew1/results.md
time=2026-09-13T07:36:23.922-07:00 level=INFO msg="SLO read from the characterization rather than retyped" record=slo/characterization.json slo="TTFT < 990ms, inter-token p50 < 24ms (3x the measured floor of 329ms and 7.8ms)" measured_at=2026-09-07T07:50:38.074Z
time=2026-09-13T07:36:23.922-07:00 level=WARN msg="the characterization does not find the replicas interchangeable, so a policy difference in this sweep could be host asymmetry rather than the policy" record=slo/characterization.json
time=2026-09-13T07:36:23.922-07:00 level=WARN msg="the characterization this SLO came from is flagged" reason="replica symmetry is unresolved at one or more levels: at concurrency 32, TTFT p50 spread 22.1% over the 8.0% tolerance: replica-5 at 1.292s against replica-4 at 1.058s; at concurrency 32 that spread is not resolvable: one replica varies 36.3% against itself between repetitions, wider than the 8.0% tolerance, so the difference between replicas is inside the measurement's own noise. Lengthen the probe or add repetitions rather than acting on it"
time=2026-09-13T07:36:23.922-07:00 level=WARN msg="the characterization this SLO came from is flagged" reason="4 of 36 probes flagged: still warming up: the first half of the measured window was 26% slower than the second by TTFT p50, over a 25% threshold. Lengthen the warm-up and re-run (replica-1-c32-r1, replica-3-c32-r1, replica-5-c32-r1 and 1 more)"
time=2026-09-13T07:36:23.922-07:00 level=INFO msg="sampling GPUs for contamination and throttling" gpus=0,1,2,4,5 replica_pids="[3099524 3100989 3102452 3104012 3105454]" interval=5s thermal_share_threshold=0.5
time=2026-09-13T07:36:23.923-07:00 level=INFO msg=offering workload="multiturn(sessions=2460,ws=8,skew=1.4,turns=4,prompt=448t,output=64t,system=0.3x128t,branch=0.3x8fam1t,bpt=4,seed=1,usage=on)"
time=2026-09-13T07:36:23.958-07:00 level=INFO msg="router is up and running the policy these cells will name" router=http://127.0.0.1:8080 policy=prefix_affinity spill="hit<0.62 load>off" hash=off replicas=5
time=2026-09-13T07:36:23.966-07:00 level=INFO msg="fleet is up" replicas=5
time=2026-09-13T07:36:26.533-07:00 level=INFO msg="fleet warmed" replicas=5 requests_each=3
time=2026-09-13T07:36:26.570-07:00 level=INFO msg="running cell" cell=prefix_affinity-c32-r1 driver=closed_loop load="32 users" duration=5m0s
time=2026-09-13T07:41:27.777-07:00 level=INFO msg="cell complete" cell=prefix_affinity-c32-r1 driver=closed_loop requests=5655 successes=5655 dropped=0 failed=0 slo_violations=656 goodput_rps=19.931976226731862 clean=true throttled=false flagged=false
time=2026-09-13T07:41:37.818-07:00 level=INFO msg="running cell" cell=prefix_affinity-c32-r2 driver=closed_loop load="32 users" duration=5m0s
time=2026-09-13T07:46:39.541-07:00 level=INFO msg="cell complete" cell=prefix_affinity-c32-r2 driver=closed_loop requests=4547 successes=4547 dropped=0 failed=0 slo_violations=213 goodput_rps=17.243044460650502 clean=true throttled=false flagged=false
time=2026-09-13T07:46:49.584-07:00 level=INFO msg="running cell" cell=prefix_affinity-c32-r3 driver=closed_loop load="32 users" duration=5m0s
time=2026-09-13T07:51:50.952-07:00 level=INFO msg="cell complete" cell=prefix_affinity-c32-r3 driver=closed_loop requests=5238 successes=5238 dropped=0 failed=0 slo_violations=814 goodput_rps=17.694521527883712 clean=true throttled=false flagged=false

| driver | load | rep | goodput/s | tput/s | TTFT p50 | TTFT p99 | ITL p50 | reqs | ok | dropped | failed | SLO viol | clean | flagged |
|---|---:|---:|---:|---:|---:|---:|---:|---:|---:|---:|---:|---:|:--:|:--|
| closed-loop | 32 users | 1 | 19.93 | 22.55 | 118ms | 1086ms | 14ms | 5655 | 5655 | 0 | 0 | 656 | yes |  |
| closed-loop | 32 users | 2 | 17.24 | 18.09 | 127ms | 1217ms | 15ms | 4547 | 4547 | 0 | 0 | 213 | yes |  |
| closed-loop | 32 users | 3 | 17.69 | 20.95 | 123ms | 1052ms | 14ms | 5238 | 5238 | 0 | 0 | 814 | yes |  |
time=2026-09-13T07:51:51.513-07:00 level=INFO msg="compacted the run" requests=16898 cells=3 requests_parquet=runs/pressure-residency/m0.62/ws8-skew1.4/requests.parquet cells_parquet=runs/pressure-residency/m0.62/ws8-skew1.4/cells.parquet results=runs/pressure-residency/m0.62/ws8-skew1.4/results.md
stopping replica-5 (PID 3105454)
stopping replica-4 (PID 3104012)
stopping replica-2 (PID 3102452)
stopping replica-1 (PID 3100989)
stopping replica-0 (PID 3099524)
preflight: 5 GPUs clean, all below 256 MiB
starting replica-0 on GPU 0, port 8000, vLLM 0.28.0, quantization awq_marlin, linear backend marlin
replica-0 is up: http://127.0.0.1:8000 (PID 3208892)
fleet: settling for 15s before the next replica
starting replica-1 on GPU 1, port 8001, vLLM 0.28.0, quantization awq_marlin, linear backend marlin
replica-1 is up: http://127.0.0.1:8001 (PID 3210439)
fleet: settling for 15s before the next replica
starting replica-2 on GPU 2, port 8002, vLLM 0.28.0, quantization awq_marlin, linear backend marlin
replica-2 is up: http://127.0.0.1:8002 (PID 3212059)
fleet: settling for 15s before the next replica
starting replica-4 on GPU 4, port 8004, vLLM 0.28.0, quantization awq_marlin, linear backend marlin
replica-4 is up: http://127.0.0.1:8004 (PID 3213516)
fleet: settling for 15s before the next replica
starting replica-5 on GPU 5, port 8005, vLLM 0.28.0, quantization awq_marlin, linear backend marlin
replica-5 is up: http://127.0.0.1:8005 (PID 3215070)
fleet: 5 replicas up on GPUs 0 1 2 4 5
replica-0=http://127.0.0.1:8000,replica-1=http://127.0.0.1:8001,replica-2=http://127.0.0.1:8002,replica-4=http://127.0.0.1:8004,replica-5=http://127.0.0.1:8005
probe-usage: http://127.0.0.1:8000
  cold  → PRESENT 575 0
  warm  → PRESENT 575 560
probe-usage: OK — cached_tokens reported, and the warm request reused 560 tokens
time=2026-09-13T07:57:29.983-07:00 level=INFO msg="SLO read from the characterization rather than retyped" record=slo/characterization.json slo="TTFT < 990ms, inter-token p50 < 24ms (3x the measured floor of 329ms and 7.8ms)" measured_at=2026-09-07T07:50:38.074Z
time=2026-09-13T07:57:29.984-07:00 level=WARN msg="the characterization does not find the replicas interchangeable, so a policy difference in this sweep could be host asymmetry rather than the policy" record=slo/characterization.json
time=2026-09-13T07:57:29.984-07:00 level=WARN msg="the characterization this SLO came from is flagged" reason="replica symmetry is unresolved at one or more levels: at concurrency 32, TTFT p50 spread 22.1% over the 8.0% tolerance: replica-5 at 1.292s against replica-4 at 1.058s; at concurrency 32 that spread is not resolvable: one replica varies 36.3% against itself between repetitions, wider than the 8.0% tolerance, so the difference between replicas is inside the measurement's own noise. Lengthen the probe or add repetitions rather than acting on it"
time=2026-09-13T07:57:29.984-07:00 level=WARN msg="the characterization this SLO came from is flagged" reason="4 of 36 probes flagged: still warming up: the first half of the measured window was 26% slower than the second by TTFT p50, over a 25% threshold. Lengthen the warm-up and re-run (replica-1-c32-r1, replica-3-c32-r1, replica-5-c32-r1 and 1 more)"
time=2026-09-13T07:57:29.984-07:00 level=INFO msg="sampling GPUs for contamination and throttling" gpus=0,1,2,4,5 replica_pids="[3208892 3210439 3212059 3213516 3215070]" interval=5s thermal_share_threshold=0.5
time=2026-09-13T07:57:29.985-07:00 level=INFO msg=offering workload="multiturn(sessions=76,ws=0.25,skew=0,turns=4,prompt=448t,output=64t,system=0.3x128t,branch=0.3x8fam1t,bpt=4,seed=1,usage=on)"
time=2026-09-13T07:57:29.987-07:00 level=INFO msg="router is up and running the policy these cells will name" router=http://127.0.0.1:8080 policy=prefix_affinity spill="hit<0.62 load>off" hash=off replicas=5
time=2026-09-13T07:57:29.995-07:00 level=INFO msg="fleet is up" replicas=5
time=2026-09-13T07:57:32.651-07:00 level=INFO msg="fleet warmed" replicas=5 requests_each=3
time=2026-09-13T07:57:32.653-07:00 level=INFO msg="running cell" cell=prefix_affinity-c32-r1 driver=closed_loop load="32 users" duration=5m0s
time=2026-09-13T08:02:33.948-07:00 level=INFO msg="cell complete" cell=prefix_affinity-c32-r1 driver=closed_loop requests=4432 successes=4432 dropped=0 failed=0 slo_violations=1112 goodput_rps=13.23562653828117 clean=true throttled=false flagged=true
time=2026-09-13T08:02:43.951-07:00 level=INFO msg="running cell" cell=prefix_affinity-c32-r2 driver=closed_loop load="32 users" duration=5m0s
time=2026-09-13T08:07:45.344-07:00 level=INFO msg="cell complete" cell=prefix_affinity-c32-r2 driver=closed_loop requests=7311 successes=7311 dropped=0 failed=0 slo_violations=282 goodput_rps=27.993793782115453 clean=true throttled=false flagged=false
time=2026-09-13T08:07:55.350-07:00 level=INFO msg="running cell" cell=prefix_affinity-c32-r3 driver=closed_loop load="32 users" duration=5m0s
time=2026-09-13T08:12:56.443-07:00 level=INFO msg="cell complete" cell=prefix_affinity-c32-r3 driver=closed_loop requests=3858 successes=3858 dropped=0 failed=0 slo_violations=957 goodput_rps=11.573525884588719 clean=true throttled=false flagged=true

| driver | load | rep | goodput/s | tput/s | TTFT p50 | TTFT p99 | ITL p50 | reqs | ok | dropped | failed | SLO viol | clean | flagged |
|---|---:|---:|---:|---:|---:|---:|---:|---:|---:|---:|---:|---:|:--:|:--|
| closed-loop | 32 users | 1 | 13.24 | 17.67 | 108ms | 1534ms | 14ms | 4432 | 4432 | 0 | 0 | 1112 | yes | **1** |
| closed-loop | 32 users | 2 | 27.99 | 29.12 | 88ms | 1141ms | 12ms | 7311 | 7311 | 0 | 0 | 282 | yes |  |
| closed-loop | 32 users | 3 | 11.57 | 15.39 | 97ms | 5297ms | 12ms | 3858 | 3858 | 0 | 0 | 957 | yes | **1** |

Flagged cells — these are not averaged in without being read first:

- `prefix_affinity-c32-r1`: still warming up: the first half of the measured window was 201% slower than the second by TTFT p50, over a 25% threshold. Lengthen the warm-up and re-run
- `prefix_affinity-c32-r3`: still warming up: the first half of the measured window was 374% slower than the second by TTFT p50, over a 25% threshold. Lengthen the warm-up and re-run
time=2026-09-13T08:12:56.974-07:00 level=INFO msg="compacted the run" requests=16516 cells=3 requests_parquet=runs/pressure-residency/m0.62/ws0.25-skew0/requests.parquet cells_parquet=runs/pressure-residency/m0.62/ws0.25-skew0/cells.parquet results=runs/pressure-residency/m0.62/ws0.25-skew0/results.md
time=2026-09-13T08:12:56.996-07:00 level=INFO msg="SLO read from the characterization rather than retyped" record=slo/characterization.json slo="TTFT < 990ms, inter-token p50 < 24ms (3x the measured floor of 329ms and 7.8ms)" measured_at=2026-09-07T07:50:38.074Z
time=2026-09-13T08:12:56.997-07:00 level=WARN msg="the characterization does not find the replicas interchangeable, so a policy difference in this sweep could be host asymmetry rather than the policy" record=slo/characterization.json
time=2026-09-13T08:12:56.997-07:00 level=WARN msg="the characterization this SLO came from is flagged" reason="replica symmetry is unresolved at one or more levels: at concurrency 32, TTFT p50 spread 22.1% over the 8.0% tolerance: replica-5 at 1.292s against replica-4 at 1.058s; at concurrency 32 that spread is not resolvable: one replica varies 36.3% against itself between repetitions, wider than the 8.0% tolerance, so the difference between replicas is inside the measurement's own noise. Lengthen the probe or add repetitions rather than acting on it"
time=2026-09-13T08:12:56.997-07:00 level=WARN msg="the characterization this SLO came from is flagged" reason="4 of 36 probes flagged: still warming up: the first half of the measured window was 26% slower than the second by TTFT p50, over a 25% threshold. Lengthen the warm-up and re-run (replica-1-c32-r1, replica-3-c32-r1, replica-5-c32-r1 and 1 more)"
time=2026-09-13T08:12:56.997-07:00 level=INFO msg="sampling GPUs for contamination and throttling" gpus=0,1,2,4,5 replica_pids="[3208892 3210439 3212059 3213516 3215070]" interval=5s thermal_share_threshold=0.5
time=2026-09-13T08:12:56.998-07:00 level=INFO msg=offering workload="multiturn(sessions=307,ws=1,skew=1,turns=4,prompt=448t,output=64t,system=0.3x128t,branch=0.3x8fam1t,bpt=4,seed=1,usage=on)"
time=2026-09-13T08:12:57.003-07:00 level=INFO msg="router is up and running the policy these cells will name" router=http://127.0.0.1:8080 policy=prefix_affinity spill="hit<0.62 load>off" hash=off replicas=5
time=2026-09-13T08:12:57.012-07:00 level=INFO msg="fleet is up" replicas=5
time=2026-09-13T08:12:59.588-07:00 level=INFO msg="fleet warmed" replicas=5 requests_each=3
time=2026-09-13T08:12:59.593-07:00 level=INFO msg="running cell" cell=prefix_affinity-c32-r1 driver=closed_loop load="32 users" duration=5m0s
time=2026-09-13T08:18:01.113-07:00 level=INFO msg="cell complete" cell=prefix_affinity-c32-r1 driver=closed_loop requests=2625 successes=2625 dropped=0 failed=0 slo_violations=488 goodput_rps=8.509606338956264 clean=true throttled=false flagged=true
time=2026-09-13T08:18:11.123-07:00 level=INFO msg="running cell" cell=prefix_affinity-c32-r2 driver=closed_loop load="32 users" duration=5m0s
time=2026-09-13T08:23:12.961-07:00 level=INFO msg="cell complete" cell=prefix_affinity-c32-r2 driver=closed_loop requests=4496 successes=4496 dropped=0 failed=0 slo_violations=261 goodput_rps=16.922687575145563 clean=true throttled=false flagged=true
time=2026-09-13T08:23:22.973-07:00 level=INFO msg="running cell" cell=prefix_affinity-c32-r3 driver=closed_loop load="32 users" duration=5m0s
time=2026-09-13T08:28:23.881-07:00 level=INFO msg="cell complete" cell=prefix_affinity-c32-r3 driver=closed_loop requests=3439 successes=3439 dropped=0 failed=0 slo_violations=343 goodput_rps=12.363769598022344 clean=true throttled=false flagged=true

| driver | load | rep | goodput/s | tput/s | TTFT p50 | TTFT p99 | ITL p50 | reqs | ok | dropped | failed | SLO viol | clean | flagged |
|---|---:|---:|---:|---:|---:|---:|---:|---:|---:|---:|---:|---:|:--:|:--|
| closed-loop | 32 users | 1 | 8.51 | 10.45 | 390ms | 7965ms | 16ms | 2625 | 2625 | 0 | 0 | 488 | yes | **1** |
| closed-loop | 32 users | 2 | 16.92 | 17.97 | 191ms | 1884ms | 13ms | 4496 | 4496 | 0 | 0 | 261 | yes | **1** |
| closed-loop | 32 users | 3 | 12.36 | 13.73 | 307ms | 4123ms | 15ms | 3439 | 3439 | 0 | 0 | 343 | yes | **1** |

Flagged cells — these are not averaged in without being read first:

- `prefix_affinity-c32-r1`: still warming up: the first half of the measured window was 55% slower than the second by TTFT p50, over a 25% threshold. Lengthen the warm-up and re-run
- `prefix_affinity-c32-r2`: still warming up: the first half of the measured window was 132% slower than the second by TTFT p50, over a 25% threshold. Lengthen the warm-up and re-run
- `prefix_affinity-c32-r3`: still warming up: the first half of the measured window was 202% slower than the second by TTFT p50, over a 25% threshold. Lengthen the warm-up and re-run
time=2026-09-13T08:28:24.291-07:00 level=INFO msg="compacted the run" requests=11543 cells=3 requests_parquet=runs/pressure-residency/m0.62/ws1-skew1/requests.parquet cells_parquet=runs/pressure-residency/m0.62/ws1-skew1/cells.parquet results=runs/pressure-residency/m0.62/ws1-skew1/results.md
time=2026-09-13T08:28:24.314-07:00 level=INFO msg="SLO read from the characterization rather than retyped" record=slo/characterization.json slo="TTFT < 990ms, inter-token p50 < 24ms (3x the measured floor of 329ms and 7.8ms)" measured_at=2026-09-07T07:50:38.074Z
time=2026-09-13T08:28:24.314-07:00 level=WARN msg="the characterization does not find the replicas interchangeable, so a policy difference in this sweep could be host asymmetry rather than the policy" record=slo/characterization.json
time=2026-09-13T08:28:24.314-07:00 level=WARN msg="the characterization this SLO came from is flagged" reason="replica symmetry is unresolved at one or more levels: at concurrency 32, TTFT p50 spread 22.1% over the 8.0% tolerance: replica-5 at 1.292s against replica-4 at 1.058s; at concurrency 32 that spread is not resolvable: one replica varies 36.3% against itself between repetitions, wider than the 8.0% tolerance, so the difference between replicas is inside the measurement's own noise. Lengthen the probe or add repetitions rather than acting on it"
time=2026-09-13T08:28:24.314-07:00 level=WARN msg="the characterization this SLO came from is flagged" reason="4 of 36 probes flagged: still warming up: the first half of the measured window was 26% slower than the second by TTFT p50, over a 25% threshold. Lengthen the warm-up and re-run (replica-1-c32-r1, replica-3-c32-r1, replica-5-c32-r1 and 1 more)"
time=2026-09-13T08:28:24.314-07:00 level=INFO msg="sampling GPUs for contamination and throttling" gpus=0,1,2,4,5 replica_pids="[3208892 3210439 3212059 3213516 3215070]" interval=5s thermal_share_threshold=0.5
time=2026-09-13T08:28:24.315-07:00 level=INFO msg=offering workload="multiturn(sessions=922,ws=3,skew=0,turns=4,prompt=448t,output=64t,system=0.3x128t,branch=0.3x8fam1t,bpt=4,seed=1,usage=on)"
time=2026-09-13T08:28:24.323-07:00 level=INFO msg="router is up and running the policy these cells will name" router=http://127.0.0.1:8080 policy=prefix_affinity spill="hit<0.62 load>off" hash=off replicas=5
time=2026-09-13T08:28:24.331-07:00 level=INFO msg="fleet is up" replicas=5
time=2026-09-13T08:28:26.998-07:00 level=INFO msg="fleet warmed" replicas=5 requests_each=3
time=2026-09-13T08:28:27.006-07:00 level=INFO msg="running cell" cell=prefix_affinity-c32-r1 driver=closed_loop load="32 users" duration=5m0s
time=2026-09-13T08:33:34.426-07:00 level=INFO msg="cell complete" cell=prefix_affinity-c32-r1 driver=closed_loop requests=1284 successes=1284 dropped=0 failed=0 slo_violations=520 goodput_rps=2.9704503898752415 clean=true throttled=false flagged=false
time=2026-09-13T08:33:34.427-07:00 level=INFO msg="cell is cached, not re-running" cell=prefix_affinity-c32-r2 goodput_rps=3.7697324377241337 flagged=false
time=2026-09-13T08:33:34.427-07:00 level=INFO msg="cell is cached, not re-running" cell=prefix_affinity-c32-r3 goodput_rps=3.3681775094539588 flagged=false

| driver | load | rep | goodput/s | tput/s | TTFT p50 | TTFT p99 | ITL p50 | reqs | ok | dropped | failed | SLO viol | clean | flagged |
|---|---:|---:|---:|---:|---:|---:|---:|---:|---:|---:|---:|---:|:--:|:--|
| closed-loop | 32 users | 1 | 2.97 | 4.99 | 511ms | 16847ms | 11ms | 1284 | 1284 | 0 | 0 | 520 | yes |  |
| closed-loop | 32 users | 2 | 3.77 | 5.94 | 475ms | 15996ms | 11ms | 1576 | 1576 | 0 | 0 | 576 | yes |  |
| closed-loop | 32 users | 3 | 3.37 | 5.61 | 539ms | 16385ms | 11ms | 1465 | 1465 | 0 | 0 | 586 | yes |  |
time=2026-09-13T08:33:34.689-07:00 level=INFO msg="compacted the run" requests=5551 cells=3 requests_parquet=runs/pressure-residency/m0.62/ws3-skew0/requests.parquet cells_parquet=runs/pressure-residency/m0.62/ws3-skew0/cells.parquet results=runs/pressure-residency/m0.62/ws3-skew0/results.md
time=2026-09-13T08:33:34.709-07:00 level=INFO msg="SLO read from the characterization rather than retyped" record=slo/characterization.json slo="TTFT < 990ms, inter-token p50 < 24ms (3x the measured floor of 329ms and 7.8ms)" measured_at=2026-09-07T07:50:38.074Z
time=2026-09-13T08:33:34.709-07:00 level=WARN msg="the characterization does not find the replicas interchangeable, so a policy difference in this sweep could be host asymmetry rather than the policy" record=slo/characterization.json
time=2026-09-13T08:33:34.709-07:00 level=WARN msg="the characterization this SLO came from is flagged" reason="replica symmetry is unresolved at one or more levels: at concurrency 32, TTFT p50 spread 22.1% over the 8.0% tolerance: replica-5 at 1.292s against replica-4 at 1.058s; at concurrency 32 that spread is not resolvable: one replica varies 36.3% against itself between repetitions, wider than the 8.0% tolerance, so the difference between replicas is inside the measurement's own noise. Lengthen the probe or add repetitions rather than acting on it"
time=2026-09-13T08:33:34.709-07:00 level=WARN msg="the characterization this SLO came from is flagged" reason="4 of 36 probes flagged: still warming up: the first half of the measured window was 26% slower than the second by TTFT p50, over a 25% threshold. Lengthen the warm-up and re-run (replica-1-c32-r1, replica-3-c32-r1, replica-5-c32-r1 and 1 more)"
time=2026-09-13T08:33:34.710-07:00 level=INFO msg="sampling GPUs for contamination and throttling" gpus=0,1,2,4,5 replica_pids="[3208892 3210439 3212059 3213516 3215070]" interval=5s thermal_share_threshold=0.5
time=2026-09-13T08:33:34.710-07:00 level=INFO msg=offering workload="multiturn(sessions=922,ws=3,skew=1,turns=4,prompt=448t,output=64t,system=0.3x128t,branch=0.3x8fam1t,bpt=4,seed=1,usage=on)"
time=2026-09-13T08:33:34.722-07:00 level=INFO msg="router is up and running the policy these cells will name" router=http://127.0.0.1:8080 policy=prefix_affinity spill="hit<0.62 load>off" hash=off replicas=5
time=2026-09-13T08:33:34.734-07:00 level=INFO msg="fleet is up" replicas=5
time=2026-09-13T08:33:37.440-07:00 level=INFO msg="fleet warmed" replicas=5 requests_each=3
time=2026-09-13T08:33:37.448-07:00 level=INFO msg="running cell" cell=prefix_affinity-c32-r1 driver=closed_loop load="32 users" duration=5m0s
time=2026-09-13T08:38:39.299-07:00 level=INFO msg="cell complete" cell=prefix_affinity-c32-r1 driver=closed_loop requests=1596 successes=1596 dropped=0 failed=0 slo_violations=599 goodput_rps=3.9625159440716353 clean=true throttled=false flagged=true
time=2026-09-13T08:38:39.300-07:00 level=INFO msg="cell is cached, not re-running" cell=prefix_affinity-c32-r2 goodput_rps=2.4593850819147582 flagged=false
time=2026-09-13T08:38:49.309-07:00 level=INFO msg="running cell" cell=prefix_affinity-c32-r3 driver=closed_loop load="32 users" duration=5m0s
time=2026-09-13T08:43:51.482-07:00 level=INFO msg="cell complete" cell=prefix_affinity-c32-r3 driver=closed_loop requests=3140 successes=3140 dropped=0 failed=0 slo_violations=510 goodput_rps=10.47861195923426 clean=true throttled=false flagged=false

| driver | load | rep | goodput/s | tput/s | TTFT p50 | TTFT p99 | ITL p50 | reqs | ok | dropped | failed | SLO viol | clean | flagged |
|---|---:|---:|---:|---:|---:|---:|---:|---:|---:|---:|---:|---:|:--:|:--|
| closed-loop | 32 users | 1 | 3.96 | 6.34 | 473ms | 12218ms | 15ms | 1596 | 1596 | 0 | 0 | 599 | yes | **1** |
| closed-loop | 32 users | 2 | 2.46 | 5.42 | 923ms | 11338ms | 17ms | 1358 | 1358 | 0 | 0 | 742 | yes |  |
| closed-loop | 32 users | 3 | 10.48 | 12.51 | 398ms | 6857ms | 13ms | 3140 | 3140 | 0 | 0 | 510 | yes |  |

Flagged cells — these are not averaged in without being read first:

- `prefix_affinity-c32-r1`: still warming up: the first half of the measured window was 109% slower than the second by TTFT p50, over a 25% threshold. Lengthen the warm-up and re-run
time=2026-09-13T08:43:51.760-07:00 level=INFO msg="compacted the run" requests=7142 cells=3 requests_parquet=runs/pressure-residency/m0.62/ws3-skew1/requests.parquet cells_parquet=runs/pressure-residency/m0.62/ws3-skew1/cells.parquet results=runs/pressure-residency/m0.62/ws3-skew1/results.md
time=2026-09-13T08:43:51.781-07:00 level=INFO msg="SLO read from the characterization rather than retyped" record=slo/characterization.json slo="TTFT < 990ms, inter-token p50 < 24ms (3x the measured floor of 329ms and 7.8ms)" measured_at=2026-09-07T07:50:38.074Z
time=2026-09-13T08:43:51.781-07:00 level=WARN msg="the characterization does not find the replicas interchangeable, so a policy difference in this sweep could be host asymmetry rather than the policy" record=slo/characterization.json
time=2026-09-13T08:43:51.781-07:00 level=WARN msg="the characterization this SLO came from is flagged" reason="replica symmetry is unresolved at one or more levels: at concurrency 32, TTFT p50 spread 22.1% over the 8.0% tolerance: replica-5 at 1.292s against replica-4 at 1.058s; at concurrency 32 that spread is not resolvable: one replica varies 36.3% against itself between repetitions, wider than the 8.0% tolerance, so the difference between replicas is inside the measurement's own noise. Lengthen the probe or add repetitions rather than acting on it"
time=2026-09-13T08:43:51.782-07:00 level=WARN msg="the characterization this SLO came from is flagged" reason="4 of 36 probes flagged: still warming up: the first half of the measured window was 26% slower than the second by TTFT p50, over a 25% threshold. Lengthen the warm-up and re-run (replica-1-c32-r1, replica-3-c32-r1, replica-5-c32-r1 and 1 more)"
time=2026-09-13T08:43:51.782-07:00 level=INFO msg="sampling GPUs for contamination and throttling" gpus=0,1,2,4,5 replica_pids="[3208892 3210439 3212059 3213516 3215070]" interval=5s thermal_share_threshold=0.5
time=2026-09-13T08:43:51.782-07:00 level=INFO msg=offering workload="multiturn(sessions=2460,ws=8,skew=0,turns=4,prompt=448t,output=64t,system=0.3x128t,branch=0.3x8fam1t,bpt=4,seed=1,usage=on)"
time=2026-09-13T08:43:51.793-07:00 level=INFO msg="router is up and running the policy these cells will name" router=http://127.0.0.1:8080 policy=prefix_affinity spill="hit<0.62 load>off" hash=off replicas=5
time=2026-09-13T08:43:51.801-07:00 level=INFO msg="fleet is up" replicas=5
time=2026-09-13T08:43:54.332-07:00 level=INFO msg="fleet warmed" replicas=5 requests_each=3
time=2026-09-13T08:43:54.333-07:00 level=INFO msg="cell is cached, not re-running" cell=prefix_affinity-c32-r1 goodput_rps=2.781959503106863 flagged=false
time=2026-09-13T08:44:04.346-07:00 level=INFO msg="running cell" cell=prefix_affinity-c32-r2 driver=closed_loop load="32 users" duration=5m0s
time=2026-09-13T08:49:17.630-07:00 level=INFO msg="cell complete" cell=prefix_affinity-c32-r2 driver=closed_loop requests=1665 successes=1665 dropped=0 failed=0 slo_violations=586 goodput_rps=4.10573786820166 clean=true throttled=false flagged=false
time=2026-09-13T08:49:17.631-07:00 level=INFO msg="cell is cached, not re-running" cell=prefix_affinity-c32-r3 goodput_rps=4.520348239538826 flagged=false

| driver | load | rep | goodput/s | tput/s | TTFT p50 | TTFT p99 | ITL p50 | reqs | ok | dropped | failed | SLO viol | clean | flagged |
|---|---:|---:|---:|---:|---:|---:|---:|---:|---:|---:|---:|---:|:--:|:--|
| closed-loop | 32 users | 1 | 2.78 | 4.65 | 496ms | 14061ms | 10ms | 1196 | 1196 | 0 | 0 | 481 | yes |  |
| closed-loop | 32 users | 2 | 4.11 | 6.34 | 501ms | 13583ms | 11ms | 1665 | 1665 | 0 | 0 | 586 | yes |  |
| closed-loop | 32 users | 3 | 4.52 | 6.91 | 578ms | 13334ms | 12ms | 1732 | 1732 | 0 | 0 | 599 | yes |  |
time=2026-09-13T08:49:17.843-07:00 level=INFO msg="compacted the run" requests=5531 cells=3 requests_parquet=runs/pressure-residency/m0.62/ws8-skew0/requests.parquet cells_parquet=runs/pressure-residency/m0.62/ws8-skew0/cells.parquet results=runs/pressure-residency/m0.62/ws8-skew0/results.md
time=2026-09-13T08:49:17.862-07:00 level=INFO msg="SLO read from the characterization rather than retyped" record=slo/characterization.json slo="TTFT < 990ms, inter-token p50 < 24ms (3x the measured floor of 329ms and 7.8ms)" measured_at=2026-09-07T07:50:38.074Z
time=2026-09-13T08:49:17.862-07:00 level=WARN msg="the characterization does not find the replicas interchangeable, so a policy difference in this sweep could be host asymmetry rather than the policy" record=slo/characterization.json
time=2026-09-13T08:49:17.862-07:00 level=WARN msg="the characterization this SLO came from is flagged" reason="replica symmetry is unresolved at one or more levels: at concurrency 32, TTFT p50 spread 22.1% over the 8.0% tolerance: replica-5 at 1.292s against replica-4 at 1.058s; at concurrency 32 that spread is not resolvable: one replica varies 36.3% against itself between repetitions, wider than the 8.0% tolerance, so the difference between replicas is inside the measurement's own noise. Lengthen the probe or add repetitions rather than acting on it"
time=2026-09-13T08:49:17.862-07:00 level=WARN msg="the characterization this SLO came from is flagged" reason="4 of 36 probes flagged: still warming up: the first half of the measured window was 26% slower than the second by TTFT p50, over a 25% threshold. Lengthen the warm-up and re-run (replica-1-c32-r1, replica-3-c32-r1, replica-5-c32-r1 and 1 more)"
time=2026-09-13T08:49:17.862-07:00 level=INFO msg="sampling GPUs for contamination and throttling" gpus=0,1,2,4,5 replica_pids="[3208892 3210439 3212059 3213516 3215070]" interval=5s thermal_share_threshold=0.5
time=2026-09-13T08:49:17.863-07:00 level=INFO msg=offering workload="multiturn(sessions=2460,ws=8,skew=1,turns=4,prompt=448t,output=64t,system=0.3x128t,branch=0.3x8fam1t,bpt=4,seed=1,usage=on)"
time=2026-09-13T08:49:17.869-07:00 level=INFO msg="router is up and running the policy these cells will name" router=http://127.0.0.1:8080 policy=prefix_affinity spill="hit<0.62 load>off" hash=off replicas=5
time=2026-09-13T08:49:17.877-07:00 level=INFO msg="fleet is up" replicas=5
time=2026-09-13T08:49:20.518-07:00 level=INFO msg="fleet warmed" replicas=5 requests_each=3
time=2026-09-13T08:49:20.518-07:00 level=INFO msg="cell is cached, not re-running" cell=prefix_affinity-c32-r1 goodput_rps=2.125948551533665 flagged=false
time=2026-09-13T08:49:30.529-07:00 level=INFO msg="running cell" cell=prefix_affinity-c32-r2 driver=closed_loop load="32 users" duration=5m0s
time=2026-09-13T08:54:32.319-07:00 level=INFO msg="cell complete" cell=prefix_affinity-c32-r2 driver=closed_loop requests=1298 successes=1298 dropped=0 failed=0 slo_violations=591 goodput_rps=2.871270037256317 clean=true throttled=false flagged=false
time=2026-09-13T08:54:42.333-07:00 level=INFO msg="running cell" cell=prefix_affinity-c32-r3 driver=closed_loop load="32 users" duration=5m0s
time=2026-09-13T08:59:56.461-07:00 level=INFO msg="cell complete" cell=prefix_affinity-c32-r3 driver=closed_loop requests=1293 successes=1293 dropped=0 failed=0 slo_violations=689 goodput_rps=2.288798354657102 clean=true throttled=false flagged=false

| driver | load | rep | goodput/s | tput/s | TTFT p50 | TTFT p99 | ITL p50 | reqs | ok | dropped | failed | SLO viol | clean | flagged |
|---|---:|---:|---:|---:|---:|---:|---:|---:|---:|---:|---:|---:|:--:|:--|
| closed-loop | 32 users | 1 | 2.13 | 4.81 | 926ms | 11846ms | 15ms | 1236 | 1236 | 0 | 0 | 690 | yes |  |
| closed-loop | 32 users | 2 | 2.87 | 5.27 | 719ms | 13200ms | 16ms | 1298 | 1298 | 0 | 0 | 591 | yes |  |
| closed-loop | 32 users | 3 | 2.29 | 4.90 | 893ms | 12775ms | 15ms | 1293 | 1293 | 0 | 0 | 689 | yes |  |
time=2026-09-13T08:59:56.661-07:00 level=INFO msg="compacted the run" requests=4891 cells=3 requests_parquet=runs/pressure-residency/m0.62/ws8-skew1/requests.parquet cells_parquet=runs/pressure-residency/m0.62/ws8-skew1/cells.parquet results=runs/pressure-residency/m0.62/ws8-skew1/results.md
stopping replica-5 (PID 3215070)
stopping replica-4 (PID 3213516)
stopping replica-2 (PID 3212059)
stopping replica-1 (PID 3210439)
stopping replica-0 (PID 3208892)
preflight: 5 GPUs clean, all below 256 MiB
starting replica-0 on GPU 0, port 8000, vLLM 0.28.0, quantization awq_marlin, linear backend marlin
replica-0 is up: http://127.0.0.1:8000 (PID 3252144)
fleet: settling for 15s before the next replica
starting replica-1 on GPU 1, port 8001, vLLM 0.28.0, quantization awq_marlin, linear backend marlin
replica-1 is up: http://127.0.0.1:8001 (PID 3253603)
fleet: settling for 15s before the next replica
starting replica-2 on GPU 2, port 8002, vLLM 0.28.0, quantization awq_marlin, linear backend marlin
replica-2 is up: http://127.0.0.1:8002 (PID 3255063)
fleet: settling for 15s before the next replica
starting replica-4 on GPU 4, port 8004, vLLM 0.28.0, quantization awq_marlin, linear backend marlin
replica-4 is up: http://127.0.0.1:8004 (PID 3256883)
fleet: settling for 15s before the next replica
starting replica-5 on GPU 5, port 8005, vLLM 0.28.0, quantization awq_marlin, linear backend marlin
replica-5 is up: http://127.0.0.1:8005 (PID 3258345)
fleet: 5 replicas up on GPUs 0 1 2 4 5
replica-0=http://127.0.0.1:8000,replica-1=http://127.0.0.1:8001,replica-2=http://127.0.0.1:8002,replica-4=http://127.0.0.1:8004,replica-5=http://127.0.0.1:8005
probe-usage: http://127.0.0.1:8000
  cold  → PRESENT 575 0
  warm  → PRESENT 575 560
probe-usage: OK — cached_tokens reported, and the warm request reused 560 tokens
time=2026-09-13T09:05:33.407-07:00 level=INFO msg="SLO read from the characterization rather than retyped" record=slo/characterization.json slo="TTFT < 990ms, inter-token p50 < 24ms (3x the measured floor of 329ms and 7.8ms)" measured_at=2026-09-07T07:50:38.074Z
time=2026-09-13T09:05:33.407-07:00 level=WARN msg="the characterization does not find the replicas interchangeable, so a policy difference in this sweep could be host asymmetry rather than the policy" record=slo/characterization.json
time=2026-09-13T09:05:33.407-07:00 level=WARN msg="the characterization this SLO came from is flagged" reason="replica symmetry is unresolved at one or more levels: at concurrency 32, TTFT p50 spread 22.1% over the 8.0% tolerance: replica-5 at 1.292s against replica-4 at 1.058s; at concurrency 32 that spread is not resolvable: one replica varies 36.3% against itself between repetitions, wider than the 8.0% tolerance, so the difference between replicas is inside the measurement's own noise. Lengthen the probe or add repetitions rather than acting on it"
time=2026-09-13T09:05:33.407-07:00 level=WARN msg="the characterization this SLO came from is flagged" reason="4 of 36 probes flagged: still warming up: the first half of the measured window was 26% slower than the second by TTFT p50, over a 25% threshold. Lengthen the warm-up and re-run (replica-1-c32-r1, replica-3-c32-r1, replica-5-c32-r1 and 1 more)"
time=2026-09-13T09:05:33.408-07:00 level=INFO msg="sampling GPUs for contamination and throttling" gpus=0,1,2,4,5 replica_pids="[3252144 3253603 3255063 3256883 3258345]" interval=5s thermal_share_threshold=0.5
time=2026-09-13T09:05:33.408-07:00 level=INFO msg=offering workload="multiturn(sessions=76,ws=0.25,skew=0,turns=4,prompt=448t,output=64t,system=0.3x128t,branch=0.3x8fam1t,bpt=4,seed=1,usage=on)"
time=2026-09-13T09:05:33.411-07:00 level=INFO msg="router is up and running the policy these cells will name" router=http://127.0.0.1:8080 policy=prefix_affinity spill="hit<0.70 load>off" hash=off replicas=5
time=2026-09-13T09:05:33.418-07:00 level=INFO msg="fleet is up" replicas=5
time=2026-09-13T09:05:36.068-07:00 level=INFO msg="fleet warmed" replicas=5 requests_each=3
time=2026-09-13T09:05:36.069-07:00 level=INFO msg="running cell" cell=prefix_affinity-c32-r1 driver=closed_loop load="32 users" duration=5m0s
time=2026-09-13T09:10:45.774-07:00 level=INFO msg="cell complete" cell=prefix_affinity-c32-r1 driver=closed_loop requests=1570 successes=1570 dropped=0 failed=0 slo_violations=770 goodput_rps=3.083884631994739 clean=true throttled=false flagged=false
time=2026-09-13T09:10:55.781-07:00 level=INFO msg="running cell" cell=prefix_affinity-c32-r2 driver=closed_loop load="32 users" duration=5m0s
time=2026-09-13T09:16:01.544-07:00 level=INFO msg="cell complete" cell=prefix_affinity-c32-r2 driver=closed_loop requests=1566 successes=1566 dropped=0 failed=0 slo_violations=851 goodput_rps=2.799720542257962 clean=true throttled=false flagged=false
time=2026-09-13T09:16:11.550-07:00 level=INFO msg="running cell" cell=prefix_affinity-c32-r3 driver=closed_loop load="32 users" duration=5m0s
time=2026-09-13T09:21:12.874-07:00 level=INFO msg="cell complete" cell=prefix_affinity-c32-r3 driver=closed_loop requests=4131 successes=4131 dropped=0 failed=0 slo_violations=622 goodput_rps=14.011364226683467 clean=true throttled=false flagged=true

| driver | load | rep | goodput/s | tput/s | TTFT p50 | TTFT p99 | ITL p50 | reqs | ok | dropped | failed | SLO viol | clean | flagged |
|---|---:|---:|---:|---:|---:|---:|---:|---:|---:|---:|---:|---:|:--:|:--|
| closed-loop | 32 users | 1 | 3.08 | 6.05 | 758ms | 10854ms | 15ms | 1570 | 1570 | 0 | 0 | 770 | yes |  |
| closed-loop | 32 users | 2 | 2.80 | 6.13 | 963ms | 10294ms | 14ms | 1566 | 1566 | 0 | 0 | 851 | yes |  |
| closed-loop | 32 users | 3 | 14.01 | 16.49 | 109ms | 4875ms | 13ms | 4131 | 4131 | 0 | 0 | 622 | yes | **1** |

Flagged cells — these are not averaged in without being read first:

- `prefix_affinity-c32-r3`: still warming up: the first half of the measured window was 341% slower than the second by TTFT p50, over a 25% threshold. Lengthen the warm-up and re-run
time=2026-09-13T09:21:13.210-07:00 level=INFO msg="compacted the run" requests=8298 cells=3 requests_parquet=runs/pressure-residency/m0.70/ws0.25-skew0/requests.parquet cells_parquet=runs/pressure-residency/m0.70/ws0.25-skew0/cells.parquet results=runs/pressure-residency/m0.70/ws0.25-skew0/results.md
time=2026-09-13T09:21:13.230-07:00 level=INFO msg="SLO read from the characterization rather than retyped" record=slo/characterization.json slo="TTFT < 990ms, inter-token p50 < 24ms (3x the measured floor of 329ms and 7.8ms)" measured_at=2026-09-07T07:50:38.074Z
time=2026-09-13T09:21:13.230-07:00 level=WARN msg="the characterization does not find the replicas interchangeable, so a policy difference in this sweep could be host asymmetry rather than the policy" record=slo/characterization.json
time=2026-09-13T09:21:13.230-07:00 level=WARN msg="the characterization this SLO came from is flagged" reason="replica symmetry is unresolved at one or more levels: at concurrency 32, TTFT p50 spread 22.1% over the 8.0% tolerance: replica-5 at 1.292s against replica-4 at 1.058s; at concurrency 32 that spread is not resolvable: one replica varies 36.3% against itself between repetitions, wider than the 8.0% tolerance, so the difference between replicas is inside the measurement's own noise. Lengthen the probe or add repetitions rather than acting on it"
time=2026-09-13T09:21:13.230-07:00 level=WARN msg="the characterization this SLO came from is flagged" reason="4 of 36 probes flagged: still warming up: the first half of the measured window was 26% slower than the second by TTFT p50, over a 25% threshold. Lengthen the warm-up and re-run (replica-1-c32-r1, replica-3-c32-r1, replica-5-c32-r1 and 1 more)"
time=2026-09-13T09:21:13.230-07:00 level=INFO msg="sampling GPUs for contamination and throttling" gpus=0,1,2,4,5 replica_pids="[3252144 3253603 3255063 3256883 3258345]" interval=5s thermal_share_threshold=0.5
time=2026-09-13T09:21:13.231-07:00 level=INFO msg=offering workload="multiturn(sessions=76,ws=0.25,skew=1,turns=4,prompt=448t,output=64t,system=0.3x128t,branch=0.3x8fam1t,bpt=4,seed=1,usage=on)"
time=2026-09-13T09:21:13.235-07:00 level=INFO msg="router is up and running the policy these cells will name" router=http://127.0.0.1:8080 policy=prefix_affinity spill="hit<0.70 load>off" hash=off replicas=5
time=2026-09-13T09:21:13.243-07:00 level=INFO msg="fleet is up" replicas=5
time=2026-09-13T09:21:15.784-07:00 level=INFO msg="fleet warmed" replicas=5 requests_each=3
time=2026-09-13T09:21:15.788-07:00 level=INFO msg="running cell" cell=prefix_affinity-c32-r1 driver=closed_loop load="32 users" duration=5m0s
time=2026-09-13T09:26:16.906-07:00 level=INFO msg="cell complete" cell=prefix_affinity-c32-r1 driver=closed_loop requests=8064 successes=8064 dropped=0 failed=0 slo_violations=129 goodput_rps=31.632040358316534 clean=true throttled=false flagged=false
time=2026-09-13T09:26:26.916-07:00 level=INFO msg="running cell" cell=prefix_affinity-c32-r2 driver=closed_loop load="32 users" duration=5m0s
time=2026-09-13T09:31:28.657-07:00 level=INFO msg="cell complete" cell=prefix_affinity-c32-r2 driver=closed_loop requests=5741 successes=5741 dropped=0 failed=0 slo_violations=124 goodput_rps=22.339049338075867 clean=true throttled=false flagged=false
time=2026-09-13T09:31:38.667-07:00 level=INFO msg="running cell" cell=prefix_affinity-c32-r3 driver=closed_loop load="32 users" duration=5m0s
time=2026-09-13T09:36:39.705-07:00 level=INFO msg="cell complete" cell=prefix_affinity-c32-r3 driver=closed_loop requests=8609 successes=8609 dropped=0 failed=0 slo_violations=12 goodput_rps=34.2966258329242 clean=true throttled=false flagged=false

| driver | load | rep | goodput/s | tput/s | TTFT p50 | TTFT p99 | ITL p50 | reqs | ok | dropped | failed | SLO viol | clean | flagged |
|---|---:|---:|---:|---:|---:|---:|---:|---:|---:|---:|---:|---:|:--:|:--|
| closed-loop | 32 users | 1 | 31.63 | 32.15 | 89ms | 597ms | 12ms | 8064 | 8064 | 0 | 0 | 129 | yes |  |
| closed-loop | 32 users | 2 | 22.34 | 22.83 | 106ms | 953ms | 15ms | 5741 | 5741 | 0 | 0 | 124 | yes |  |
| closed-loop | 32 users | 3 | 34.30 | 34.34 | 87ms | 478ms | 12ms | 8609 | 8609 | 0 | 0 | 12 | yes |  |
time=2026-09-13T09:36:40.487-07:00 level=INFO msg="compacted the run" requests=23705 cells=3 requests_parquet=runs/pressure-residency/m0.70/ws0.25-skew1/requests.parquet cells_parquet=runs/pressure-residency/m0.70/ws0.25-skew1/cells.parquet results=runs/pressure-residency/m0.70/ws0.25-skew1/results.md
time=2026-09-13T09:36:40.512-07:00 level=INFO msg="SLO read from the characterization rather than retyped" record=slo/characterization.json slo="TTFT < 990ms, inter-token p50 < 24ms (3x the measured floor of 329ms and 7.8ms)" measured_at=2026-09-07T07:50:38.074Z
time=2026-09-13T09:36:40.512-07:00 level=WARN msg="the characterization does not find the replicas interchangeable, so a policy difference in this sweep could be host asymmetry rather than the policy" record=slo/characterization.json
time=2026-09-13T09:36:40.512-07:00 level=WARN msg="the characterization this SLO came from is flagged" reason="replica symmetry is unresolved at one or more levels: at concurrency 32, TTFT p50 spread 22.1% over the 8.0% tolerance: replica-5 at 1.292s against replica-4 at 1.058s; at concurrency 32 that spread is not resolvable: one replica varies 36.3% against itself between repetitions, wider than the 8.0% tolerance, so the difference between replicas is inside the measurement's own noise. Lengthen the probe or add repetitions rather than acting on it"
time=2026-09-13T09:36:40.512-07:00 level=WARN msg="the characterization this SLO came from is flagged" reason="4 of 36 probes flagged: still warming up: the first half of the measured window was 26% slower than the second by TTFT p50, over a 25% threshold. Lengthen the warm-up and re-run (replica-1-c32-r1, replica-3-c32-r1, replica-5-c32-r1 and 1 more)"
time=2026-09-13T09:36:40.512-07:00 level=INFO msg="sampling GPUs for contamination and throttling" gpus=0,1,2,4,5 replica_pids="[3252144 3253603 3255063 3256883 3258345]" interval=5s thermal_share_threshold=0.5
time=2026-09-13T09:36:40.513-07:00 level=INFO msg=offering workload="multiturn(sessions=76,ws=0.25,skew=1.4,turns=4,prompt=448t,output=64t,system=0.3x128t,branch=0.3x8fam1t,bpt=4,seed=1,usage=on)"
time=2026-09-13T09:36:40.522-07:00 level=INFO msg="router is up and running the policy these cells will name" router=http://127.0.0.1:8080 policy=prefix_affinity spill="hit<0.70 load>off" hash=off replicas=5
time=2026-09-13T09:36:40.530-07:00 level=INFO msg="fleet is up" replicas=5
time=2026-09-13T09:36:43.103-07:00 level=INFO msg="fleet warmed" replicas=5 requests_each=3
time=2026-09-13T09:36:43.112-07:00 level=INFO msg="running cell" cell=prefix_affinity-c32-r1 driver=closed_loop load="32 users" duration=5m0s
time=2026-09-13T09:41:44.412-07:00 level=INFO msg="cell complete" cell=prefix_affinity-c32-r1 driver=closed_loop requests=8142 successes=8142 dropped=0 failed=0 slo_violations=1 goodput_rps=32.43126778960965 clean=true throttled=false flagged=false
time=2026-09-13T09:41:54.426-07:00 level=INFO msg="running cell" cell=prefix_affinity-c32-r2 driver=closed_loop load="32 users" duration=5m0s
time=2026-09-13T09:46:55.528-07:00 level=INFO msg="cell complete" cell=prefix_affinity-c32-r2 driver=closed_loop requests=8139 successes=8139 dropped=0 failed=0 slo_violations=74 goodput_rps=32.15885768416431 clean=true throttled=false flagged=false
time=2026-09-13T09:47:05.546-07:00 level=INFO msg="running cell" cell=prefix_affinity-c32-r3 driver=closed_loop load="32 users" duration=5m0s
time=2026-09-13T09:52:06.484-07:00 level=INFO msg="cell complete" cell=prefix_affinity-c32-r3 driver=closed_loop requests=8156 successes=8156 dropped=0 failed=0 slo_violations=16 goodput_rps=32.48206412993613 clean=true throttled=false flagged=false

| driver | load | rep | goodput/s | tput/s | TTFT p50 | TTFT p99 | ITL p50 | reqs | ok | dropped | failed | SLO viol | clean | flagged |
|---|---:|---:|---:|---:|---:|---:|---:|---:|---:|---:|---:|---:|:--:|:--|
| closed-loop | 32 users | 1 | 32.43 | 32.44 | 93ms | 470ms | 13ms | 8142 | 8142 | 0 | 0 | 1 | yes |  |
| closed-loop | 32 users | 2 | 32.16 | 32.45 | 90ms | 443ms | 12ms | 8139 | 8139 | 0 | 0 | 74 | yes |  |
| closed-loop | 32 users | 3 | 32.48 | 32.55 | 93ms | 656ms | 13ms | 8156 | 8156 | 0 | 0 | 16 | yes |  |
time=2026-09-13T09:52:07.256-07:00 level=INFO msg="compacted the run" requests=25982 cells=3 requests_parquet=runs/pressure-residency/m0.70/ws0.25-skew1.4/requests.parquet cells_parquet=runs/pressure-residency/m0.70/ws0.25-skew1.4/cells.parquet results=runs/pressure-residency/m0.70/ws0.25-skew1.4/results.md
time=2026-09-13T09:52:07.280-07:00 level=INFO msg="SLO read from the characterization rather than retyped" record=slo/characterization.json slo="TTFT < 990ms, inter-token p50 < 24ms (3x the measured floor of 329ms and 7.8ms)" measured_at=2026-09-07T07:50:38.074Z
time=2026-09-13T09:52:07.280-07:00 level=WARN msg="the characterization does not find the replicas interchangeable, so a policy difference in this sweep could be host asymmetry rather than the policy" record=slo/characterization.json
time=2026-09-13T09:52:07.280-07:00 level=WARN msg="the characterization this SLO came from is flagged" reason="replica symmetry is unresolved at one or more levels: at concurrency 32, TTFT p50 spread 22.1% over the 8.0% tolerance: replica-5 at 1.292s against replica-4 at 1.058s; at concurrency 32 that spread is not resolvable: one replica varies 36.3% against itself between repetitions, wider than the 8.0% tolerance, so the difference between replicas is inside the measurement's own noise. Lengthen the probe or add repetitions rather than acting on it"
time=2026-09-13T09:52:07.280-07:00 level=WARN msg="the characterization this SLO came from is flagged" reason="4 of 36 probes flagged: still warming up: the first half of the measured window was 26% slower than the second by TTFT p50, over a 25% threshold. Lengthen the warm-up and re-run (replica-1-c32-r1, replica-3-c32-r1, replica-5-c32-r1 and 1 more)"
time=2026-09-13T09:52:07.280-07:00 level=INFO msg="sampling GPUs for contamination and throttling" gpus=0,1,2,4,5 replica_pids="[3252144 3253603 3255063 3256883 3258345]" interval=5s thermal_share_threshold=0.5
time=2026-09-13T09:52:07.281-07:00 level=INFO msg=offering workload="multiturn(sessions=307,ws=1,skew=0,turns=4,prompt=448t,output=64t,system=0.3x128t,branch=0.3x8fam1t,bpt=4,seed=1,usage=on)"
time=2026-09-13T09:52:07.297-07:00 level=INFO msg="router is up and running the policy these cells will name" router=http://127.0.0.1:8080 policy=prefix_affinity spill="hit<0.70 load>off" hash=off replicas=5
time=2026-09-13T09:52:07.305-07:00 level=INFO msg="fleet is up" replicas=5
time=2026-09-13T09:52:09.980-07:00 level=INFO msg="fleet warmed" replicas=5 requests_each=3
time=2026-09-13T09:52:09.996-07:00 level=INFO msg="running cell" cell=prefix_affinity-c32-r1 driver=closed_loop load="32 users" duration=5m0s
time=2026-09-13T09:57:15.847-07:00 level=INFO msg="cell complete" cell=prefix_affinity-c32-r1 driver=closed_loop requests=1720 successes=1720 dropped=0 failed=0 slo_violations=581 goodput_rps=4.4559738089434555 clean=true throttled=false flagged=false
time=2026-09-13T09:57:25.867-07:00 level=INFO msg="running cell" cell=prefix_affinity-c32-r2 driver=closed_loop load="32 users" duration=5m0s
time=2026-09-13T10:02:31.525-07:00 level=INFO msg="cell complete" cell=prefix_affinity-c32-r2 driver=closed_loop requests=1707 successes=1707 dropped=0 failed=0 slo_violations=575 goodput_rps=4.4411908653489975 clean=true throttled=false flagged=false
time=2026-09-13T10:02:41.546-07:00 level=INFO msg="running cell" cell=prefix_affinity-c32-r3 driver=closed_loop load="32 users" duration=5m0s
time=2026-09-13T10:07:52.257-07:00 level=INFO msg="cell complete" cell=prefix_affinity-c32-r3 driver=closed_loop requests=1724 successes=1724 dropped=0 failed=0 slo_violations=607 goodput_rps=4.2890125534164 clean=true throttled=false flagged=false

| driver | load | rep | goodput/s | tput/s | TTFT p50 | TTFT p99 | ITL p50 | reqs | ok | dropped | failed | SLO viol | clean | flagged |
|---|---:|---:|---:|---:|---:|---:|---:|---:|---:|---:|---:|---:|:--:|:--|
| closed-loop | 32 users | 1 | 4.46 | 6.73 | 421ms | 13026ms | 11ms | 1720 | 1720 | 0 | 0 | 581 | yes |  |
| closed-loop | 32 users | 2 | 4.44 | 6.70 | 432ms | 15089ms | 11ms | 1707 | 1707 | 0 | 0 | 575 | yes |  |
| closed-loop | 32 users | 3 | 4.29 | 6.62 | 434ms | 14193ms | 11ms | 1724 | 1724 | 0 | 0 | 607 | yes |  |
time=2026-09-13T10:07:52.519-07:00 level=INFO msg="compacted the run" requests=6461 cells=3 requests_parquet=runs/pressure-residency/m0.70/ws1-skew0/requests.parquet cells_parquet=runs/pressure-residency/m0.70/ws1-skew0/cells.parquet results=runs/pressure-residency/m0.70/ws1-skew0/results.md
time=2026-09-13T10:07:52.540-07:00 level=INFO msg="SLO read from the characterization rather than retyped" record=slo/characterization.json slo="TTFT < 990ms, inter-token p50 < 24ms (3x the measured floor of 329ms and 7.8ms)" measured_at=2026-09-07T07:50:38.074Z
time=2026-09-13T10:07:52.540-07:00 level=WARN msg="the characterization does not find the replicas interchangeable, so a policy difference in this sweep could be host asymmetry rather than the policy" record=slo/characterization.json
time=2026-09-13T10:07:52.540-07:00 level=WARN msg="the characterization this SLO came from is flagged" reason="replica symmetry is unresolved at one or more levels: at concurrency 32, TTFT p50 spread 22.1% over the 8.0% tolerance: replica-5 at 1.292s against replica-4 at 1.058s; at concurrency 32 that spread is not resolvable: one replica varies 36.3% against itself between repetitions, wider than the 8.0% tolerance, so the difference between replicas is inside the measurement's own noise. Lengthen the probe or add repetitions rather than acting on it"
time=2026-09-13T10:07:52.540-07:00 level=WARN msg="the characterization this SLO came from is flagged" reason="4 of 36 probes flagged: still warming up: the first half of the measured window was 26% slower than the second by TTFT p50, over a 25% threshold. Lengthen the warm-up and re-run (replica-1-c32-r1, replica-3-c32-r1, replica-5-c32-r1 and 1 more)"
time=2026-09-13T10:07:52.540-07:00 level=INFO msg="sampling GPUs for contamination and throttling" gpus=0,1,2,4,5 replica_pids="[3252144 3253603 3255063 3256883 3258345]" interval=5s thermal_share_threshold=0.5
time=2026-09-13T10:07:52.541-07:00 level=INFO msg=offering workload="multiturn(sessions=307,ws=1,skew=1,turns=4,prompt=448t,output=64t,system=0.3x128t,branch=0.3x8fam1t,bpt=4,seed=1,usage=on)"
time=2026-09-13T10:07:52.558-07:00 level=INFO msg="router is up and running the policy these cells will name" router=http://127.0.0.1:8080 policy=prefix_affinity spill="hit<0.70 load>off" hash=off replicas=5
time=2026-09-13T10:07:52.566-07:00 level=INFO msg="fleet is up" replicas=5
time=2026-09-13T10:07:55.063-07:00 level=INFO msg="fleet warmed" replicas=5 requests_each=3
time=2026-09-13T10:07:55.081-07:00 level=INFO msg="running cell" cell=prefix_affinity-c32-r1 driver=closed_loop load="32 users" duration=5m0s
time=2026-09-13T10:12:56.295-07:00 level=INFO msg="cell complete" cell=prefix_affinity-c32-r1 driver=closed_loop requests=2346 successes=2346 dropped=0 failed=0 slo_violations=598 goodput_rps=6.9643095908649295 clean=true throttled=false flagged=true
time=2026-09-13T10:13:06.317-07:00 level=INFO msg="running cell" cell=prefix_affinity-c32-r2 driver=closed_loop load="32 users" duration=5m0s
time=2026-09-13T10:18:07.563-07:00 level=INFO msg="cell complete" cell=prefix_affinity-c32-r2 driver=closed_loop requests=2317 successes=2317 dropped=0 failed=0 slo_violations=565 goodput_rps=7.0042125675915345 clean=true throttled=false flagged=false
time=2026-09-13T10:18:17.586-07:00 level=INFO msg="running cell" cell=prefix_affinity-c32-r3 driver=closed_loop load="32 users" duration=5m0s
time=2026-09-13T10:23:20.721-07:00 level=INFO msg="cell complete" cell=prefix_affinity-c32-r3 driver=closed_loop requests=1530 successes=1530 dropped=0 failed=0 slo_violations=794 goodput_rps=2.910116011293316 clean=true throttled=false flagged=false

| driver | load | rep | goodput/s | tput/s | TTFT p50 | TTFT p99 | ITL p50 | reqs | ok | dropped | failed | SLO viol | clean | flagged |
|---|---:|---:|---:|---:|---:|---:|---:|---:|---:|---:|---:|---:|:--:|:--|
| closed-loop | 32 users | 1 | 6.96 | 9.35 | 390ms | 8578ms | 13ms | 2346 | 2346 | 0 | 0 | 598 | yes | **1** |
| closed-loop | 32 users | 2 | 7.00 | 9.26 | 410ms | 9659ms | 15ms | 2317 | 2317 | 0 | 0 | 565 | yes |  |
| closed-loop | 32 users | 3 | 2.91 | 6.05 | 785ms | 9084ms | 16ms | 1530 | 1530 | 0 | 0 | 794 | yes |  |

Flagged cells — these are not averaged in without being read first:

- `prefix_affinity-c32-r1`: still warming up: the first half of the measured window was 175% slower than the second by TTFT p50, over a 25% threshold. Lengthen the warm-up and re-run
time=2026-09-13T10:23:21.031-07:00 level=INFO msg="compacted the run" requests=7452 cells=3 requests_parquet=runs/pressure-residency/m0.70/ws1-skew1/requests.parquet cells_parquet=runs/pressure-residency/m0.70/ws1-skew1/cells.parquet results=runs/pressure-residency/m0.70/ws1-skew1/results.md
time=2026-09-13T10:23:21.052-07:00 level=INFO msg="SLO read from the characterization rather than retyped" record=slo/characterization.json slo="TTFT < 990ms, inter-token p50 < 24ms (3x the measured floor of 329ms and 7.8ms)" measured_at=2026-09-07T07:50:38.074Z
time=2026-09-13T10:23:21.052-07:00 level=WARN msg="the characterization does not find the replicas interchangeable, so a policy difference in this sweep could be host asymmetry rather than the policy" record=slo/characterization.json
time=2026-09-13T10:23:21.052-07:00 level=WARN msg="the characterization this SLO came from is flagged" reason="replica symmetry is unresolved at one or more levels: at concurrency 32, TTFT p50 spread 22.1% over the 8.0% tolerance: replica-5 at 1.292s against replica-4 at 1.058s; at concurrency 32 that spread is not resolvable: one replica varies 36.3% against itself between repetitions, wider than the 8.0% tolerance, so the difference between replicas is inside the measurement's own noise. Lengthen the probe or add repetitions rather than acting on it"
time=2026-09-13T10:23:21.052-07:00 level=WARN msg="the characterization this SLO came from is flagged" reason="4 of 36 probes flagged: still warming up: the first half of the measured window was 26% slower than the second by TTFT p50, over a 25% threshold. Lengthen the warm-up and re-run (replica-1-c32-r1, replica-3-c32-r1, replica-5-c32-r1 and 1 more)"
time=2026-09-13T10:23:21.052-07:00 level=INFO msg="sampling GPUs for contamination and throttling" gpus=0,1,2,4,5 replica_pids="[3252144 3253603 3255063 3256883 3258345]" interval=5s thermal_share_threshold=0.5
time=2026-09-13T10:23:21.053-07:00 level=INFO msg=offering workload="multiturn(sessions=307,ws=1,skew=1.4,turns=4,prompt=448t,output=64t,system=0.3x128t,branch=0.3x8fam1t,bpt=4,seed=1,usage=on)"
time=2026-09-13T10:23:21.073-07:00 level=INFO msg="router is up and running the policy these cells will name" router=http://127.0.0.1:8080 policy=prefix_affinity spill="hit<0.70 load>off" hash=off replicas=5
time=2026-09-13T10:23:21.081-07:00 level=INFO msg="fleet is up" replicas=5
time=2026-09-13T10:23:23.592-07:00 level=INFO msg="fleet warmed" replicas=5 requests_each=3
time=2026-09-13T10:23:23.612-07:00 level=INFO msg="running cell" cell=prefix_affinity-c32-r1 driver=closed_loop load="32 users" duration=5m0s
time=2026-09-13T10:28:24.571-07:00 level=INFO msg="cell complete" cell=prefix_affinity-c32-r1 driver=closed_loop requests=6222 successes=6222 dropped=0 failed=0 slo_violations=65 goodput_rps=24.877645089699104 clean=true throttled=false flagged=false
time=2026-09-13T10:28:34.597-07:00 level=INFO msg="running cell" cell=prefix_affinity-c32-r2 driver=closed_loop load="32 users" duration=5m0s
time=2026-09-13T10:33:36.155-07:00 level=INFO msg="cell complete" cell=prefix_affinity-c32-r2 driver=closed_loop requests=1952 successes=1952 dropped=0 failed=0 slo_violations=1569 goodput_rps=1.5238150385929619 clean=true throttled=false flagged=false
time=2026-09-13T10:33:46.181-07:00 level=INFO msg="running cell" cell=prefix_affinity-c32-r3 driver=closed_loop load="32 users" duration=5m0s
time=2026-09-13T10:38:47.484-07:00 level=INFO msg="cell complete" cell=prefix_affinity-c32-r3 driver=closed_loop requests=5653 successes=5653 dropped=0 failed=0 slo_violations=243 goodput_rps=21.55180303711895 clean=true throttled=false flagged=false

| driver | load | rep | goodput/s | tput/s | TTFT p50 | TTFT p99 | ITL p50 | reqs | ok | dropped | failed | SLO viol | clean | flagged |
|---|---:|---:|---:|---:|---:|---:|---:|---:|---:|---:|---:|---:|:--:|:--|
| closed-loop | 32 users | 1 | 24.88 | 25.14 | 100ms | 999ms | 13ms | 6222 | 6222 | 0 | 0 | 65 | yes |  |
| closed-loop | 32 users | 2 | 1.52 | 7.77 | 228ms | 4130ms | 34ms | 1952 | 1952 | 0 | 0 | 1569 | yes |  |
| closed-loop | 32 users | 3 | 21.55 | 22.52 | 112ms | 1593ms | 14ms | 5653 | 5653 | 0 | 0 | 243 | yes |  |
time=2026-09-13T10:38:47.996-07:00 level=INFO msg="compacted the run" requests=15016 cells=3 requests_parquet=runs/pressure-residency/m0.70/ws1-skew1.4/requests.parquet cells_parquet=runs/pressure-residency/m0.70/ws1-skew1.4/cells.parquet results=runs/pressure-residency/m0.70/ws1-skew1.4/results.md
time=2026-09-13T10:38:48.017-07:00 level=INFO msg="SLO read from the characterization rather than retyped" record=slo/characterization.json slo="TTFT < 990ms, inter-token p50 < 24ms (3x the measured floor of 329ms and 7.8ms)" measured_at=2026-09-07T07:50:38.074Z
time=2026-09-13T10:38:48.017-07:00 level=WARN msg="the characterization does not find the replicas interchangeable, so a policy difference in this sweep could be host asymmetry rather than the policy" record=slo/characterization.json
time=2026-09-13T10:38:48.017-07:00 level=WARN msg="the characterization this SLO came from is flagged" reason="replica symmetry is unresolved at one or more levels: at concurrency 32, TTFT p50 spread 22.1% over the 8.0% tolerance: replica-5 at 1.292s against replica-4 at 1.058s; at concurrency 32 that spread is not resolvable: one replica varies 36.3% against itself between repetitions, wider than the 8.0% tolerance, so the difference between replicas is inside the measurement's own noise. Lengthen the probe or add repetitions rather than acting on it"
time=2026-09-13T10:38:48.017-07:00 level=WARN msg="the characterization this SLO came from is flagged" reason="4 of 36 probes flagged: still warming up: the first half of the measured window was 26% slower than the second by TTFT p50, over a 25% threshold. Lengthen the warm-up and re-run (replica-1-c32-r1, replica-3-c32-r1, replica-5-c32-r1 and 1 more)"
time=2026-09-13T10:38:48.018-07:00 level=INFO msg="sampling GPUs for contamination and throttling" gpus=0,1,2,4,5 replica_pids="[3252144 3253603 3255063 3256883 3258345]" interval=5s thermal_share_threshold=0.5
time=2026-09-13T10:38:48.018-07:00 level=INFO msg=offering workload="multiturn(sessions=922,ws=3,skew=0,turns=4,prompt=448t,output=64t,system=0.3x128t,branch=0.3x8fam1t,bpt=4,seed=1,usage=on)"
time=2026-09-13T10:38:48.029-07:00 level=INFO msg="router is up and running the policy these cells will name" router=http://127.0.0.1:8080 policy=prefix_affinity spill="hit<0.70 load>off" hash=off replicas=5
time=2026-09-13T10:38:48.038-07:00 level=INFO msg="fleet is up" replicas=5
time=2026-09-13T10:38:50.570-07:00 level=INFO msg="fleet warmed" replicas=5 requests_each=3
time=2026-09-13T10:38:50.594-07:00 level=INFO msg="running cell" cell=prefix_affinity-c32-r1 driver=closed_loop load="32 users" duration=5m0s
time=2026-09-13T10:43:52.353-07:00 level=INFO msg="cell complete" cell=prefix_affinity-c32-r1 driver=closed_loop requests=1990 successes=1990 dropped=0 failed=0 slo_violations=443 goodput_rps=6.15119033474832 clean=true throttled=false flagged=false
time=2026-09-13T10:44:02.381-07:00 level=INFO msg="running cell" cell=prefix_affinity-c32-r2 driver=closed_loop load="32 users" duration=5m0s
time=2026-09-13T10:49:05.040-07:00 level=INFO msg="cell complete" cell=prefix_affinity-c32-r2 driver=closed_loop requests=1819 successes=1819 dropped=0 failed=0 slo_violations=526 goodput_rps=5.123178187010865 clean=true throttled=false flagged=false
time=2026-09-13T10:49:15.070-07:00 level=INFO msg="running cell" cell=prefix_affinity-c32-r3 driver=closed_loop load="32 users" duration=5m0s
time=2026-09-13T10:54:22.033-07:00 level=INFO msg="cell complete" cell=prefix_affinity-c32-r3 driver=closed_loop requests=2010 successes=2010 dropped=0 failed=0 slo_violations=487 goodput_rps=5.936745866640167 clean=true throttled=false flagged=false

| driver | load | rep | goodput/s | tput/s | TTFT p50 | TTFT p99 | ITL p50 | reqs | ok | dropped | failed | SLO viol | clean | flagged |
|---|---:|---:|---:|---:|---:|---:|---:|---:|---:|---:|---:|---:|:--:|:--|
| closed-loop | 32 users | 1 | 6.15 | 7.91 | 411ms | 15035ms | 11ms | 1990 | 1990 | 0 | 0 | 443 | yes |  |
| closed-loop | 32 users | 2 | 5.12 | 7.21 | 426ms | 14203ms | 11ms | 1819 | 1819 | 0 | 0 | 526 | yes |  |
| closed-loop | 32 users | 3 | 5.94 | 7.84 | 428ms | 10202ms | 11ms | 2010 | 2010 | 0 | 0 | 487 | yes |  |
time=2026-09-13T10:54:22.320-07:00 level=INFO msg="compacted the run" requests=7251 cells=3 requests_parquet=runs/pressure-residency/m0.70/ws3-skew0/requests.parquet cells_parquet=runs/pressure-residency/m0.70/ws3-skew0/cells.parquet results=runs/pressure-residency/m0.70/ws3-skew0/results.md
time=2026-09-13T10:54:22.342-07:00 level=INFO msg="SLO read from the characterization rather than retyped" record=slo/characterization.json slo="TTFT < 990ms, inter-token p50 < 24ms (3x the measured floor of 329ms and 7.8ms)" measured_at=2026-09-07T07:50:38.074Z
time=2026-09-13T10:54:22.342-07:00 level=WARN msg="the characterization does not find the replicas interchangeable, so a policy difference in this sweep could be host asymmetry rather than the policy" record=slo/characterization.json
time=2026-09-13T10:54:22.342-07:00 level=WARN msg="the characterization this SLO came from is flagged" reason="replica symmetry is unresolved at one or more levels: at concurrency 32, TTFT p50 spread 22.1% over the 8.0% tolerance: replica-5 at 1.292s against replica-4 at 1.058s; at concurrency 32 that spread is not resolvable: one replica varies 36.3% against itself between repetitions, wider than the 8.0% tolerance, so the difference between replicas is inside the measurement's own noise. Lengthen the probe or add repetitions rather than acting on it"
time=2026-09-13T10:54:22.342-07:00 level=WARN msg="the characterization this SLO came from is flagged" reason="4 of 36 probes flagged: still warming up: the first half of the measured window was 26% slower than the second by TTFT p50, over a 25% threshold. Lengthen the warm-up and re-run (replica-1-c32-r1, replica-3-c32-r1, replica-5-c32-r1 and 1 more)"
time=2026-09-13T10:54:22.342-07:00 level=INFO msg="sampling GPUs for contamination and throttling" gpus=0,1,2,4,5 replica_pids="[3252144 3253603 3255063 3256883 3258345]" interval=5s thermal_share_threshold=0.5
time=2026-09-13T10:54:22.343-07:00 level=INFO msg=offering workload="multiturn(sessions=922,ws=3,skew=1,turns=4,prompt=448t,output=64t,system=0.3x128t,branch=0.3x8fam1t,bpt=4,seed=1,usage=on)"
time=2026-09-13T10:54:22.373-07:00 level=INFO msg="router is up and running the policy these cells will name" router=http://127.0.0.1:8080 policy=prefix_affinity spill="hit<0.70 load>off" hash=off replicas=5
time=2026-09-13T10:54:22.382-07:00 level=INFO msg="fleet is up" replicas=5
time=2026-09-13T10:54:24.903-07:00 level=INFO msg="fleet warmed" replicas=5 requests_each=3
time=2026-09-13T10:54:24.928-07:00 level=INFO msg="running cell" cell=prefix_affinity-c32-r1 driver=closed_loop load="32 users" duration=5m0s
time=2026-09-13T10:59:33.252-07:00 level=INFO msg="cell complete" cell=prefix_affinity-c32-r1 driver=closed_loop requests=1401 successes=1401 dropped=0 failed=0 slo_violations=719 goodput_rps=2.643520484128693 clean=true throttled=false flagged=false
time=2026-09-13T10:59:43.283-07:00 level=INFO msg="running cell" cell=prefix_affinity-c32-r2 driver=closed_loop load="32 users" duration=5m0s
time=2026-09-13T11:04:49.920-07:00 level=INFO msg="cell complete" cell=prefix_affinity-c32-r2 driver=closed_loop requests=1361 successes=1361 dropped=0 failed=0 slo_violations=703 goodput_rps=2.5678381873543095 clean=true throttled=false flagged=true
time=2026-09-13T11:04:59.948-07:00 level=INFO msg="running cell" cell=prefix_affinity-c32-r3 driver=closed_loop load="32 users" duration=5m0s
time=2026-09-13T11:10:01.785-07:00 level=INFO msg="cell complete" cell=prefix_affinity-c32-r3 driver=closed_loop requests=1437 successes=1437 dropped=0 failed=0 slo_violations=668 goodput_rps=3.058997539854803 clean=true throttled=false flagged=false

| driver | load | rep | goodput/s | tput/s | TTFT p50 | TTFT p99 | ITL p50 | reqs | ok | dropped | failed | SLO viol | clean | flagged |
|---|---:|---:|---:|---:|---:|---:|---:|---:|---:|---:|---:|---:|:--:|:--|
| closed-loop | 32 users | 1 | 2.64 | 5.43 | 811ms | 12284ms | 13ms | 1401 | 1401 | 0 | 0 | 719 | yes |  |
| closed-loop | 32 users | 2 | 2.57 | 5.31 | 779ms | 12499ms | 15ms | 1361 | 1361 | 0 | 0 | 703 | yes | **1** |
| closed-loop | 32 users | 3 | 3.06 | 5.72 | 645ms | 13574ms | 13ms | 1437 | 1437 | 0 | 0 | 668 | yes |  |

Flagged cells — these are not averaged in without being read first:

- `prefix_affinity-c32-r2`: still warming up: the first half of the measured window was 53% slower than the second by TTFT p50, over a 25% threshold. Lengthen the warm-up and re-run
time=2026-09-13T11:10:02.017-07:00 level=INFO msg="compacted the run" requests=5483 cells=3 requests_parquet=runs/pressure-residency/m0.70/ws3-skew1/requests.parquet cells_parquet=runs/pressure-residency/m0.70/ws3-skew1/cells.parquet results=runs/pressure-residency/m0.70/ws3-skew1/results.md
time=2026-09-13T11:10:02.037-07:00 level=INFO msg="SLO read from the characterization rather than retyped" record=slo/characterization.json slo="TTFT < 990ms, inter-token p50 < 24ms (3x the measured floor of 329ms and 7.8ms)" measured_at=2026-09-07T07:50:38.074Z
time=2026-09-13T11:10:02.037-07:00 level=WARN msg="the characterization does not find the replicas interchangeable, so a policy difference in this sweep could be host asymmetry rather than the policy" record=slo/characterization.json
time=2026-09-13T11:10:02.037-07:00 level=WARN msg="the characterization this SLO came from is flagged" reason="replica symmetry is unresolved at one or more levels: at concurrency 32, TTFT p50 spread 22.1% over the 8.0% tolerance: replica-5 at 1.292s against replica-4 at 1.058s; at concurrency 32 that spread is not resolvable: one replica varies 36.3% against itself between repetitions, wider than the 8.0% tolerance, so the difference between replicas is inside the measurement's own noise. Lengthen the probe or add repetitions rather than acting on it"
time=2026-09-13T11:10:02.037-07:00 level=WARN msg="the characterization this SLO came from is flagged" reason="4 of 36 probes flagged: still warming up: the first half of the measured window was 26% slower than the second by TTFT p50, over a 25% threshold. Lengthen the warm-up and re-run (replica-1-c32-r1, replica-3-c32-r1, replica-5-c32-r1 and 1 more)"
time=2026-09-13T11:10:02.037-07:00 level=INFO msg="sampling GPUs for contamination and throttling" gpus=0,1,2,4,5 replica_pids="[3252144 3253603 3255063 3256883 3258345]" interval=5s thermal_share_threshold=0.5
time=2026-09-13T11:10:02.038-07:00 level=INFO msg=offering workload="multiturn(sessions=922,ws=3,skew=1.4,turns=4,prompt=448t,output=64t,system=0.3x128t,branch=0.3x8fam1t,bpt=4,seed=1,usage=on)"
time=2026-09-13T11:10:02.066-07:00 level=INFO msg="router is up and running the policy these cells will name" router=http://127.0.0.1:8080 policy=prefix_affinity spill="hit<0.70 load>off" hash=off replicas=5
time=2026-09-13T11:10:02.074-07:00 level=INFO msg="fleet is up" replicas=5
time=2026-09-13T11:10:04.688-07:00 level=INFO msg="fleet warmed" replicas=5 requests_each=3
time=2026-09-13T11:10:04.715-07:00 level=INFO msg="running cell" cell=prefix_affinity-c32-r1 driver=closed_loop load="32 users" duration=5m0s
time=2026-09-13T11:15:05.864-07:00 level=INFO msg="cell complete" cell=prefix_affinity-c32-r1 driver=closed_loop requests=7104 successes=7104 dropped=0 failed=0 slo_violations=25 goodput_rps=28.21808149077511 clean=true throttled=false flagged=false
time=2026-09-13T11:15:15.898-07:00 level=INFO msg="running cell" cell=prefix_affinity-c32-r2 driver=closed_loop load="32 users" duration=5m0s
time=2026-09-13T11:20:17.253-07:00 level=INFO msg="cell complete" cell=prefix_affinity-c32-r2 driver=closed_loop requests=3237 successes=3237 dropped=0 failed=0 slo_violations=1432 goodput_rps=7.1922981103341295 clean=true throttled=false flagged=false
time=2026-09-13T11:20:27.288-07:00 level=INFO msg="running cell" cell=prefix_affinity-c32-r3 driver=closed_loop load="32 users" duration=5m0s
time=2026-09-13T11:25:28.355-07:00 level=INFO msg="cell complete" cell=prefix_affinity-c32-r3 driver=closed_loop requests=6036 successes=6036 dropped=0 failed=0 slo_violations=101 goodput_rps=23.679284094087045 clean=true throttled=false flagged=false

| driver | load | rep | goodput/s | tput/s | TTFT p50 | TTFT p99 | ITL p50 | reqs | ok | dropped | failed | SLO viol | clean | flagged |
|---|---:|---:|---:|---:|---:|---:|---:|---:|---:|---:|---:|---:|:--:|:--|
| closed-loop | 32 users | 1 | 28.22 | 28.32 | 97ms | 744ms | 12ms | 7104 | 7104 | 0 | 0 | 25 | yes |  |
| closed-loop | 32 users | 2 | 7.19 | 12.90 | 188ms | 1737ms | 20ms | 3237 | 3237 | 0 | 0 | 1432 | yes |  |
| closed-loop | 32 users | 3 | 23.68 | 24.08 | 104ms | 1108ms | 13ms | 6036 | 6036 | 0 | 0 | 101 | yes |  |
time=2026-09-13T11:25:28.963-07:00 level=INFO msg="compacted the run" requests=17697 cells=3 requests_parquet=runs/pressure-residency/m0.70/ws3-skew1.4/requests.parquet cells_parquet=runs/pressure-residency/m0.70/ws3-skew1.4/cells.parquet results=runs/pressure-residency/m0.70/ws3-skew1.4/results.md
time=2026-09-13T11:25:28.989-07:00 level=INFO msg="SLO read from the characterization rather than retyped" record=slo/characterization.json slo="TTFT < 990ms, inter-token p50 < 24ms (3x the measured floor of 329ms and 7.8ms)" measured_at=2026-09-07T07:50:38.074Z
time=2026-09-13T11:25:28.989-07:00 level=WARN msg="the characterization does not find the replicas interchangeable, so a policy difference in this sweep could be host asymmetry rather than the policy" record=slo/characterization.json
time=2026-09-13T11:25:28.989-07:00 level=WARN msg="the characterization this SLO came from is flagged" reason="replica symmetry is unresolved at one or more levels: at concurrency 32, TTFT p50 spread 22.1% over the 8.0% tolerance: replica-5 at 1.292s against replica-4 at 1.058s; at concurrency 32 that spread is not resolvable: one replica varies 36.3% against itself between repetitions, wider than the 8.0% tolerance, so the difference between replicas is inside the measurement's own noise. Lengthen the probe or add repetitions rather than acting on it"
time=2026-09-13T11:25:28.989-07:00 level=WARN msg="the characterization this SLO came from is flagged" reason="4 of 36 probes flagged: still warming up: the first half of the measured window was 26% slower than the second by TTFT p50, over a 25% threshold. Lengthen the warm-up and re-run (replica-1-c32-r1, replica-3-c32-r1, replica-5-c32-r1 and 1 more)"
time=2026-09-13T11:25:28.990-07:00 level=INFO msg="sampling GPUs for contamination and throttling" gpus=0,1,2,4,5 replica_pids="[3252144 3253603 3255063 3256883 3258345]" interval=5s thermal_share_threshold=0.5
time=2026-09-13T11:25:28.990-07:00 level=INFO msg=offering workload="multiturn(sessions=2460,ws=8,skew=0,turns=4,prompt=448t,output=64t,system=0.3x128t,branch=0.3x8fam1t,bpt=4,seed=1,usage=on)"
time=2026-09-13T11:25:29.022-07:00 level=INFO msg="router is up and running the policy these cells will name" router=http://127.0.0.1:8080 policy=prefix_affinity spill="hit<0.70 load>off" hash=off replicas=5
time=2026-09-13T11:25:29.031-07:00 level=INFO msg="fleet is up" replicas=5
time=2026-09-13T11:25:31.544-07:00 level=INFO msg="fleet warmed" replicas=5 requests_each=3
time=2026-09-13T11:25:31.575-07:00 level=INFO msg="running cell" cell=prefix_affinity-c32-r1 driver=closed_loop load="32 users" duration=5m0s
time=2026-09-13T11:30:33.720-07:00 level=INFO msg="cell complete" cell=prefix_affinity-c32-r1 driver=closed_loop requests=2208 successes=2208 dropped=0 failed=0 slo_violations=485 goodput_rps=6.843514141442495 clean=true throttled=false flagged=false
time=2026-09-13T11:30:43.756-07:00 level=INFO msg="running cell" cell=prefix_affinity-c32-r2 driver=closed_loop load="32 users" duration=5m0s
time=2026-09-13T11:35:46.970-07:00 level=INFO msg="cell complete" cell=prefix_affinity-c32-r2 driver=closed_loop requests=2086 successes=2086 dropped=0 failed=0 slo_violations=501 goodput_rps=6.271061293453518 clean=true throttled=false flagged=false
time=2026-09-13T11:35:57.008-07:00 level=INFO msg="running cell" cell=prefix_affinity-c32-r3 driver=closed_loop load="32 users" duration=5m0s
time=2026-09-13T11:40:58.332-07:00 level=INFO msg="cell complete" cell=prefix_affinity-c32-r3 driver=closed_loop requests=2317 successes=2317 dropped=0 failed=0 slo_violations=444 goodput_rps=7.460195942574182 clean=true throttled=false flagged=false

| driver | load | rep | goodput/s | tput/s | TTFT p50 | TTFT p99 | ITL p50 | reqs | ok | dropped | failed | SLO viol | clean | flagged |
|---|---:|---:|---:|---:|---:|---:|---:|---:|---:|---:|---:|---:|:--:|:--|
| closed-loop | 32 users | 1 | 6.84 | 8.77 | 430ms | 8943ms | 12ms | 2208 | 2208 | 0 | 0 | 485 | yes |  |
| closed-loop | 32 users | 2 | 6.27 | 8.25 | 423ms | 10592ms | 11ms | 2086 | 2086 | 0 | 0 | 501 | yes |  |
| closed-loop | 32 users | 3 | 7.46 | 9.23 | 428ms | 9856ms | 12ms | 2317 | 2317 | 0 | 0 | 444 | yes |  |
time=2026-09-13T11:40:58.676-07:00 level=INFO msg="compacted the run" requests=8119 cells=3 requests_parquet=runs/pressure-residency/m0.70/ws8-skew0/requests.parquet cells_parquet=runs/pressure-residency/m0.70/ws8-skew0/cells.parquet results=runs/pressure-residency/m0.70/ws8-skew0/results.md
time=2026-09-13T11:40:58.697-07:00 level=INFO msg="SLO read from the characterization rather than retyped" record=slo/characterization.json slo="TTFT < 990ms, inter-token p50 < 24ms (3x the measured floor of 329ms and 7.8ms)" measured_at=2026-09-07T07:50:38.074Z
time=2026-09-13T11:40:58.697-07:00 level=WARN msg="the characterization does not find the replicas interchangeable, so a policy difference in this sweep could be host asymmetry rather than the policy" record=slo/characterization.json
time=2026-09-13T11:40:58.697-07:00 level=WARN msg="the characterization this SLO came from is flagged" reason="replica symmetry is unresolved at one or more levels: at concurrency 32, TTFT p50 spread 22.1% over the 8.0% tolerance: replica-5 at 1.292s against replica-4 at 1.058s; at concurrency 32 that spread is not resolvable: one replica varies 36.3% against itself between repetitions, wider than the 8.0% tolerance, so the difference between replicas is inside the measurement's own noise. Lengthen the probe or add repetitions rather than acting on it"
time=2026-09-13T11:40:58.697-07:00 level=WARN msg="the characterization this SLO came from is flagged" reason="4 of 36 probes flagged: still warming up: the first half of the measured window was 26% slower than the second by TTFT p50, over a 25% threshold. Lengthen the warm-up and re-run (replica-1-c32-r1, replica-3-c32-r1, replica-5-c32-r1 and 1 more)"
time=2026-09-13T11:40:58.698-07:00 level=INFO msg="sampling GPUs for contamination and throttling" gpus=0,1,2,4,5 replica_pids="[3252144 3253603 3255063 3256883 3258345]" interval=5s thermal_share_threshold=0.5
time=2026-09-13T11:40:58.698-07:00 level=INFO msg=offering workload="multiturn(sessions=2460,ws=8,skew=1,turns=4,prompt=448t,output=64t,system=0.3x128t,branch=0.3x8fam1t,bpt=4,seed=1,usage=on)"
time=2026-09-13T11:40:58.733-07:00 level=INFO msg="router is up and running the policy these cells will name" router=http://127.0.0.1:8080 policy=prefix_affinity spill="hit<0.70 load>off" hash=off replicas=5
time=2026-09-13T11:40:58.741-07:00 level=INFO msg="fleet is up" replicas=5
time=2026-09-13T11:41:01.420-07:00 level=INFO msg="fleet warmed" replicas=5 requests_each=3
time=2026-09-13T11:41:01.454-07:00 level=INFO msg="running cell" cell=prefix_affinity-c32-r1 driver=closed_loop load="32 users" duration=5m0s
time=2026-09-13T11:46:13.577-07:00 level=INFO msg="cell complete" cell=prefix_affinity-c32-r1 driver=closed_loop requests=1464 successes=1464 dropped=0 failed=0 slo_violations=701 goodput_rps=2.9533914040315508 clean=true throttled=false flagged=false
time=2026-09-13T11:46:23.611-07:00 level=INFO msg="running cell" cell=prefix_affinity-c32-r2 driver=closed_loop load="32 users" duration=5m0s
time=2026-09-13T11:51:34.550-07:00 level=INFO msg="cell complete" cell=prefix_affinity-c32-r2 driver=closed_loop requests=1524 successes=1524 dropped=0 failed=0 slo_violations=781 goodput_rps=2.8532739417275392 clean=true throttled=false flagged=false
time=2026-09-13T11:51:44.590-07:00 level=INFO msg="running cell" cell=prefix_affinity-c32-r3 driver=closed_loop load="32 users" duration=5m0s
time=2026-09-13T11:56:46.254-07:00 level=INFO msg="cell complete" cell=prefix_affinity-c32-r3 driver=closed_loop requests=1572 successes=1572 dropped=0 failed=0 slo_violations=681 goodput_rps=3.543934789877522 clean=true throttled=false flagged=false

| driver | load | rep | goodput/s | tput/s | TTFT p50 | TTFT p99 | ITL p50 | reqs | ok | dropped | failed | SLO viol | clean | flagged |
|---|---:|---:|---:|---:|---:|---:|---:|---:|---:|---:|---:|---:|:--:|:--|
| closed-loop | 32 users | 1 | 2.95 | 5.67 | 681ms | 14860ms | 13ms | 1464 | 1464 | 0 | 0 | 701 | yes |  |
| closed-loop | 32 users | 2 | 2.85 | 5.85 | 750ms | 12012ms | 13ms | 1524 | 1524 | 0 | 0 | 781 | yes |  |
| closed-loop | 32 users | 3 | 3.54 | 6.25 | 621ms | 11829ms | 11ms | 1572 | 1572 | 0 | 0 | 681 | yes |  |
time=2026-09-13T11:56:46.499-07:00 level=INFO msg="compacted the run" requests=5773 cells=3 requests_parquet=runs/pressure-residency/m0.70/ws8-skew1/requests.parquet cells_parquet=runs/pressure-residency/m0.70/ws8-skew1/cells.parquet results=runs/pressure-residency/m0.70/ws8-skew1/results.md
time=2026-09-13T11:56:46.521-07:00 level=INFO msg="SLO read from the characterization rather than retyped" record=slo/characterization.json slo="TTFT < 990ms, inter-token p50 < 24ms (3x the measured floor of 329ms and 7.8ms)" measured_at=2026-09-07T07:50:38.074Z
time=2026-09-13T11:56:46.522-07:00 level=WARN msg="the characterization does not find the replicas interchangeable, so a policy difference in this sweep could be host asymmetry rather than the policy" record=slo/characterization.json
time=2026-09-13T11:56:46.522-07:00 level=WARN msg="the characterization this SLO came from is flagged" reason="replica symmetry is unresolved at one or more levels: at concurrency 32, TTFT p50 spread 22.1% over the 8.0% tolerance: replica-5 at 1.292s against replica-4 at 1.058s; at concurrency 32 that spread is not resolvable: one replica varies 36.3% against itself between repetitions, wider than the 8.0% tolerance, so the difference between replicas is inside the measurement's own noise. Lengthen the probe or add repetitions rather than acting on it"
time=2026-09-13T11:56:46.522-07:00 level=WARN msg="the characterization this SLO came from is flagged" reason="4 of 36 probes flagged: still warming up: the first half of the measured window was 26% slower than the second by TTFT p50, over a 25% threshold. Lengthen the warm-up and re-run (replica-1-c32-r1, replica-3-c32-r1, replica-5-c32-r1 and 1 more)"
time=2026-09-13T11:56:46.522-07:00 level=INFO msg="sampling GPUs for contamination and throttling" gpus=0,1,2,4,5 replica_pids="[3252144 3253603 3255063 3256883 3258345]" interval=5s thermal_share_threshold=0.5
time=2026-09-13T11:56:46.523-07:00 level=INFO msg=offering workload="multiturn(sessions=2460,ws=8,skew=1.4,turns=4,prompt=448t,output=64t,system=0.3x128t,branch=0.3x8fam1t,bpt=4,seed=1,usage=on)"
time=2026-09-13T11:56:46.559-07:00 level=INFO msg="router is up and running the policy these cells will name" router=http://127.0.0.1:8080 policy=prefix_affinity spill="hit<0.70 load>off" hash=off replicas=5
time=2026-09-13T11:56:46.568-07:00 level=INFO msg="fleet is up" replicas=5
time=2026-09-13T11:56:49.123-07:00 level=INFO msg="fleet warmed" replicas=5 requests_each=3
time=2026-09-13T11:56:49.159-07:00 level=INFO msg="running cell" cell=prefix_affinity-c32-r1 driver=closed_loop load="32 users" duration=5m0s
time=2026-09-13T12:01:50.316-07:00 level=INFO msg="cell complete" cell=prefix_affinity-c32-r1 driver=closed_loop requests=4603 successes=4603 dropped=0 failed=0 slo_violations=227 goodput_rps=17.475206489727153 clean=true throttled=false flagged=false
time=2026-09-13T12:02:00.359-07:00 level=INFO msg="running cell" cell=prefix_affinity-c32-r2 driver=closed_loop load="32 users" duration=5m0s
time=2026-09-13T12:07:01.309-07:00 level=INFO msg="cell complete" cell=prefix_affinity-c32-r2 driver=closed_loop requests=6263 successes=6263 dropped=0 failed=0 slo_violations=72 goodput_rps=24.891731687871 clean=true throttled=false flagged=false
time=2026-09-13T12:07:11.353-07:00 level=INFO msg="running cell" cell=prefix_affinity-c32-r3 driver=closed_loop load="32 users" duration=5m0s
time=2026-09-13T12:12:12.929-07:00 level=INFO msg="cell complete" cell=prefix_affinity-c32-r3 driver=closed_loop requests=5451 successes=5451 dropped=0 failed=0 slo_violations=86 goodput_rps=21.364817288265318 clean=true throttled=false flagged=false

| driver | load | rep | goodput/s | tput/s | TTFT p50 | TTFT p99 | ITL p50 | reqs | ok | dropped | failed | SLO viol | clean | flagged |
|---|---:|---:|---:|---:|---:|---:|---:|---:|---:|---:|---:|---:|:--:|:--|
| closed-loop | 32 users | 1 | 17.48 | 18.38 | 130ms | 1180ms | 16ms | 4603 | 4603 | 0 | 0 | 227 | yes |  |
| closed-loop | 32 users | 2 | 24.89 | 25.18 | 101ms | 1004ms | 12ms | 6263 | 6263 | 0 | 0 | 72 | yes |  |
| closed-loop | 32 users | 3 | 21.36 | 21.71 | 113ms | 1067ms | 14ms | 5451 | 5451 | 0 | 0 | 86 | yes |  |
time=2026-09-13T12:12:13.513-07:00 level=INFO msg="compacted the run" requests=17576 cells=3 requests_parquet=runs/pressure-residency/m0.70/ws8-skew1.4/requests.parquet cells_parquet=runs/pressure-residency/m0.70/ws8-skew1.4/cells.parquet results=runs/pressure-residency/m0.70/ws8-skew1.4/results.md
stopping replica-5 (PID 3258345)
stopping replica-4 (PID 3256883)
stopping replica-2 (PID 3255063)
stopping replica-1 (PID 3253603)
stopping replica-0 (PID 3252144)
preflight: 5 GPUs clean, all below 256 MiB
starting replica-0 on GPU 0, port 8000, vLLM 0.28.0, quantization awq_marlin, linear backend marlin
replica-0 is up: http://127.0.0.1:8000 (PID 3340105)
fleet: settling for 15s before the next replica
starting replica-1 on GPU 1, port 8001, vLLM 0.28.0, quantization awq_marlin, linear backend marlin
replica-1 is up: http://127.0.0.1:8001 (PID 3341630)
fleet: settling for 15s before the next replica
starting replica-2 on GPU 2, port 8002, vLLM 0.28.0, quantization awq_marlin, linear backend marlin
replica-2 is up: http://127.0.0.1:8002 (PID 3343253)
fleet: settling for 15s before the next replica
starting replica-4 on GPU 4, port 8004, vLLM 0.28.0, quantization awq_marlin, linear backend marlin
replica-4 is up: http://127.0.0.1:8004 (PID 3344786)
fleet: settling for 15s before the next replica
starting replica-5 on GPU 5, port 8005, vLLM 0.28.0, quantization awq_marlin, linear backend marlin
replica-5 is up: http://127.0.0.1:8005 (PID 3346295)
fleet: 5 replicas up on GPUs 0 1 2 4 5
replica-0=http://127.0.0.1:8000,replica-1=http://127.0.0.1:8001,replica-2=http://127.0.0.1:8002,replica-4=http://127.0.0.1:8004,replica-5=http://127.0.0.1:8005
probe-usage: http://127.0.0.1:8000
  cold  → PRESENT 575 0
  warm  → PRESENT 575 560
probe-usage: OK — cached_tokens reported, and the warm request reused 560 tokens
time=2026-09-13T12:17:48.725-07:00 level=INFO msg="SLO read from the characterization rather than retyped" record=slo/characterization.json slo="TTFT < 990ms, inter-token p50 < 24ms (3x the measured floor of 329ms and 7.8ms)" measured_at=2026-09-07T07:50:38.074Z
time=2026-09-13T12:17:48.725-07:00 level=WARN msg="the characterization does not find the replicas interchangeable, so a policy difference in this sweep could be host asymmetry rather than the policy" record=slo/characterization.json
time=2026-09-13T12:17:48.725-07:00 level=WARN msg="the characterization this SLO came from is flagged" reason="replica symmetry is unresolved at one or more levels: at concurrency 32, TTFT p50 spread 22.1% over the 8.0% tolerance: replica-5 at 1.292s against replica-4 at 1.058s; at concurrency 32 that spread is not resolvable: one replica varies 36.3% against itself between repetitions, wider than the 8.0% tolerance, so the difference between replicas is inside the measurement's own noise. Lengthen the probe or add repetitions rather than acting on it"
time=2026-09-13T12:17:48.725-07:00 level=WARN msg="the characterization this SLO came from is flagged" reason="4 of 36 probes flagged: still warming up: the first half of the measured window was 26% slower than the second by TTFT p50, over a 25% threshold. Lengthen the warm-up and re-run (replica-1-c32-r1, replica-3-c32-r1, replica-5-c32-r1 and 1 more)"
time=2026-09-13T12:17:48.725-07:00 level=INFO msg="sampling GPUs for contamination and throttling" gpus=0,1,2,4,5 replica_pids="[3340105 3341630 3343253 3344786 3346295]" interval=5s thermal_share_threshold=0.5
time=2026-09-13T12:17:48.726-07:00 level=INFO msg=offering workload="multiturn(sessions=76,ws=0.25,skew=0,turns=4,prompt=448t,output=64t,system=0.3x128t,branch=0.3x8fam1t,bpt=4,seed=1,usage=on)"
time=2026-09-13T12:17:48.730-07:00 level=INFO msg="router is up and running the policy these cells will name" router=http://127.0.0.1:8080 policy=prefix_affinity spill="hit<0.70 load>off" hash=off replicas=5
time=2026-09-13T12:17:48.738-07:00 level=INFO msg="fleet is up" replicas=5
time=2026-09-13T12:17:51.379-07:00 level=INFO msg="fleet warmed" replicas=5 requests_each=3
time=2026-09-13T12:17:51.379-07:00 level=INFO msg="cell is cached, not re-running" cell=prefix_affinity-c32-r1 goodput_rps=3.083884631994739 flagged=false
time=2026-09-13T12:17:51.380-07:00 level=INFO msg="cell is cached, not re-running" cell=prefix_affinity-c32-r2 goodput_rps=2.799720542257962 flagged=false
time=2026-09-13T12:18:01.386-07:00 level=INFO msg="running cell" cell=prefix_affinity-c32-r3 driver=closed_loop load="32 users" duration=5m0s
time=2026-09-13T12:23:05.076-07:00 level=INFO msg="cell complete" cell=prefix_affinity-c32-r3 driver=closed_loop requests=1537 successes=1537 dropped=0 failed=0 slo_violations=774 goodput_rps=3.0111292736332973 clean=true throttled=false flagged=false

| driver | load | rep | goodput/s | tput/s | TTFT p50 | TTFT p99 | ITL p50 | reqs | ok | dropped | failed | SLO viol | clean | flagged |
|---|---:|---:|---:|---:|---:|---:|---:|---:|---:|---:|---:|---:|:--:|:--|
| closed-loop | 32 users | 1 | 3.08 | 6.05 | 758ms | 10854ms | 15ms | 1570 | 1570 | 0 | 0 | 770 | yes |  |
| closed-loop | 32 users | 2 | 2.80 | 6.13 | 963ms | 10294ms | 14ms | 1566 | 1566 | 0 | 0 | 851 | yes |  |
| closed-loop | 32 users | 3 | 3.01 | 6.07 | 788ms | 11859ms | 15ms | 1537 | 1537 | 0 | 0 | 774 | yes |  |
time=2026-09-13T12:23:05.319-07:00 level=INFO msg="compacted the run" requests=5812 cells=3 requests_parquet=runs/pressure-residency/m0.70/ws0.25-skew0/requests.parquet cells_parquet=runs/pressure-residency/m0.70/ws0.25-skew0/cells.parquet results=runs/pressure-residency/m0.70/ws0.25-skew0/results.md
time=2026-09-13T12:23:05.338-07:00 level=INFO msg="SLO read from the characterization rather than retyped" record=slo/characterization.json slo="TTFT < 990ms, inter-token p50 < 24ms (3x the measured floor of 329ms and 7.8ms)" measured_at=2026-09-07T07:50:38.074Z
time=2026-09-13T12:23:05.338-07:00 level=WARN msg="the characterization does not find the replicas interchangeable, so a policy difference in this sweep could be host asymmetry rather than the policy" record=slo/characterization.json
time=2026-09-13T12:23:05.338-07:00 level=WARN msg="the characterization this SLO came from is flagged" reason="replica symmetry is unresolved at one or more levels: at concurrency 32, TTFT p50 spread 22.1% over the 8.0% tolerance: replica-5 at 1.292s against replica-4 at 1.058s; at concurrency 32 that spread is not resolvable: one replica varies 36.3% against itself between repetitions, wider than the 8.0% tolerance, so the difference between replicas is inside the measurement's own noise. Lengthen the probe or add repetitions rather than acting on it"
time=2026-09-13T12:23:05.338-07:00 level=WARN msg="the characterization this SLO came from is flagged" reason="4 of 36 probes flagged: still warming up: the first half of the measured window was 26% slower than the second by TTFT p50, over a 25% threshold. Lengthen the warm-up and re-run (replica-1-c32-r1, replica-3-c32-r1, replica-5-c32-r1 and 1 more)"
time=2026-09-13T12:23:05.338-07:00 level=INFO msg="sampling GPUs for contamination and throttling" gpus=0,1,2,4,5 replica_pids="[3340105 3341630 3343253 3344786 3346295]" interval=5s thermal_share_threshold=0.5
time=2026-09-13T12:23:05.339-07:00 level=INFO msg=offering workload="multiturn(sessions=307,ws=1,skew=1,turns=4,prompt=448t,output=64t,system=0.3x128t,branch=0.3x8fam1t,bpt=4,seed=1,usage=on)"
time=2026-09-13T12:23:05.341-07:00 level=INFO msg="router is up and running the policy these cells will name" router=http://127.0.0.1:8080 policy=prefix_affinity spill="hit<0.70 load>off" hash=off replicas=5
time=2026-09-13T12:23:05.349-07:00 level=INFO msg="fleet is up" replicas=5
time=2026-09-13T12:23:07.831-07:00 level=INFO msg="fleet warmed" replicas=5 requests_each=3
time=2026-09-13T12:23:07.833-07:00 level=INFO msg="running cell" cell=prefix_affinity-c32-r1 driver=closed_loop load="32 users" duration=5m0s
time=2026-09-13T12:28:09.046-07:00 level=INFO msg="cell complete" cell=prefix_affinity-c32-r1 driver=closed_loop requests=2006 successes=2006 dropped=0 failed=0 slo_violations=667 goodput_rps=5.388753832192679 clean=true throttled=false flagged=true
time=2026-09-13T12:28:09.046-07:00 level=INFO msg="cell is cached, not re-running" cell=prefix_affinity-c32-r2 goodput_rps=7.0042125675915345 flagged=false
time=2026-09-13T12:28:09.046-07:00 level=INFO msg="cell is cached, not re-running" cell=prefix_affinity-c32-r3 goodput_rps=2.910116011293316 flagged=false

| driver | load | rep | goodput/s | tput/s | TTFT p50 | TTFT p99 | ITL p50 | reqs | ok | dropped | failed | SLO viol | clean | flagged |
|---|---:|---:|---:|---:|---:|---:|---:|---:|---:|---:|---:|---:|:--:|:--|
| closed-loop | 32 users | 1 | 5.39 | 8.07 | 419ms | 8873ms | 14ms | 2006 | 2006 | 0 | 0 | 667 | yes | **1** |
| closed-loop | 32 users | 2 | 7.00 | 9.26 | 410ms | 9659ms | 15ms | 2317 | 2317 | 0 | 0 | 565 | yes |  |
| closed-loop | 32 users | 3 | 2.91 | 6.05 | 785ms | 9084ms | 16ms | 1530 | 1530 | 0 | 0 | 794 | yes |  |

Flagged cells — these are not averaged in without being read first:

- `prefix_affinity-c32-r1`: still warming up: the first half of the measured window was 107% slower than the second by TTFT p50, over a 25% threshold. Lengthen the warm-up and re-run
time=2026-09-13T12:28:09.356-07:00 level=INFO msg="compacted the run" requests=7134 cells=3 requests_parquet=runs/pressure-residency/m0.70/ws1-skew1/requests.parquet cells_parquet=runs/pressure-residency/m0.70/ws1-skew1/cells.parquet results=runs/pressure-residency/m0.70/ws1-skew1/results.md
time=2026-09-13T12:28:09.376-07:00 level=INFO msg="SLO read from the characterization rather than retyped" record=slo/characterization.json slo="TTFT < 990ms, inter-token p50 < 24ms (3x the measured floor of 329ms and 7.8ms)" measured_at=2026-09-07T07:50:38.074Z
time=2026-09-13T12:28:09.376-07:00 level=WARN msg="the characterization does not find the replicas interchangeable, so a policy difference in this sweep could be host asymmetry rather than the policy" record=slo/characterization.json
time=2026-09-13T12:28:09.376-07:00 level=WARN msg="the characterization this SLO came from is flagged" reason="replica symmetry is unresolved at one or more levels: at concurrency 32, TTFT p50 spread 22.1% over the 8.0% tolerance: replica-5 at 1.292s against replica-4 at 1.058s; at concurrency 32 that spread is not resolvable: one replica varies 36.3% against itself between repetitions, wider than the 8.0% tolerance, so the difference between replicas is inside the measurement's own noise. Lengthen the probe or add repetitions rather than acting on it"
time=2026-09-13T12:28:09.376-07:00 level=WARN msg="the characterization this SLO came from is flagged" reason="4 of 36 probes flagged: still warming up: the first half of the measured window was 26% slower than the second by TTFT p50, over a 25% threshold. Lengthen the warm-up and re-run (replica-1-c32-r1, replica-3-c32-r1, replica-5-c32-r1 and 1 more)"
time=2026-09-13T12:28:09.377-07:00 level=INFO msg="sampling GPUs for contamination and throttling" gpus=0,1,2,4,5 replica_pids="[3340105 3341630 3343253 3344786 3346295]" interval=5s thermal_share_threshold=0.5
time=2026-09-13T12:28:09.377-07:00 level=INFO msg=offering workload="multiturn(sessions=922,ws=3,skew=1,turns=4,prompt=448t,output=64t,system=0.3x128t,branch=0.3x8fam1t,bpt=4,seed=1,usage=on)"
time=2026-09-13T12:28:09.380-07:00 level=INFO msg="router is up and running the policy these cells will name" router=http://127.0.0.1:8080 policy=prefix_affinity spill="hit<0.70 load>off" hash=off replicas=5
time=2026-09-13T12:28:09.388-07:00 level=INFO msg="fleet is up" replicas=5
time=2026-09-13T12:28:12.080-07:00 level=INFO msg="fleet warmed" replicas=5 requests_each=3
time=2026-09-13T12:28:12.081-07:00 level=INFO msg="cell is cached, not re-running" cell=prefix_affinity-c32-r1 goodput_rps=2.643520484128693 flagged=false
time=2026-09-13T12:28:22.088-07:00 level=INFO msg="running cell" cell=prefix_affinity-c32-r2 driver=closed_loop load="32 users" duration=5m0s
time=2026-09-13T12:33:32.010-07:00 level=INFO msg="cell complete" cell=prefix_affinity-c32-r2 driver=closed_loop requests=1459 successes=1459 dropped=0 failed=0 slo_violations=793 goodput_rps=2.5653471834048647 clean=true throttled=false flagged=false
time=2026-09-13T12:33:32.010-07:00 level=INFO msg="cell is cached, not re-running" cell=prefix_affinity-c32-r3 goodput_rps=3.058997539854803 flagged=false

| driver | load | rep | goodput/s | tput/s | TTFT p50 | TTFT p99 | ITL p50 | reqs | ok | dropped | failed | SLO viol | clean | flagged |
|---|---:|---:|---:|---:|---:|---:|---:|---:|---:|---:|---:|---:|:--:|:--|
| closed-loop | 32 users | 1 | 2.64 | 5.43 | 811ms | 12284ms | 13ms | 1401 | 1401 | 0 | 0 | 719 | yes |  |
| closed-loop | 32 users | 2 | 2.57 | 5.62 | 930ms | 11242ms | 15ms | 1459 | 1459 | 0 | 0 | 793 | yes |  |
| closed-loop | 32 users | 3 | 3.06 | 5.72 | 645ms | 13574ms | 13ms | 1437 | 1437 | 0 | 0 | 668 | yes |  |
time=2026-09-13T12:33:32.246-07:00 level=INFO msg="compacted the run" requests=5568 cells=3 requests_parquet=runs/pressure-residency/m0.70/ws3-skew1/requests.parquet cells_parquet=runs/pressure-residency/m0.70/ws3-skew1/cells.parquet results=runs/pressure-residency/m0.70/ws3-skew1/results.md
stopping replica-5 (PID 3346295)
stopping replica-4 (PID 3344786)
stopping replica-2 (PID 3343253)
stopping replica-1 (PID 3341630)
stopping replica-0 (PID 3340105)
