0, 2026/09/07 20:13:03.927, 30, 210 MHz, 22.19 W, 280.00 W, 0 %, 0x0000000000000001
1, 2026/09/07 20:13:03.941, 31, 210 MHz, 18.93 W, 280.00 W, 0 %, 0x0000000000000001
2, 2026/09/07 20:13:03.952, 31, 210 MHz, 21.73 W, 280.00 W, 0 %, 0x0000000000000001
3, 2026/09/07 20:13:03.962, 34, 210 MHz, 22.10 W, 280.00 W, 0 %, 0x0000000000000001
4, 2026/09/07 20:13:03.971, 34, 210 MHz, 24.99 W, 280.00 W, 0 %, 0x0000000000000001
5, 2026/09/07 20:13:03.981, 41, 210 MHz, 68.54 W, 280.00 W, 0 %, 0x0000000000000001
0, 2026/09/07 20:13:05.990, 30, 210 MHz, 22.19 W, 280.00 W, 0 %, 0x0000000000000001
1, 2026/09/07 20:13:05.992, 31, 210 MHz, 18.93 W, 280.00 W, 0 %, 0x0000000000000001
2, 2026/09/07 20:13:05.993, 31, 210 MHz, 21.68 W, 280.00 W, 0 %, 0x0000000000000001
3, 2026/09/07 20:13:05.995, 34, 210 MHz, 22.25 W, 280.00 W, 0 %, 0x0000000000000001
4, 2026/09/07 20:13:05.996, 34, 210 MHz, 24.83 W, 280.00 W, 0 %, 0x0000000000000001
5, 2026/09/07 20:13:05.998, 40, 210 MHz, 22.85 W, 280.00 W, 0 %, 0x0000000000000001
0, 2026/09/07 20:13:08.000, 29, 210 MHz, 22.15 W, 280.00 W, 0 %, 0x0000000000000001
1, 2026/09/07 20:13:08.001, 31, 210 MHz, 19.03 W, 280.00 W, 0 %, 0x0000000000000001
2, 2026/09/07 20:13:08.002, 31, 210 MHz, 21.62 W, 280.00 W, 0 %, 0x0000000000000001
3, 2026/09/07 20:13:08.004, 34, 210 MHz, 22.62 W, 280.00 W, 0 %, 0x0000000000000001
4, 2026/09/07 20:13:08.005, 34, 210 MHz, 24.79 W, 280.00 W, 0 %, 0x0000000000000001
5, 2026/09/07 20:13:08.006, 39, 210 MHz, 22.61 W, 280.00 W, 0 %, 0x0000000000000001
0, 2026/09/07 20:13:10.008, 30, 210 MHz, 22.02 W, 280.00 W, 0 %, 0x0000000000000001
1, 2026/09/07 20:13:10.009, 31, 210 MHz, 18.87 W, 280.00 W, 0 %, 0x0000000000000001
2, 2026/09/07 20:13:10.010, 31, 210 MHz, 21.54 W, 280.00 W, 0 %, 0x0000000000000001
3, 2026/09/07 20:13:10.012, 34, 210 MHz, 22.54 W, 280.00 W, 0 %, 0x0000000000000001
4, 2026/09/07 20:13:10.013, 34, 210 MHz, 24.90 W, 280.00 W, 0 %, 0x0000000000000001
5, 2026/09/07 20:13:10.015, 38, 210 MHz, 22.77 W, 280.00 W, 0 %, 0x0000000000000001
0, 2026/09/07 20:13:12.016, 30, 210 MHz, 22.10 W, 280.00 W, 0 %, 0x0000000000000001
1, 2026/09/07 20:13:12.018, 31, 210 MHz, 18.86 W, 280.00 W, 0 %, 0x0000000000000001
2, 2026/09/07 20:13:12.019, 31, 210 MHz, 21.67 W, 280.00 W, 0 %, 0x0000000000000001
3, 2026/09/07 20:13:12.021, 34, 210 MHz, 22.36 W, 280.00 W, 0 %, 0x0000000000000001
4, 2026/09/07 20:13:12.022, 34, 210 MHz, 24.71 W, 280.00 W, 0 %, 0x0000000000000001
5, 2026/09/07 20:13:12.023, 37, 210 MHz, 22.51 W, 280.00 W, 0 %, 0x0000000000000001
0, 2026/09/07 20:13:14.024, 29, 210 MHz, 22.21 W, 280.00 W, 0 %, 0x0000000000000001
1, 2026/09/07 20:13:14.026, 31, 210 MHz, 19.06 W, 280.00 W, 0 %, 0x0000000000000001
2, 2026/09/07 20:13:14.027, 31, 210 MHz, 21.71 W, 280.00 W, 0 %, 0x0000000000000001
3, 2026/09/07 20:13:14.028, 34, 210 MHz, 22.47 W, 280.00 W, 0 %, 0x0000000000000001
4, 2026/09/07 20:13:14.029, 34, 210 MHz, 24.97 W, 280.00 W, 0 %, 0x0000000000000001
5, 2026/09/07 20:13:14.031, 37, 210 MHz, 22.83 W, 280.00 W, 0 %, 0x0000000000000001
0, 2026/09/07 20:13:16.033, 29, 210 MHz, 22.09 W, 280.00 W, 0 %, 0x0000000000000001
1, 2026/09/07 20:13:16.034, 31, 210 MHz, 19.02 W, 280.00 W, 0 %, 0x0000000000000001
2, 2026/09/07 20:13:16.035, 31, 210 MHz, 21.76 W, 280.00 W, 0 %, 0x0000000000000001
3, 2026/09/07 20:13:16.037, 34, 210 MHz, 22.11 W, 280.00 W, 0 %, 0x0000000000000001
4, 2026/09/07 20:13:16.038, 34, 210 MHz, 24.84 W, 280.00 W, 0 %, 0x0000000000000001
5, 2026/09/07 20:13:16.039, 37, 210 MHz, 22.51 W, 280.00 W, 0 %, 0x0000000000000001
0, 2026/09/07 20:13:18.041, 29, 210 MHz, 22.13 W, 280.00 W, 0 %, 0x0000000000000001
1, 2026/09/07 20:13:18.043, 31, 210 MHz, 18.85 W, 280.00 W, 0 %, 0x0000000000000001
2, 2026/09/07 20:13:18.044, 31, 210 MHz, 21.55 W, 280.00 W, 0 %, 0x0000000000000001
3, 2026/09/07 20:13:18.045, 34, 210 MHz, 22.13 W, 280.00 W, 0 %, 0x0000000000000001
4, 2026/09/07 20:13:18.047, 34, 210 MHz, 25.11 W, 280.00 W, 0 %, 0x0000000000000001
5, 2026/09/07 20:13:18.048, 36, 210 MHz, 22.53 W, 280.00 W, 0 %, 0x0000000000000001
0, 2026/09/07 20:13:20.049, 29, 210 MHz, 22.17 W, 280.00 W, 0 %, 0x0000000000000001
1, 2026/09/07 20:13:20.050, 31, 210 MHz, 18.97 W, 280.00 W, 0 %, 0x0000000000000001
2, 2026/09/07 20:13:20.051, 31, 210 MHz, 21.68 W, 280.00 W, 0 %, 0x0000000000000001
3, 2026/09/07 20:13:20.052, 34, 210 MHz, 22.28 W, 280.00 W, 0 %, 0x0000000000000001
4, 2026/09/07 20:13:20.053, 34, 210 MHz, 24.80 W, 280.00 W, 0 %, 0x0000000000000001
5, 2026/09/07 20:13:20.054, 36, 210 MHz, 22.56 W, 280.00 W, 0 %, 0x0000000000000001
0, 2026/09/07 20:13:22.055, 29, 210 MHz, 22.18 W, 280.00 W, 0 %, 0x0000000000000001
1, 2026/09/07 20:13:22.056, 31, 210 MHz, 18.94 W, 280.00 W, 0 %, 0x0000000000000001
2, 2026/09/07 20:13:22.058, 31, 210 MHz, 21.65 W, 280.00 W, 0 %, 0x0000000000000001
3, 2026/09/07 20:13:22.059, 34, 210 MHz, 22.47 W, 280.00 W, 0 %, 0x0000000000000001
4, 2026/09/07 20:13:22.060, 34, 210 MHz, 24.70 W, 280.00 W, 0 %, 0x0000000000000001
5, 2026/09/07 20:13:22.061, 36, 210 MHz, 22.58 W, 280.00 W, 0 %, 0x0000000000000001
0, 2026/09/07 20:13:24.062, 29, 210 MHz, 22.25 W, 280.00 W, 0 %, 0x0000000000000001
1, 2026/09/07 20:13:24.063, 31, 210 MHz, 18.82 W, 280.00 W, 0 %, 0x0000000000000001
2, 2026/09/07 20:13:24.064, 31, 210 MHz, 21.48 W, 280.00 W, 0 %, 0x0000000000000001
3, 2026/09/07 20:13:24.065, 34, 210 MHz, 22.24 W, 280.00 W, 0 %, 0x0000000000000001
4, 2026/09/07 20:13:24.067, 34, 210 MHz, 24.64 W, 280.00 W, 0 %, 0x0000000000000001
5, 2026/09/07 20:13:24.068, 35, 210 MHz, 22.57 W, 280.00 W, 0 %, 0x0000000000000001
0, 2026/09/07 20:13:26.069, 29, 210 MHz, 22.14 W, 280.00 W, 0 %, 0x0000000000000001
1, 2026/09/07 20:13:26.070, 31, 210 MHz, 18.70 W, 280.00 W, 0 %, 0x0000000000000001
2, 2026/09/07 20:13:26.070, 31, 210 MHz, 21.56 W, 280.00 W, 0 %, 0x0000000000000001
3, 2026/09/07 20:13:26.072, 34, 210 MHz, 22.38 W, 280.00 W, 0 %, 0x0000000000000001
4, 2026/09/07 20:13:26.073, 34, 210 MHz, 24.57 W, 280.00 W, 0 %, 0x0000000000000001
5, 2026/09/07 20:13:26.074, 35, 210 MHz, 22.40 W, 280.00 W, 0 %, 0x0000000000000001
0, 2026/09/07 20:13:28.075, 29, 210 MHz, 22.28 W, 280.00 W, 0 %, 0x0000000000000001
1, 2026/09/07 20:13:28.076, 31, 210 MHz, 18.86 W, 280.00 W, 0 %, 0x0000000000000001
2, 2026/09/07 20:13:28.077, 31, 210 MHz, 21.68 W, 280.00 W, 0 %, 0x0000000000000001
3, 2026/09/07 20:13:28.077, 34, 210 MHz, 22.32 W, 280.00 W, 0 %, 0x0000000000000001
4, 2026/09/07 20:13:28.078, 34, 210 MHz, 24.69 W, 280.00 W, 0 %, 0x0000000000000001
5, 2026/09/07 20:13:28.079, 35, 210 MHz, 22.35 W, 280.00 W, 0 %, 0x0000000000000001
0, 2026/09/07 20:13:30.080, 29, 210 MHz, 22.15 W, 280.00 W, 0 %, 0x0000000000000001
1, 2026/09/07 20:13:30.081, 31, 210 MHz, 18.83 W, 280.00 W, 0 %, 0x0000000000000001
2, 2026/09/07 20:13:30.082, 31, 210 MHz, 21.58 W, 280.00 W, 0 %, 0x0000000000000001
3, 2026/09/07 20:13:30.083, 34, 210 MHz, 22.26 W, 280.00 W, 0 %, 0x0000000000000001
4, 2026/09/07 20:13:30.083, 34, 210 MHz, 24.91 W, 280.00 W, 0 %, 0x0000000000000001
5, 2026/09/07 20:13:30.084, 35, 210 MHz, 22.48 W, 280.00 W, 0 %, 0x0000000000000001
0, 2026/09/07 20:13:32.085, 29, 210 MHz, 22.09 W, 280.00 W, 0 %, 0x0000000000000001
1, 2026/09/07 20:13:32.086, 31, 210 MHz, 18.89 W, 280.00 W, 0 %, 0x0000000000000001
2, 2026/09/07 20:13:32.087, 31, 210 MHz, 21.57 W, 280.00 W, 0 %, 0x0000000000000001
3, 2026/09/07 20:13:32.088, 34, 210 MHz, 22.42 W, 280.00 W, 0 %, 0x0000000000000001
4, 2026/09/07 20:13:32.088, 34, 210 MHz, 24.60 W, 280.00 W, 0 %, 0x0000000000000001
5, 2026/09/07 20:13:32.089, 35, 210 MHz, 22.45 W, 280.00 W, 0 %, 0x0000000000000001
0, 2026/09/07 20:13:34.090, 29, 210 MHz, 22.33 W, 280.00 W, 0 %, 0x0000000000000001
1, 2026/09/07 20:13:34.092, 31, 210 MHz, 18.92 W, 280.00 W, 0 %, 0x0000000000000001
2, 2026/09/07 20:13:34.094, 31, 210 MHz, 21.78 W, 280.00 W, 0 %, 0x0000000000000001
3, 2026/09/07 20:13:34.095, 34, 210 MHz, 22.19 W, 280.00 W, 0 %, 0x0000000000000001
4, 2026/09/07 20:13:34.096, 34, 210 MHz, 24.45 W, 280.00 W, 0 %, 0x0000000000000001
5, 2026/09/07 20:13:34.098, 35, 210 MHz, 22.42 W, 280.00 W, 0 %, 0x0000000000000001
0, 2026/09/07 20:13:36.100, 29, 210 MHz, 22.31 W, 280.00 W, 0 %, 0x0000000000000001
1, 2026/09/07 20:13:36.102, 31, 210 MHz, 18.67 W, 280.00 W, 0 %, 0x0000000000000001
2, 2026/09/07 20:13:36.103, 31, 210 MHz, 21.69 W, 280.00 W, 0 %, 0x0000000000000001
3, 2026/09/07 20:13:36.105, 34, 210 MHz, 22.20 W, 280.00 W, 0 %, 0x0000000000000001
4, 2026/09/07 20:13:36.107, 34, 210 MHz, 24.61 W, 280.00 W, 0 %, 0x0000000000000001
5, 2026/09/07 20:13:36.108, 34, 210 MHz, 22.40 W, 280.00 W, 0 %, 0x0000000000000001
0, 2026/09/07 20:13:38.110, 29, 210 MHz, 22.26 W, 280.00 W, 0 %, 0x0000000000000001
1, 2026/09/07 20:13:38.112, 31, 210 MHz, 18.74 W, 280.00 W, 0 %, 0x0000000000000001
2, 2026/09/07 20:13:38.114, 31, 210 MHz, 21.90 W, 280.00 W, 0 %, 0x0000000000000001
3, 2026/09/07 20:13:38.116, 34, 210 MHz, 22.25 W, 280.00 W, 0 %, 0x0000000000000001
4, 2026/09/07 20:13:38.117, 34, 210 MHz, 24.77 W, 280.00 W, 0 %, 0x0000000000000001
5, 2026/09/07 20:13:38.119, 34, 210 MHz, 22.31 W, 280.00 W, 0 %, 0x0000000000000001
0, 2026/09/07 20:13:40.120, 29, 210 MHz, 22.29 W, 280.00 W, 0 %, 0x0000000000000001
1, 2026/09/07 20:13:40.122, 31, 210 MHz, 18.89 W, 280.00 W, 0 %, 0x0000000000000001
2, 2026/09/07 20:13:40.124, 31, 210 MHz, 21.67 W, 280.00 W, 0 %, 0x0000000000000001
3, 2026/09/07 20:13:40.126, 34, 210 MHz, 22.20 W, 280.00 W, 0 %, 0x0000000000000001
4, 2026/09/07 20:13:40.127, 34, 210 MHz, 24.45 W, 280.00 W, 0 %, 0x0000000000000001
5, 2026/09/07 20:13:40.129, 34, 210 MHz, 22.30 W, 280.00 W, 0 %, 0x0000000000000001
0, 2026/09/07 20:13:42.131, 29, 210 MHz, 22.24 W, 280.00 W, 0 %, 0x0000000000000001
1, 2026/09/07 20:13:42.133, 31, 210 MHz, 18.73 W, 280.00 W, 0 %, 0x0000000000000001
2, 2026/09/07 20:13:42.134, 31, 210 MHz, 21.77 W, 280.00 W, 0 %, 0x0000000000000001
3, 2026/09/07 20:13:42.136, 34, 210 MHz, 22.29 W, 280.00 W, 0 %, 0x0000000000000001
4, 2026/09/07 20:13:42.138, 34, 210 MHz, 24.89 W, 280.00 W, 0 %, 0x0000000000000001
5, 2026/09/07 20:13:42.139, 34, 210 MHz, 22.34 W, 280.00 W, 0 %, 0x0000000000000001
0, 2026/09/07 20:13:44.140, 29, 210 MHz, 22.14 W, 280.00 W, 0 %, 0x0000000000000001
1, 2026/09/07 20:13:44.142, 31, 210 MHz, 18.67 W, 280.00 W, 0 %, 0x0000000000000001
2, 2026/09/07 20:13:44.143, 31, 210 MHz, 21.87 W, 280.00 W, 0 %, 0x0000000000000001
3, 2026/09/07 20:13:44.145, 34, 210 MHz, 22.41 W, 280.00 W, 0 %, 0x0000000000000001
4, 2026/09/07 20:13:44.147, 34, 210 MHz, 24.80 W, 280.00 W, 0 %, 0x0000000000000001
5, 2026/09/07 20:13:44.148, 34, 210 MHz, 21.98 W, 280.00 W, 0 %, 0x0000000000000001
0, 2026/09/07 20:13:46.150, 29, 210 MHz, 22.31 W, 280.00 W, 0 %, 0x0000000000000001
1, 2026/09/07 20:13:46.152, 31, 210 MHz, 18.84 W, 280.00 W, 0 %, 0x0000000000000001
2, 2026/09/07 20:13:46.153, 31, 210 MHz, 21.87 W, 280.00 W, 0 %, 0x0000000000000001
3, 2026/09/07 20:13:46.155, 34, 210 MHz, 22.42 W, 280.00 W, 0 %, 0x0000000000000001
4, 2026/09/07 20:13:46.156, 34, 210 MHz, 24.56 W, 280.00 W, 0 %, 0x0000000000000001
5, 2026/09/07 20:13:46.158, 34, 210 MHz, 22.04 W, 280.00 W, 0 %, 0x0000000000000001
0, 2026/09/07 20:13:48.160, 29, 210 MHz, 22.22 W, 280.00 W, 0 %, 0x0000000000000001
1, 2026/09/07 20:13:48.161, 31, 210 MHz, 18.82 W, 280.00 W, 0 %, 0x0000000000000001
2, 2026/09/07 20:13:48.163, 31, 210 MHz, 21.90 W, 280.00 W, 0 %, 0x0000000000000001
3, 2026/09/07 20:13:48.164, 34, 210 MHz, 22.35 W, 280.00 W, 0 %, 0x0000000000000001
4, 2026/09/07 20:13:48.166, 34, 210 MHz, 24.82 W, 280.00 W, 0 %, 0x0000000000000001
5, 2026/09/07 20:13:48.167, 34, 210 MHz, 21.99 W, 280.00 W, 0 %, 0x0000000000000001
0, 2026/09/07 20:13:50.169, 29, 210 MHz, 22.14 W, 280.00 W, 0 %, 0x0000000000000001
1, 2026/09/07 20:13:50.171, 31, 210 MHz, 18.57 W, 280.00 W, 0 %, 0x0000000000000001
2, 2026/09/07 20:13:50.173, 31, 210 MHz, 21.92 W, 280.00 W, 0 %, 0x0000000000000001
3, 2026/09/07 20:13:50.174, 34, 210 MHz, 22.57 W, 280.00 W, 0 %, 0x0000000000000001
4, 2026/09/07 20:13:50.176, 34, 210 MHz, 24.77 W, 280.00 W, 0 %, 0x0000000000000001
5, 2026/09/07 20:13:50.177, 34, 210 MHz, 21.97 W, 280.00 W, 0 %, 0x0000000000000001
0, 2026/09/07 20:13:52.179, 29, 210 MHz, 22.23 W, 280.00 W, 0 %, 0x0000000000000001
1, 2026/09/07 20:13:52.180, 31, 210 MHz, 18.66 W, 280.00 W, 0 %, 0x0000000000000001
2, 2026/09/07 20:13:52.182, 31, 210 MHz, 21.92 W, 280.00 W, 0 %, 0x0000000000000001
3, 2026/09/07 20:13:52.183, 34, 210 MHz, 22.64 W, 280.00 W, 0 %, 0x0000000000000001
4, 2026/09/07 20:13:52.185, 34, 210 MHz, 24.74 W, 280.00 W, 0 %, 0x0000000000000001
5, 2026/09/07 20:13:52.186, 34, 210 MHz, 21.85 W, 280.00 W, 0 %, 0x0000000000000001
0, 2026/09/07 20:13:54.188, 29, 210 MHz, 22.13 W, 280.00 W, 0 %, 0x0000000000000001
1, 2026/09/07 20:13:54.189, 31, 210 MHz, 18.76 W, 280.00 W, 0 %, 0x0000000000000001
2, 2026/09/07 20:13:54.191, 31, 210 MHz, 21.87 W, 280.00 W, 0 %, 0x0000000000000001
3, 2026/09/07 20:13:54.192, 34, 210 MHz, 22.57 W, 280.00 W, 0 %, 0x0000000000000001
4, 2026/09/07 20:13:54.194, 34, 210 MHz, 24.45 W, 280.00 W, 0 %, 0x0000000000000001
5, 2026/09/07 20:13:54.195, 34, 210 MHz, 21.79 W, 280.00 W, 0 %, 0x0000000000000001
0, 2026/09/07 20:13:56.197, 29, 210 MHz, 22.24 W, 280.00 W, 0 %, 0x0000000000000001
1, 2026/09/07 20:13:56.198, 31, 210 MHz, 18.72 W, 280.00 W, 0 %, 0x0000000000000001
2, 2026/09/07 20:13:56.200, 31, 210 MHz, 21.98 W, 280.00 W, 0 %, 0x0000000000000001
3, 2026/09/07 20:13:56.201, 34, 210 MHz, 22.65 W, 280.00 W, 0 %, 0x0000000000000001
4, 2026/09/07 20:13:56.203, 34, 210 MHz, 24.83 W, 280.00 W, 0 %, 0x0000000000000001
5, 2026/09/07 20:13:56.204, 34, 210 MHz, 21.78 W, 280.00 W, 0 %, 0x0000000000000001
0, 2026/09/07 20:13:58.206, 29, 210 MHz, 22.42 W, 280.00 W, 0 %, 0x0000000000000001
1, 2026/09/07 20:13:58.207, 31, 210 MHz, 18.82 W, 280.00 W, 0 %, 0x0000000000000001
2, 2026/09/07 20:13:58.208, 31, 210 MHz, 22.07 W, 280.00 W, 0 %, 0x0000000000000001
3, 2026/09/07 20:13:58.210, 34, 210 MHz, 22.53 W, 280.00 W, 0 %, 0x0000000000000001
4, 2026/09/07 20:13:58.211, 34, 210 MHz, 24.43 W, 280.00 W, 0 %, 0x0000000000000001
5, 2026/09/07 20:13:58.212, 34, 210 MHz, 21.92 W, 280.00 W, 0 %, 0x0000000000000001
0, 2026/09/07 20:14:00.214, 29, 210 MHz, 22.26 W, 280.00 W, 0 %, 0x0000000000000001
1, 2026/09/07 20:14:00.216, 31, 210 MHz, 18.83 W, 280.00 W, 0 %, 0x0000000000000001
2, 2026/09/07 20:14:00.217, 31, 210 MHz, 22.01 W, 280.00 W, 0 %, 0x0000000000000001
3, 2026/09/07 20:14:00.218, 33, 210 MHz, 22.37 W, 280.00 W, 0 %, 0x0000000000000001
4, 2026/09/07 20:14:00.220, 34, 210 MHz, 24.58 W, 280.00 W, 0 %, 0x0000000000000001
5, 2026/09/07 20:14:00.221, 33, 210 MHz, 21.97 W, 280.00 W, 0 %, 0x0000000000000001
0, 2026/09/07 20:14:02.223, 29, 210 MHz, 22.28 W, 280.00 W, 0 %, 0x0000000000000001
1, 2026/09/07 20:14:02.224, 31, 210 MHz, 18.80 W, 280.00 W, 0 %, 0x0000000000000001
2, 2026/09/07 20:14:02.225, 31, 210 MHz, 21.92 W, 280.00 W, 0 %, 0x0000000000000001
3, 2026/09/07 20:14:02.227, 33, 210 MHz, 22.44 W, 280.00 W, 0 %, 0x0000000000000001
4, 2026/09/07 20:14:02.228, 34, 210 MHz, 24.54 W, 280.00 W, 0 %, 0x0000000000000001
5, 2026/09/07 20:14:02.229, 33, 210 MHz, 22.24 W, 280.00 W, 0 %, 0x0000000000000001
0, 2026/09/07 20:14:04.231, 29, 210 MHz, 22.34 W, 280.00 W, 0 %, 0x0000000000000001
1, 2026/09/07 20:14:04.232, 31, 210 MHz, 18.85 W, 280.00 W, 0 %, 0x0000000000000001
2, 2026/09/07 20:14:04.233, 31, 210 MHz, 21.68 W, 280.00 W, 0 %, 0x0000000000000001
3, 2026/09/07 20:14:04.234, 33, 210 MHz, 22.57 W, 280.00 W, 0 %, 0x0000000000000001
4, 2026/09/07 20:14:04.235, 34, 210 MHz, 24.63 W, 280.00 W, 0 %, 0x0000000000000001
5, 2026/09/07 20:14:04.236, 33, 210 MHz, 21.97 W, 280.00 W, 0 %, 0x0000000000000001
0, 2026/09/07 20:14:06.238, 29, 210 MHz, 22.33 W, 280.00 W, 0 %, 0x0000000000000001
1, 2026/09/07 20:14:06.239, 31, 210 MHz, 19.03 W, 280.00 W, 0 %, 0x0000000000000001
2, 2026/09/07 20:14:06.240, 31, 210 MHz, 21.92 W, 280.00 W, 0 %, 0x0000000000000001
3, 2026/09/07 20:14:06.241, 33, 210 MHz, 22.48 W, 280.00 W, 0 %, 0x0000000000000001
4, 2026/09/07 20:14:06.243, 34, 210 MHz, 24.52 W, 280.00 W, 0 %, 0x0000000000000001
5, 2026/09/07 20:14:06.244, 33, 210 MHz, 21.96 W, 280.00 W, 0 %, 0x0000000000000001
0, 2026/09/07 20:14:08.246, 29, 210 MHz, 22.18 W, 280.00 W, 0 %, 0x0000000000000001
1, 2026/09/07 20:14:08.248, 31, 210 MHz, 18.88 W, 280.00 W, 0 %, 0x0000000000000001
2, 2026/09/07 20:14:08.249, 31, 210 MHz, 21.90 W, 280.00 W, 0 %, 0x0000000000000001
3, 2026/09/07 20:14:08.250, 33, 210 MHz, 22.41 W, 280.00 W, 0 %, 0x0000000000000001
4, 2026/09/07 20:14:08.252, 34, 210 MHz, 24.86 W, 280.00 W, 0 %, 0x0000000000000001
5, 2026/09/07 20:14:08.253, 33, 210 MHz, 22.02 W, 280.00 W, 0 %, 0x0000000000000001
0, 2026/09/07 20:14:10.255, 29, 210 MHz, 22.24 W, 280.00 W, 0 %, 0x0000000000000001
1, 2026/09/07 20:14:10.256, 31, 210 MHz, 18.89 W, 280.00 W, 0 %, 0x0000000000000001
2, 2026/09/07 20:14:10.257, 31, 210 MHz, 21.69 W, 280.00 W, 0 %, 0x0000000000000001
3, 2026/09/07 20:14:10.258, 33, 210 MHz, 22.60 W, 280.00 W, 0 %, 0x0000000000000001
4, 2026/09/07 20:14:10.260, 33, 210 MHz, 24.66 W, 280.00 W, 0 %, 0x0000000000000001
5, 2026/09/07 20:14:10.261, 33, 210 MHz, 21.94 W, 280.00 W, 0 %, 0x0000000000000001
0, 2026/09/07 20:14:12.263, 29, 210 MHz, 22.37 W, 280.00 W, 0 %, 0x0000000000000001
1, 2026/09/07 20:14:12.264, 31, 210 MHz, 18.92 W, 280.00 W, 0 %, 0x0000000000000001
2, 2026/09/07 20:14:12.265, 31, 210 MHz, 21.79 W, 280.00 W, 0 %, 0x0000000000000001
3, 2026/09/07 20:14:12.266, 33, 210 MHz, 22.50 W, 280.00 W, 0 %, 0x0000000000000001
4, 2026/09/07 20:14:12.267, 33, 210 MHz, 24.43 W, 280.00 W, 0 %, 0x0000000000000001
5, 2026/09/07 20:14:12.268, 33, 210 MHz, 22.04 W, 280.00 W, 0 %, 0x0000000000000001
0, 2026/09/07 20:14:14.270, 29, 210 MHz, 22.19 W, 280.00 W, 0 %, 0x0000000000000001
1, 2026/09/07 20:14:14.271, 31, 210 MHz, 18.90 W, 280.00 W, 0 %, 0x0000000000000001
2, 2026/09/07 20:14:14.272, 31, 210 MHz, 21.88 W, 280.00 W, 0 %, 0x0000000000000004
3, 2026/09/07 20:14:14.274, 33, 210 MHz, 22.39 W, 280.00 W, 0 %, 0x0000000000000001
4, 2026/09/07 20:14:14.275, 33, 210 MHz, 24.65 W, 280.00 W, 0 %, 0x0000000000000001
5, 2026/09/07 20:14:14.276, 33, 210 MHz, 22.28 W, 280.00 W, 0 %, 0x0000000000000001
0, 2026/09/07 20:14:16.277, 29, 210 MHz, 22.18 W, 280.00 W, 0 %, 0x0000000000000001
1, 2026/09/07 20:14:16.279, 31, 210 MHz, 18.80 W, 280.00 W, 0 %, 0x0000000000000001
2, 2026/09/07 20:14:16.280, 31, 210 MHz, 21.82 W, 280.00 W, 0 %, 0x0000000000000001
3, 2026/09/07 20:14:16.281, 33, 210 MHz, 22.51 W, 280.00 W, 0 %, 0x0000000000000001
4, 2026/09/07 20:14:16.282, 33, 210 MHz, 24.54 W, 280.00 W, 0 %, 0x0000000000000001
5, 2026/09/07 20:14:16.283, 33, 210 MHz, 22.20 W, 280.00 W, 0 %, 0x0000000000000001
0, 2026/09/07 20:14:18.284, 29, 210 MHz, 22.41 W, 280.00 W, 0 %, 0x0000000000000001
1, 2026/09/07 20:14:18.286, 31, 210 MHz, 18.57 W, 280.00 W, 0 %, 0x0000000000000001
2, 2026/09/07 20:14:18.287, 31, 210 MHz, 21.94 W, 280.00 W, 0 %, 0x0000000000000001
3, 2026/09/07 20:14:18.288, 33, 210 MHz, 22.52 W, 280.00 W, 0 %, 0x0000000000000001
4, 2026/09/07 20:14:18.289, 33, 210 MHz, 24.31 W, 280.00 W, 0 %, 0x0000000000000001
5, 2026/09/07 20:14:18.290, 33, 210 MHz, 21.87 W, 280.00 W, 0 %, 0x0000000000000001
0, 2026/09/07 20:14:20.291, 41, 1620 MHz, 88.23 W, 280.00 W, 100 %, 0x0000000000000004
1, 2026/09/07 20:14:20.292, 31, 1575 MHz, 19.70 W, 280.00 W, 0 %, 0x0000000000000000
2, 2026/09/07 20:14:20.293, 39, 1695 MHz, 50.89 W, 280.00 W, 100 %, 0x0000000000000000
3, 2026/09/07 20:14:20.294, 40, 1695 MHz, 55.46 W, 280.00 W, 100 %, 0x0000000000000004
4, 2026/09/07 20:14:20.294, 48, 1620 MHz, 107.42 W, 280.00 W, 100 %, 0x0000000000000004
5, 2026/09/07 20:14:20.295, 46, 1635 MHz, 91.28 W, 280.00 W, 100 %, 0x0000000000000004
0, 2026/09/07 20:14:22.296, 45, 1950 MHz, 270.22 W, 280.00 W, 33 %, 0x0000000000000004
1, 2026/09/07 20:14:22.297, 48, 1575 MHz, 277.82 W, 280.00 W, 100 %, 0x0000000000000004
2, 2026/09/07 20:14:22.297, 53, 1635 MHz, 279.63 W, 280.00 W, 100 %, 0x0000000000000004
3, 2026/09/07 20:14:22.298, 52, 1620 MHz, 280.08 W, 280.00 W, 100 %, 0x0000000000000004
4, 2026/09/07 20:14:22.298, 53, 1980 MHz, 275.89 W, 280.00 W, 72 %, 0x0000000000000004
5, 2026/09/07 20:14:22.299, 50, 1860 MHz, 269.24 W, 280.00 W, 100 %, 0x0000000000000004
0, 2026/09/07 20:14:24.299, 46, 1605 MHz, 279.45 W, 280.00 W, 100 %, 0x0000000000000004
1, 2026/09/07 20:14:24.300, 42, 1935 MHz, 147.65 W, 280.00 W, 0 %, 0x0000000000000000
2, 2026/09/07 20:14:24.301, 47, 1950 MHz, 157.10 W, 280.00 W, 0 %, 0x0000000000000000
3, 2026/09/07 20:14:24.301, 46, 1950 MHz, 148.85 W, 280.00 W, 0 %, 0x0000000000000000
4, 2026/09/07 20:14:24.302, 48, 1695 MHz, 137.51 W, 280.00 W, 0 %, 0x0000000000000000
5, 2026/09/07 20:14:24.302, 44, 1695 MHz, 126.10 W, 280.00 W, 0 %, 0x0000000000000000
0, 2026/09/07 20:14:26.303, 46, 1860 MHz, 278.26 W, 280.00 W, 88 %, 0x0000000000000004
1, 2026/09/07 20:14:26.303, 41, 1695 MHz, 118.67 W, 280.00 W, 0 %, 0x0000000000000000
2, 2026/09/07 20:14:26.304, 44, 1695 MHz, 119.35 W, 280.00 W, 0 %, 0x0000000000000000
3, 2026/09/07 20:14:26.304, 44, 1695 MHz, 120.57 W, 280.00 W, 0 %, 0x0000000000000000
4, 2026/09/07 20:14:26.304, 46, 1695 MHz, 112.58 W, 280.00 W, 0 %, 0x0000000000000000
5, 2026/09/07 20:14:26.305, 44, 1695 MHz, 106.31 W, 280.00 W, 0 %, 0x0000000000000000
0, 2026/09/07 20:14:28.306, 49, 1575 MHz, 279.92 W, 280.00 W, 100 %, 0x0000000000000004
1, 2026/09/07 20:14:28.306, 41, 1695 MHz, 108.07 W, 280.00 W, 0 %, 0x0000000000000000
2, 2026/09/07 20:14:28.307, 44, 1695 MHz, 107.56 W, 280.00 W, 0 %, 0x0000000000000000
3, 2026/09/07 20:14:28.307, 44, 1695 MHz, 110.55 W, 280.00 W, 0 %, 0x0000000000000000
4, 2026/09/07 20:14:28.308, 46, 1695 MHz, 112.36 W, 280.00 W, 0 %, 0x0000000000000000
5, 2026/09/07 20:14:28.308, 44, 1695 MHz, 106.42 W, 280.00 W, 0 %, 0x0000000000000000
0, 2026/09/07 20:14:30.309, 50, 1695 MHz, 279.61 W, 280.00 W, 100 %, 0x0000000000000004
1, 2026/09/07 20:14:30.310, 41, 1695 MHz, 108.15 W, 280.00 W, 0 %, 0x0000000000000000
2, 2026/09/07 20:14:30.310, 44, 1695 MHz, 107.43 W, 280.00 W, 0 %, 0x0000000000000000
3, 2026/09/07 20:14:30.310, 45, 1695 MHz, 110.51 W, 280.00 W, 0 %, 0x0000000000000000
4, 2026/09/07 20:14:30.311, 46, 1695 MHz, 112.64 W, 280.00 W, 0 %, 0x0000000000000000
5, 2026/09/07 20:14:30.311, 44, 1695 MHz, 106.40 W, 280.00 W, 0 %, 0x0000000000000000
0, 2026/09/07 20:14:32.312, 51, 1545 MHz, 279.57 W, 280.00 W, 100 %, 0x0000000000000004
1, 2026/09/07 20:14:32.314, 41, 1695 MHz, 108.28 W, 280.00 W, 0 %, 0x0000000000000000
2, 2026/09/07 20:14:32.314, 44, 1695 MHz, 107.47 W, 280.00 W, 0 %, 0x0000000000000000
3, 2026/09/07 20:14:32.315, 45, 1695 MHz, 110.74 W, 280.00 W, 0 %, 0x0000000000000000
4, 2026/09/07 20:14:32.315, 47, 1695 MHz, 112.75 W, 280.00 W, 0 %, 0x0000000000000000
5, 2026/09/07 20:14:32.318, 44, 1695 MHz, 106.39 W, 280.00 W, 0 %, 0x0000000000000000
0, 2026/09/07 20:14:34.319, 52, 1590 MHz, 279.86 W, 280.00 W, 100 %, 0x0000000000000004
1, 2026/09/07 20:14:34.319, 42, 1695 MHz, 108.31 W, 280.00 W, 0 %, 0x0000000000000000
2, 2026/09/07 20:14:34.320, 45, 1695 MHz, 107.37 W, 280.00 W, 0 %, 0x0000000000000000
3, 2026/09/07 20:14:34.320, 45, 1695 MHz, 110.78 W, 280.00 W, 0 %, 0x0000000000000000
4, 2026/09/07 20:14:34.321, 47, 1695 MHz, 112.89 W, 280.00 W, 0 %, 0x0000000000000000
5, 2026/09/07 20:14:34.321, 44, 1695 MHz, 106.51 W, 280.00 W, 0 %, 0x0000000000000000
0, 2026/09/07 20:14:36.322, 54, 1590 MHz, 279.76 W, 280.00 W, 100 %, 0x0000000000000004
1, 2026/09/07 20:14:36.322, 42, 1695 MHz, 108.38 W, 280.00 W, 0 %, 0x0000000000000000
2, 2026/09/07 20:14:36.323, 45, 1695 MHz, 107.57 W, 280.00 W, 0 %, 0x0000000000000000
3, 2026/09/07 20:14:36.323, 45, 1695 MHz, 110.69 W, 280.00 W, 0 %, 0x0000000000000000
4, 2026/09/07 20:14:36.324, 47, 1695 MHz, 113.04 W, 280.00 W, 0 %, 0x0000000000000000
5, 2026/09/07 20:14:36.324, 45, 1695 MHz, 106.56 W, 280.00 W, 0 %, 0x0000000000000000
0, 2026/09/07 20:14:38.325, 53, 1590 MHz, 279.57 W, 280.00 W, 100 %, 0x0000000000000004
1, 2026/09/07 20:14:38.325, 42, 1695 MHz, 108.44 W, 280.00 W, 0 %, 0x0000000000000000
2, 2026/09/07 20:14:38.326, 45, 1695 MHz, 107.68 W, 280.00 W, 0 %, 0x0000000000000000
3, 2026/09/07 20:14:38.326, 46, 1695 MHz, 110.87 W, 280.00 W, 0 %, 0x0000000000000000
4, 2026/09/07 20:14:38.326, 47, 1695 MHz, 113.14 W, 280.00 W, 0 %, 0x0000000000000000
5, 2026/09/07 20:14:38.327, 45, 1695 MHz, 106.71 W, 280.00 W, 0 %, 0x0000000000000000
0, 2026/09/07 20:14:40.328, 56, 1560 MHz, 280.92 W, 280.00 W, 100 %, 0x0000000000000004
1, 2026/09/07 20:14:40.328, 38, 210 MHz, 66.72 W, 280.00 W, 0 %, 0x0000000000000001
2, 2026/09/07 20:14:40.330, 41, 270 MHz, 85.21 W, 280.00 W, 0 %, 0x0000000000000001
3, 2026/09/07 20:14:40.332, 41, 270 MHz, 83.36 W, 280.00 W, 0 %, 0x0000000000000001
4, 2026/09/07 20:14:40.334, 42, 210 MHz, 72.07 W, 280.00 W, 0 %, 0x0000000000000001
5, 2026/09/07 20:14:40.335, 40, 210 MHz, 43.50 W, 280.00 W, 0 %, 0x0000000000000001
0, 2026/09/07 20:14:42.337, 55, 1590 MHz, 279.62 W, 280.00 W, 100 %, 0x0000000000000004
1, 2026/09/07 20:14:42.338, 37, 210 MHz, 19.25 W, 280.00 W, 0 %, 0x0000000000000001
2, 2026/09/07 20:14:42.339, 37, 210 MHz, 23.84 W, 280.00 W, 0 %, 0x0000000000000001
3, 2026/09/07 20:14:42.340, 39, 210 MHz, 23.02 W, 280.00 W, 0 %, 0x0000000000000001
4, 2026/09/07 20:14:42.341, 40, 210 MHz, 26.65 W, 280.00 W, 0 %, 0x0000000000000001
5, 2026/09/07 20:14:42.341, 39, 210 MHz, 22.39 W, 280.00 W, 0 %, 0x0000000000000001
0, 2026/09/07 20:14:44.343, 58, 1650 MHz, 279.97 W, 280.00 W, 100 %, 0x0000000000000004
1, 2026/09/07 20:14:44.344, 36, 210 MHz, 19.00 W, 280.00 W, 0 %, 0x0000000000000001
2, 2026/09/07 20:14:44.345, 36, 210 MHz, 22.60 W, 280.00 W, 0 %, 0x0000000000000001
3, 2026/09/07 20:14:44.347, 38, 210 MHz, 22.41 W, 280.00 W, 0 %, 0x0000000000000001
4, 2026/09/07 20:14:44.348, 39, 210 MHz, 25.81 W, 280.00 W, 0 %, 0x0000000000000001
5, 2026/09/07 20:14:44.350, 38, 210 MHz, 22.27 W, 280.00 W, 0 %, 0x0000000000000001
0, 2026/09/07 20:14:46.352, 58, 1650 MHz, 277.68 W, 280.00 W, 100 %, 0x0000000000000004
1, 2026/09/07 20:14:46.352, 36, 210 MHz, 19.17 W, 280.00 W, 0 %, 0x0000000000000001
2, 2026/09/07 20:14:46.354, 36, 210 MHz, 22.42 W, 280.00 W, 0 %, 0x0000000000000001
3, 2026/09/07 20:14:46.356, 38, 210 MHz, 22.72 W, 280.00 W, 0 %, 0x0000000000000001
4, 2026/09/07 20:14:46.358, 38, 210 MHz, 25.45 W, 280.00 W, 0 %, 0x0000000000000001
5, 2026/09/07 20:14:46.360, 37, 210 MHz, 22.27 W, 280.00 W, 0 %, 0x0000000000000001
0, 2026/09/07 20:14:48.361, 58, 1575 MHz, 279.77 W, 280.00 W, 100 %, 0x0000000000000004
1, 2026/09/07 20:14:48.362, 35, 210 MHz, 19.37 W, 280.00 W, 0 %, 0x0000000000000001
2, 2026/09/07 20:14:48.364, 35, 210 MHz, 22.46 W, 280.00 W, 0 %, 0x0000000000000001
3, 2026/09/07 20:14:48.365, 38, 210 MHz, 22.47 W, 280.00 W, 0 %, 0x0000000000000001
4, 2026/09/07 20:14:48.366, 37, 210 MHz, 25.53 W, 280.00 W, 0 %, 0x0000000000000001
5, 2026/09/07 20:14:48.368, 37, 210 MHz, 22.18 W, 280.00 W, 0 %, 0x0000000000000001
0, 2026/09/07 20:14:50.370, 59, 1635 MHz, 277.06 W, 280.00 W, 100 %, 0x0000000000000004
1, 2026/09/07 20:14:50.371, 35, 210 MHz, 19.22 W, 280.00 W, 0 %, 0x0000000000000001
2, 2026/09/07 20:14:50.373, 35, 210 MHz, 22.77 W, 280.00 W, 0 %, 0x0000000000000001
3, 2026/09/07 20:14:50.374, 37, 210 MHz, 22.53 W, 280.00 W, 0 %, 0x0000000000000001
4, 2026/09/07 20:14:50.375, 37, 210 MHz, 25.60 W, 280.00 W, 0 %, 0x0000000000000001
5, 2026/09/07 20:14:50.377, 36, 210 MHz, 22.12 W, 280.00 W, 0 %, 0x0000000000000001
0, 2026/09/07 20:14:52.379, 58, 1725 MHz, 275.57 W, 280.00 W, 72 %, 0x0000000000000004
1, 2026/09/07 20:14:52.380, 35, 210 MHz, 19.11 W, 280.00 W, 0 %, 0x0000000000000001
2, 2026/09/07 20:14:52.380, 34, 210 MHz, 22.36 W, 280.00 W, 0 %, 0x0000000000000001
3, 2026/09/07 20:14:52.381, 37, 210 MHz, 23.36 W, 280.00 W, 0 %, 0x0000000000000001
4, 2026/09/07 20:14:52.382, 37, 210 MHz, 25.50 W, 280.00 W, 0 %, 0x0000000000000004
5, 2026/09/07 20:14:52.383, 36, 210 MHz, 22.02 W, 280.00 W, 0 %, 0x0000000000000001
0, 2026/09/07 20:14:54.384, 60, 1545 MHz, 279.02 W, 280.00 W, 100 %, 0x0000000000000004
1, 2026/09/07 20:14:54.385, 35, 210 MHz, 19.31 W, 280.00 W, 0 %, 0x0000000000000001
2, 2026/09/07 20:14:54.386, 34, 210 MHz, 22.22 W, 280.00 W, 0 %, 0x0000000000000001
3, 2026/09/07 20:14:54.388, 37, 210 MHz, 22.67 W, 280.00 W, 0 %, 0x0000000000000001
4, 2026/09/07 20:14:54.390, 36, 210 MHz, 25.32 W, 280.00 W, 0 %, 0x0000000000000001
5, 2026/09/07 20:14:54.391, 36, 210 MHz, 22.14 W, 280.00 W, 0 %, 0x0000000000000001
0, 2026/09/07 20:14:56.393, 61, 1590 MHz, 277.16 W, 280.00 W, 79 %, 0x0000000000000004
1, 2026/09/07 20:14:56.394, 35, 210 MHz, 19.09 W, 280.00 W, 0 %, 0x0000000000000001
2, 2026/09/07 20:14:56.396, 34, 210 MHz, 22.05 W, 280.00 W, 0 %, 0x0000000000000001
3, 2026/09/07 20:14:56.397, 36, 210 MHz, 22.52 W, 280.00 W, 0 %, 0x0000000000000001
4, 2026/09/07 20:14:56.399, 36, 210 MHz, 25.15 W, 280.00 W, 0 %, 0x0000000000000001
5, 2026/09/07 20:14:56.401, 35, 210 MHz, 22.04 W, 280.00 W, 0 %, 0x0000000000000001
0, 2026/09/07 20:14:58.403, 62, 1590 MHz, 276.79 W, 280.00 W, 78 %, 0x0000000000000004
1, 2026/09/07 20:14:58.403, 35, 210 MHz, 19.06 W, 280.00 W, 0 %, 0x0000000000000001
2, 2026/09/07 20:14:58.405, 34, 210 MHz, 22.15 W, 280.00 W, 0 %, 0x0000000000000001
3, 2026/09/07 20:14:58.406, 36, 210 MHz, 22.51 W, 280.00 W, 0 %, 0x0000000000000001
4, 2026/09/07 20:14:58.408, 36, 210 MHz, 25.10 W, 280.00 W, 0 %, 0x0000000000000001
5, 2026/09/07 20:14:58.410, 35, 210 MHz, 21.95 W, 280.00 W, 0 %, 0x0000000000000001
0, 2026/09/07 20:15:00.412, 62, 1530 MHz, 279.52 W, 280.00 W, 100 %, 0x0000000000000004
1, 2026/09/07 20:15:00.413, 34, 210 MHz, 18.98 W, 280.00 W, 0 %, 0x0000000000000001
2, 2026/09/07 20:15:00.414, 33, 210 MHz, 22.05 W, 280.00 W, 0 %, 0x0000000000000001
3, 2026/09/07 20:15:00.415, 36, 210 MHz, 22.58 W, 280.00 W, 0 %, 0x0000000000000001
4, 2026/09/07 20:15:00.417, 36, 210 MHz, 25.00 W, 280.00 W, 0 %, 0x0000000000000001
5, 2026/09/07 20:15:00.419, 35, 210 MHz, 21.87 W, 280.00 W, 0 %, 0x0000000000000001
0, 2026/09/07 20:15:02.421, 62, 1800 MHz, 279.34 W, 280.00 W, 96 %, 0x0000000000000004
1, 2026/09/07 20:15:02.422, 34, 210 MHz, 19.09 W, 280.00 W, 0 %, 0x0000000000000001
2, 2026/09/07 20:15:02.422, 33, 210 MHz, 21.89 W, 280.00 W, 0 %, 0x0000000000000001
3, 2026/09/07 20:15:02.423, 36, 210 MHz, 22.44 W, 280.00 W, 0 %, 0x0000000000000001
4, 2026/09/07 20:15:02.424, 36, 210 MHz, 25.02 W, 280.00 W, 0 %, 0x0000000000000001
5, 2026/09/07 20:15:02.425, 35, 210 MHz, 21.96 W, 280.00 W, 0 %, 0x0000000000000001
0, 2026/09/07 20:15:04.426, 65, 1485 MHz, 279.15 W, 280.00 W, 100 %, 0x0000000000000004
1, 2026/09/07 20:15:04.427, 34, 210 MHz, 19.25 W, 280.00 W, 0 %, 0x0000000000000001
2, 2026/09/07 20:15:04.428, 33, 210 MHz, 21.84 W, 280.00 W, 0 %, 0x0000000000000001
3, 2026/09/07 20:15:04.429, 36, 210 MHz, 22.58 W, 280.00 W, 0 %, 0x0000000000000001
4, 2026/09/07 20:15:04.430, 35, 210 MHz, 25.05 W, 280.00 W, 0 %, 0x0000000000000001
5, 2026/09/07 20:15:04.432, 35, 210 MHz, 21.90 W, 280.00 W, 0 %, 0x0000000000000001
0, 2026/09/07 20:15:06.434, 64, 1530 MHz, 279.47 W, 280.00 W, 100 %, 0x0000000000000004
1, 2026/09/07 20:15:06.435, 34, 210 MHz, 18.95 W, 280.00 W, 0 %, 0x0000000000000001
2, 2026/09/07 20:15:06.436, 33, 210 MHz, 21.80 W, 280.00 W, 0 %, 0x0000000000000001
3, 2026/09/07 20:15:06.438, 36, 210 MHz, 22.81 W, 280.00 W, 0 %, 0x0000000000000001
4, 2026/09/07 20:15:06.440, 35, 210 MHz, 24.89 W, 280.00 W, 0 %, 0x0000000000000001
5, 2026/09/07 20:15:06.441, 35, 210 MHz, 21.80 W, 280.00 W, 0 %, 0x0000000000000001
0, 2026/09/07 20:15:08.443, 66, 1620 MHz, 277.94 W, 280.00 W, 100 %, 0x0000000000000004
1, 2026/09/07 20:15:08.444, 34, 210 MHz, 19.03 W, 280.00 W, 0 %, 0x0000000000000001
2, 2026/09/07 20:15:08.446, 33, 210 MHz, 21.86 W, 280.00 W, 0 %, 0x0000000000000001
3, 2026/09/07 20:15:08.447, 36, 210 MHz, 22.48 W, 280.00 W, 0 %, 0x0000000000000001
4, 2026/09/07 20:15:08.449, 35, 210 MHz, 24.90 W, 280.00 W, 0 %, 0x0000000000000001
5, 2026/09/07 20:15:08.451, 35, 210 MHz, 22.00 W, 280.00 W, 0 %, 0x0000000000000001
0, 2026/09/07 20:15:10.452, 65, 1545 MHz, 280.08 W, 280.00 W, 100 %, 0x0000000000000004
1, 2026/09/07 20:15:10.453, 34, 210 MHz, 19.27 W, 280.00 W, 0 %, 0x0000000000000001
2, 2026/09/07 20:15:10.455, 33, 210 MHz, 21.76 W, 280.00 W, 0 %, 0x0000000000000001
3, 2026/09/07 20:15:10.456, 36, 210 MHz, 22.35 W, 280.00 W, 0 %, 0x0000000000000001
4, 2026/09/07 20:15:10.457, 35, 210 MHz, 25.09 W, 280.00 W, 0 %, 0x0000000000000001
5, 2026/09/07 20:15:10.459, 34, 210 MHz, 21.97 W, 280.00 W, 0 %, 0x0000000000000001
0, 2026/09/07 20:15:12.461, 67, 1620 MHz, 277.04 W, 280.00 W, 100 %, 0x0000000000000004
1, 2026/09/07 20:15:12.462, 34, 210 MHz, 19.19 W, 280.00 W, 0 %, 0x0000000000000001
2, 2026/09/07 20:15:12.462, 33, 210 MHz, 21.88 W, 280.00 W, 0 %, 0x0000000000000001
3, 2026/09/07 20:15:12.463, 35, 210 MHz, 22.62 W, 280.00 W, 0 %, 0x0000000000000001
4, 2026/09/07 20:15:12.465, 35, 210 MHz, 24.98 W, 280.00 W, 0 %, 0x0000000000000001
5, 2026/09/07 20:15:12.466, 34, 210 MHz, 21.84 W, 280.00 W, 0 %, 0x0000000000000001
0, 2026/09/07 20:15:14.467, 67, 1530 MHz, 280.18 W, 280.00 W, 100 %, 0x0000000000000004
1, 2026/09/07 20:15:14.467, 34, 210 MHz, 19.26 W, 280.00 W, 0 %, 0x0000000000000001
2, 2026/09/07 20:15:14.469, 33, 210 MHz, 21.73 W, 280.00 W, 0 %, 0x0000000000000001
3, 2026/09/07 20:15:14.471, 35, 210 MHz, 22.67 W, 280.00 W, 0 %, 0x0000000000000001
4, 2026/09/07 20:15:14.472, 35, 210 MHz, 24.90 W, 280.00 W, 0 %, 0x0000000000000001
5, 2026/09/07 20:15:14.474, 34, 210 MHz, 22.01 W, 280.00 W, 0 %, 0x0000000000000001
0, 2026/09/07 20:15:16.476, 69, 1515 MHz, 280.41 W, 280.00 W, 100 %, 0x0000000000000004
1, 2026/09/07 20:15:16.477, 34, 210 MHz, 19.36 W, 280.00 W, 0 %, 0x0000000000000001
2, 2026/09/07 20:15:16.478, 33, 210 MHz, 21.87 W, 280.00 W, 0 %, 0x0000000000000001
3, 2026/09/07 20:15:16.480, 35, 210 MHz, 22.56 W, 280.00 W, 0 %, 0x0000000000000001
4, 2026/09/07 20:15:16.481, 35, 210 MHz, 24.95 W, 280.00 W, 0 %, 0x0000000000000001
5, 2026/09/07 20:15:16.482, 34, 210 MHz, 22.00 W, 280.00 W, 0 %, 0x0000000000000001
0, 2026/09/07 20:15:18.483, 68, 1515 MHz, 279.74 W, 280.00 W, 100 %, 0x0000000000000004
1, 2026/09/07 20:15:18.484, 34, 210 MHz, 19.25 W, 280.00 W, 0 %, 0x0000000000000001
2, 2026/09/07 20:15:18.486, 33, 210 MHz, 22.00 W, 280.00 W, 0 %, 0x0000000000000001
3, 2026/09/07 20:15:18.487, 35, 210 MHz, 22.46 W, 280.00 W, 0 %, 0x0000000000000001
4, 2026/09/07 20:15:18.488, 35, 210 MHz, 24.83 W, 280.00 W, 0 %, 0x0000000000000001
5, 2026/09/07 20:15:18.490, 34, 210 MHz, 21.92 W, 280.00 W, 0 %, 0x0000000000000001
0, 2026/09/07 20:15:20.492, 69, 1605 MHz, 277.74 W, 280.00 W, 100 %, 0x0000000000000004
1, 2026/09/07 20:15:20.493, 34, 210 MHz, 19.26 W, 280.00 W, 0 %, 0x0000000000000001
2, 2026/09/07 20:15:20.494, 33, 210 MHz, 21.89 W, 280.00 W, 0 %, 0x0000000000000001
3, 2026/09/07 20:15:20.496, 35, 210 MHz, 22.57 W, 280.00 W, 0 %, 0x0000000000000001
4, 2026/09/07 20:15:20.497, 35, 210 MHz, 24.72 W, 280.00 W, 0 %, 0x0000000000000001
5, 2026/09/07 20:15:20.499, 34, 210 MHz, 21.75 W, 280.00 W, 0 %, 0x0000000000000001
0, 2026/09/07 20:15:22.500, 68, 1515 MHz, 280.53 W, 280.00 W, 100 %, 0x0000000000000004
1, 2026/09/07 20:15:22.501, 34, 210 MHz, 19.26 W, 280.00 W, 0 %, 0x0000000000000001
2, 2026/09/07 20:15:22.502, 33, 210 MHz, 21.87 W, 280.00 W, 0 %, 0x0000000000000001
3, 2026/09/07 20:15:22.503, 35, 210 MHz, 22.42 W, 280.00 W, 0 %, 0x0000000000000001
4, 2026/09/07 20:15:22.504, 35, 210 MHz, 24.81 W, 280.00 W, 0 %, 0x0000000000000001
5, 2026/09/07 20:15:22.505, 34, 210 MHz, 21.70 W, 280.00 W, 0 %, 0x0000000000000001
0, 2026/09/07 20:15:24.506, 62, 1950 MHz, 173.66 W, 280.00 W, 0 %, 0x0000000000000000
1, 2026/09/07 20:15:24.507, 33, 210 MHz, 19.14 W, 280.00 W, 0 %, 0x0000000000000001
2, 2026/09/07 20:15:24.508, 32, 210 MHz, 21.72 W, 280.00 W, 0 %, 0x0000000000000001
3, 2026/09/07 20:15:24.510, 35, 210 MHz, 22.27 W, 280.00 W, 0 %, 0x0000000000000001
4, 2026/09/07 20:15:24.511, 35, 210 MHz, 24.88 W, 280.00 W, 0 %, 0x0000000000000001
5, 2026/09/07 20:15:24.513, 34, 210 MHz, 21.94 W, 280.00 W, 0 %, 0x0000000000000001
0, 2026/09/07 20:15:26.514, 58, 1695 MHz, 139.39 W, 280.00 W, 0 %, 0x0000000000000000
1, 2026/09/07 20:15:26.515, 33, 210 MHz, 19.03 W, 280.00 W, 0 %, 0x0000000000000001
2, 2026/09/07 20:15:26.516, 32, 210 MHz, 21.92 W, 280.00 W, 0 %, 0x0000000000000001
3, 2026/09/07 20:15:26.517, 35, 210 MHz, 22.53 W, 280.00 W, 0 %, 0x0000000000000001
4, 2026/09/07 20:15:26.519, 35, 210 MHz, 24.95 W, 280.00 W, 0 %, 0x0000000000000001
5, 2026/09/07 20:15:26.520, 34, 210 MHz, 22.16 W, 280.00 W, 0 %, 0x0000000000000001
0, 2026/09/07 20:15:28.521, 56, 1695 MHz, 124.87 W, 280.00 W, 0 %, 0x0000000000000000
1, 2026/09/07 20:15:28.522, 47, 1590 MHz, 196.12 W, 280.00 W, 78 %, 0x0000000000000004
2, 2026/09/07 20:15:28.522, 32, 210 MHz, 21.91 W, 280.00 W, 0 %, 0x0000000000000001
3, 2026/09/07 20:15:28.524, 35, 210 MHz, 22.34 W, 280.00 W, 0 %, 0x0000000000000001
4, 2026/09/07 20:15:28.525, 34, 210 MHz, 24.84 W, 280.00 W, 0 %, 0x0000000000000001
5, 2026/09/07 20:15:28.526, 34, 210 MHz, 21.99 W, 280.00 W, 0 %, 0x0000000000000001
0, 2026/09/07 20:15:30.528, 55, 1695 MHz, 123.93 W, 280.00 W, 0 %, 0x0000000000000000
1, 2026/09/07 20:15:30.528, 52, 1560 MHz, 279.22 W, 280.00 W, 95 %, 0x0000000000000004
2, 2026/09/07 20:15:30.529, 32, 210 MHz, 22.13 W, 280.00 W, 0 %, 0x0000000000000004
3, 2026/09/07 20:15:30.530, 35, 210 MHz, 22.50 W, 280.00 W, 0 %, 0x0000000000000001
4, 2026/09/07 20:15:30.531, 34, 210 MHz, 24.91 W, 280.00 W, 0 %, 0x0000000000000004
5, 2026/09/07 20:15:30.532, 34, 210 MHz, 21.84 W, 280.00 W, 0 %, 0x0000000000000001
0, 2026/09/07 20:15:32.533, 54, 1695 MHz, 123.01 W, 280.00 W, 0 %, 0x0000000000000000
1, 2026/09/07 20:15:32.534, 53, 1575 MHz, 280.21 W, 280.00 W, 100 %, 0x0000000000000004
2, 2026/09/07 20:15:32.535, 32, 210 MHz, 21.83 W, 280.00 W, 0 %, 0x0000000000000001
3, 2026/09/07 20:15:32.537, 35, 210 MHz, 22.45 W, 280.00 W, 0 %, 0x0000000000000001
4, 2026/09/07 20:15:32.538, 34, 210 MHz, 24.77 W, 280.00 W, 0 %, 0x0000000000000001
5, 2026/09/07 20:15:32.540, 34, 210 MHz, 21.92 W, 280.00 W, 0 %, 0x0000000000000001
0, 2026/09/07 20:15:34.543, 53, 1695 MHz, 122.18 W, 280.00 W, 0 %, 0x0000000000000000
1, 2026/09/07 20:15:34.543, 53, 1575 MHz, 279.78 W, 280.00 W, 100 %, 0x0000000000000004
2, 2026/09/07 20:15:34.544, 32, 210 MHz, 21.92 W, 280.00 W, 0 %, 0x0000000000000001
3, 2026/09/07 20:15:34.545, 35, 210 MHz, 22.62 W, 280.00 W, 0 %, 0x0000000000000001
4, 2026/09/07 20:15:34.546, 34, 210 MHz, 24.77 W, 280.00 W, 0 %, 0x0000000000000001
5, 2026/09/07 20:15:34.547, 34, 210 MHz, 22.06 W, 280.00 W, 0 %, 0x0000000000000001
0, 2026/09/07 20:15:36.548, 53, 1695 MHz, 120.62 W, 280.00 W, 0 %, 0x0000000000000000
1, 2026/09/07 20:15:36.549, 54, 1590 MHz, 279.10 W, 280.00 W, 100 %, 0x0000000000000004
2, 2026/09/07 20:15:36.549, 32, 210 MHz, 21.87 W, 280.00 W, 0 %, 0x0000000000000001
3, 2026/09/07 20:15:36.550, 35, 210 MHz, 22.39 W, 280.00 W, 0 %, 0x0000000000000001
4, 2026/09/07 20:15:36.551, 34, 210 MHz, 24.86 W, 280.00 W, 0 %, 0x0000000000000001
5, 2026/09/07 20:15:36.552, 34, 210 MHz, 22.01 W, 280.00 W, 0 %, 0x0000000000000001
0, 2026/09/07 20:15:38.553, 52, 1695 MHz, 118.50 W, 280.00 W, 0 %, 0x0000000000000000
1, 2026/09/07 20:15:38.554, 55, 1635 MHz, 277.36 W, 280.00 W, 100 %, 0x0000000000000004
2, 2026/09/07 20:15:38.554, 32, 210 MHz, 21.80 W, 280.00 W, 0 %, 0x0000000000000001
3, 2026/09/07 20:15:38.556, 35, 210 MHz, 22.41 W, 280.00 W, 0 %, 0x0000000000000001
4, 2026/09/07 20:15:38.557, 34, 210 MHz, 24.87 W, 280.00 W, 0 %, 0x0000000000000001
5, 2026/09/07 20:15:38.558, 33, 210 MHz, 22.00 W, 280.00 W, 0 %, 0x0000000000000001
0, 2026/09/07 20:15:40.559, 52, 1695 MHz, 117.79 W, 280.00 W, 0 %, 0x0000000000000001
1, 2026/09/07 20:15:40.560, 55, 1575 MHz, 279.33 W, 280.00 W, 100 %, 0x0000000000000004
2, 2026/09/07 20:15:40.561, 32, 210 MHz, 22.14 W, 280.00 W, 0 %, 0x0000000000000001
3, 2026/09/07 20:15:40.562, 35, 210 MHz, 22.53 W, 280.00 W, 0 %, 0x0000000000000001
4, 2026/09/07 20:15:40.563, 34, 210 MHz, 24.82 W, 280.00 W, 0 %, 0x0000000000000001
5, 2026/09/07 20:15:40.564, 33, 210 MHz, 21.88 W, 280.00 W, 0 %, 0x0000000000000001
0, 2026/09/07 20:15:42.565, 46, 210 MHz, 35.92 W, 280.00 W, 0 %, 0x0000000000000001
1, 2026/09/07 20:15:42.566, 56, 1635 MHz, 277.05 W, 280.00 W, 100 %, 0x0000000000000004
2, 2026/09/07 20:15:42.567, 32, 210 MHz, 22.03 W, 280.00 W, 0 %, 0x0000000000000001
3, 2026/09/07 20:15:42.567, 35, 210 MHz, 22.46 W, 280.00 W, 0 %, 0x0000000000000001
4, 2026/09/07 20:15:42.568, 34, 210 MHz, 24.92 W, 280.00 W, 0 %, 0x0000000000000001
5, 2026/09/07 20:15:42.569, 33, 210 MHz, 21.95 W, 280.00 W, 0 %, 0x0000000000000001
0, 2026/09/07 20:15:44.570, 45, 210 MHz, 25.62 W, 280.00 W, 0 %, 0x0000000000000001
1, 2026/09/07 20:15:44.571, 57, 1560 MHz, 279.52 W, 280.00 W, 100 %, 0x0000000000000004
2, 2026/09/07 20:15:44.571, 32, 210 MHz, 21.79 W, 280.00 W, 0 %, 0x0000000000000001
3, 2026/09/07 20:15:44.572, 35, 210 MHz, 22.37 W, 280.00 W, 0 %, 0x0000000000000001
4, 2026/09/07 20:15:44.573, 34, 210 MHz, 24.87 W, 280.00 W, 0 %, 0x0000000000000001
5, 2026/09/07 20:15:44.574, 33, 210 MHz, 21.72 W, 280.00 W, 0 %, 0x0000000000000001
0, 2026/09/07 20:15:46.575, 43, 210 MHz, 25.44 W, 280.00 W, 0 %, 0x0000000000000001
1, 2026/09/07 20:15:46.576, 58, 1575 MHz, 279.83 W, 280.00 W, 100 %, 0x0000000000000004
2, 2026/09/07 20:15:46.576, 32, 210 MHz, 21.98 W, 280.00 W, 0 %, 0x0000000000000001
3, 2026/09/07 20:15:46.577, 35, 210 MHz, 22.55 W, 280.00 W, 0 %, 0x0000000000000001
4, 2026/09/07 20:15:46.578, 34, 210 MHz, 24.79 W, 280.00 W, 0 %, 0x0000000000000001
5, 2026/09/07 20:15:46.578, 33, 210 MHz, 21.73 W, 280.00 W, 0 %, 0x0000000000000001
0, 2026/09/07 20:15:48.579, 42, 210 MHz, 24.67 W, 280.00 W, 0 %, 0x0000000000000004
1, 2026/09/07 20:15:48.580, 58, 1575 MHz, 279.75 W, 280.00 W, 100 %, 0x0000000000000004
2, 2026/09/07 20:15:48.581, 32, 210 MHz, 21.81 W, 280.00 W, 0 %, 0x0000000000000001
3, 2026/09/07 20:15:48.581, 35, 210 MHz, 22.46 W, 280.00 W, 0 %, 0x0000000000000001
4, 2026/09/07 20:15:48.582, 34, 210 MHz, 24.92 W, 280.00 W, 0 %, 0x0000000000000001
5, 2026/09/07 20:15:48.583, 33, 210 MHz, 21.89 W, 280.00 W, 0 %, 0x0000000000000001
0, 2026/09/07 20:15:50.584, 41, 210 MHz, 24.06 W, 280.00 W, 0 %, 0x0000000000000001
1, 2026/09/07 20:15:50.585, 59, 1635 MHz, 280.76 W, 280.00 W, 100 %, 0x0000000000000004
2, 2026/09/07 20:15:50.586, 32, 210 MHz, 21.94 W, 280.00 W, 0 %, 0x0000000000000001
3, 2026/09/07 20:15:50.588, 35, 210 MHz, 22.56 W, 280.00 W, 0 %, 0x0000000000000001
4, 2026/09/07 20:15:50.590, 34, 210 MHz, 24.85 W, 280.00 W, 0 %, 0x0000000000000001
5, 2026/09/07 20:15:50.591, 33, 210 MHz, 21.72 W, 280.00 W, 0 %, 0x0000000000000001
0, 2026/09/07 20:15:52.593, 41, 210 MHz, 24.08 W, 280.00 W, 0 %, 0x0000000000000001
1, 2026/09/07 20:15:52.594, 59, 1560 MHz, 279.71 W, 280.00 W, 100 %, 0x0000000000000004
2, 2026/09/07 20:15:52.595, 32, 210 MHz, 22.10 W, 280.00 W, 0 %, 0x0000000000000001
3, 2026/09/07 20:15:52.595, 34, 210 MHz, 22.74 W, 280.00 W, 0 %, 0x0000000000000001
4, 2026/09/07 20:15:52.596, 34, 210 MHz, 24.85 W, 280.00 W, 0 %, 0x0000000000000001
5, 2026/09/07 20:15:52.597, 33, 210 MHz, 21.74 W, 280.00 W, 0 %, 0x0000000000000001
0, 2026/09/07 20:15:54.598, 40, 210 MHz, 23.65 W, 280.00 W, 0 %, 0x0000000000000001
1, 2026/09/07 20:15:54.600, 60, 1635 MHz, 277.89 W, 280.00 W, 100 %, 0x0000000000000004
2, 2026/09/07 20:15:54.600, 32, 210 MHz, 22.08 W, 280.00 W, 0 %, 0x0000000000000001
3, 2026/09/07 20:15:54.602, 34, 210 MHz, 22.58 W, 280.00 W, 0 %, 0x0000000000000001
4, 2026/09/07 20:15:54.604, 34, 210 MHz, 25.22 W, 280.00 W, 0 %, 0x0000000000000001
5, 2026/09/07 20:15:54.605, 33, 210 MHz, 21.80 W, 280.00 W, 0 %, 0x0000000000000001
0, 2026/09/07 20:15:56.607, 40, 210 MHz, 23.39 W, 280.00 W, 0 %, 0x0000000000000001
1, 2026/09/07 20:15:56.609, 60, 1560 MHz, 279.88 W, 280.00 W, 100 %, 0x0000000000000004
2, 2026/09/07 20:15:56.609, 32, 210 MHz, 21.87 W, 280.00 W, 0 %, 0x0000000000000001
3, 2026/09/07 20:15:56.611, 34, 210 MHz, 22.51 W, 280.00 W, 0 %, 0x0000000000000001
4, 2026/09/07 20:15:56.613, 34, 210 MHz, 25.25 W, 280.00 W, 0 %, 0x0000000000000004
5, 2026/09/07 20:15:56.614, 33, 210 MHz, 21.60 W, 280.00 W, 0 %, 0x0000000000000001
0, 2026/09/07 20:15:58.616, 39, 210 MHz, 23.34 W, 280.00 W, 0 %, 0x0000000000000001
1, 2026/09/07 20:15:58.617, 61, 1620 MHz, 277.00 W, 280.00 W, 100 %, 0x0000000000000004
2, 2026/09/07 20:15:58.618, 32, 210 MHz, 22.01 W, 280.00 W, 0 %, 0x0000000000000001
3, 2026/09/07 20:15:58.620, 34, 210 MHz, 22.60 W, 280.00 W, 0 %, 0x0000000000000001
4, 2026/09/07 20:15:58.621, 34, 210 MHz, 25.06 W, 280.00 W, 0 %, 0x0000000000000001
5, 2026/09/07 20:15:58.623, 33, 210 MHz, 21.63 W, 280.00 W, 0 %, 0x0000000000000001
0, 2026/09/07 20:16:00.625, 39, 210 MHz, 23.32 W, 280.00 W, 0 %, 0x0000000000000001
1, 2026/09/07 20:16:00.627, 62, 1545 MHz, 280.34 W, 280.00 W, 100 %, 0x0000000000000004
2, 2026/09/07 20:16:00.627, 32, 210 MHz, 21.72 W, 280.00 W, 0 %, 0x0000000000000001
3, 2026/09/07 20:16:00.628, 34, 210 MHz, 22.40 W, 280.00 W, 0 %, 0x0000000000000001
4, 2026/09/07 20:16:00.630, 34, 210 MHz, 25.10 W, 280.00 W, 0 %, 0x0000000000000001
5, 2026/09/07 20:16:00.631, 33, 210 MHz, 21.86 W, 280.00 W, 0 %, 0x0000000000000001
0, 2026/09/07 20:16:02.633, 38, 210 MHz, 23.05 W, 280.00 W, 0 %, 0x0000000000000001
1, 2026/09/07 20:16:02.634, 61, 1575 MHz, 277.56 W, 280.00 W, 92 %, 0x0000000000000004
2, 2026/09/07 20:16:02.635, 32, 210 MHz, 21.86 W, 280.00 W, 0 %, 0x0000000000000001
3, 2026/09/07 20:16:02.637, 34, 210 MHz, 22.54 W, 280.00 W, 0 %, 0x0000000000000001
4, 2026/09/07 20:16:02.638, 34, 210 MHz, 25.19 W, 280.00 W, 0 %, 0x0000000000000004
5, 2026/09/07 20:16:02.639, 33, 210 MHz, 21.80 W, 280.00 W, 0 %, 0x0000000000000001
0, 2026/09/07 20:16:04.640, 38, 210 MHz, 22.89 W, 280.00 W, 0 %, 0x0000000000000001
1, 2026/09/07 20:16:04.642, 63, 1545 MHz, 279.83 W, 280.00 W, 100 %, 0x0000000000000004
2, 2026/09/07 20:16:04.643, 32, 210 MHz, 21.95 W, 280.00 W, 0 %, 0x0000000000000001
3, 2026/09/07 20:16:04.644, 34, 210 MHz, 22.55 W, 280.00 W, 0 %, 0x0000000000000001
4, 2026/09/07 20:16:04.645, 34, 210 MHz, 25.13 W, 280.00 W, 0 %, 0x0000000000000004
5, 2026/09/07 20:16:04.647, 33, 210 MHz, 21.61 W, 280.00 W, 0 %, 0x0000000000000001
0, 2026/09/07 20:16:06.649, 38, 210 MHz, 23.16 W, 280.00 W, 0 %, 0x0000000000000001
1, 2026/09/07 20:16:06.650, 63, 1620 MHz, 277.95 W, 280.00 W, 100 %, 0x0000000000000004
2, 2026/09/07 20:16:06.651, 32, 210 MHz, 21.87 W, 280.00 W, 0 %, 0x0000000000000001
3, 2026/09/07 20:16:06.652, 34, 210 MHz, 22.62 W, 280.00 W, 0 %, 0x0000000000000001
4, 2026/09/07 20:16:06.654, 34, 210 MHz, 25.12 W, 280.00 W, 0 %, 0x0000000000000001
5, 2026/09/07 20:16:06.655, 33, 210 MHz, 21.68 W, 280.00 W, 0 %, 0x0000000000000001
0, 2026/09/07 20:16:08.657, 37, 210 MHz, 23.33 W, 280.00 W, 0 %, 0x0000000000000001
1, 2026/09/07 20:16:08.659, 63, 1545 MHz, 280.19 W, 280.00 W, 100 %, 0x0000000000000004
2, 2026/09/07 20:16:08.659, 32, 210 MHz, 22.05 W, 280.00 W, 0 %, 0x0000000000000001
3, 2026/09/07 20:16:08.661, 34, 210 MHz, 22.62 W, 280.00 W, 0 %, 0x0000000000000001
4, 2026/09/07 20:16:08.662, 34, 210 MHz, 25.18 W, 280.00 W, 0 %, 0x0000000000000004
5, 2026/09/07 20:16:08.663, 33, 210 MHz, 21.52 W, 280.00 W, 0 %, 0x0000000000000001
0, 2026/09/07 20:16:10.665, 37, 210 MHz, 23.01 W, 280.00 W, 0 %, 0x0000000000000001
1, 2026/09/07 20:16:10.666, 64, 1560 MHz, 279.82 W, 280.00 W, 100 %, 0x0000000000000004
2, 2026/09/07 20:16:10.667, 32, 210 MHz, 21.90 W, 280.00 W, 0 %, 0x0000000000000001
3, 2026/09/07 20:16:10.668, 34, 210 MHz, 22.57 W, 280.00 W, 0 %, 0x0000000000000001
4, 2026/09/07 20:16:10.669, 34, 210 MHz, 25.07 W, 280.00 W, 0 %, 0x0000000000000004
5, 2026/09/07 20:16:10.671, 33, 210 MHz, 21.54 W, 280.00 W, 0 %, 0x0000000000000001
0, 2026/09/07 20:16:12.672, 37, 210 MHz, 22.75 W, 280.00 W, 0 %, 0x0000000000000001
1, 2026/09/07 20:16:12.673, 64, 1620 MHz, 276.39 W, 280.00 W, 78 %, 0x0000000000000004
2, 2026/09/07 20:16:12.674, 32, 210 MHz, 22.17 W, 280.00 W, 0 %, 0x0000000000000001
3, 2026/09/07 20:16:12.674, 34, 210 MHz, 22.65 W, 280.00 W, 0 %, 0x0000000000000001
4, 2026/09/07 20:16:12.675, 34, 210 MHz, 25.17 W, 280.00 W, 0 %, 0x0000000000000001
5, 2026/09/07 20:16:12.676, 33, 210 MHz, 21.65 W, 280.00 W, 0 %, 0x0000000000000001
0, 2026/09/07 20:16:14.677, 37, 210 MHz, 22.65 W, 280.00 W, 0 %, 0x0000000000000001
1, 2026/09/07 20:16:14.678, 64, 1530 MHz, 279.53 W, 280.00 W, 100 %, 0x0000000000000004
2, 2026/09/07 20:16:14.679, 32, 210 MHz, 22.01 W, 280.00 W, 0 %, 0x0000000000000001
3, 2026/09/07 20:16:14.681, 34, 210 MHz, 22.55 W, 280.00 W, 0 %, 0x0000000000000001
4, 2026/09/07 20:16:14.682, 34, 210 MHz, 25.20 W, 280.00 W, 0 %, 0x0000000000000004
5, 2026/09/07 20:16:14.683, 33, 210 MHz, 21.87 W, 280.00 W, 0 %, 0x0000000000000001
0, 2026/09/07 20:16:16.685, 37, 210 MHz, 22.62 W, 280.00 W, 0 %, 0x0000000000000001
1, 2026/09/07 20:16:16.686, 66, 1560 MHz, 279.66 W, 280.00 W, 100 %, 0x0000000000000004
2, 2026/09/07 20:16:16.687, 32, 210 MHz, 22.12 W, 280.00 W, 0 %, 0x0000000000000001
3, 2026/09/07 20:16:16.688, 34, 210 MHz, 22.60 W, 280.00 W, 0 %, 0x0000000000000001
4, 2026/09/07 20:16:16.690, 34, 210 MHz, 25.11 W, 280.00 W, 0 %, 0x0000000000000004
5, 2026/09/07 20:16:16.691, 33, 210 MHz, 21.73 W, 280.00 W, 0 %, 0x0000000000000001
0, 2026/09/07 20:16:18.692, 37, 210 MHz, 22.46 W, 280.00 W, 0 %, 0x0000000000000001
1, 2026/09/07 20:16:18.693, 66, 1605 MHz, 280.92 W, 280.00 W, 100 %, 0x0000000000000004
2, 2026/09/07 20:16:18.694, 32, 210 MHz, 22.21 W, 280.00 W, 0 %, 0x0000000000000001
3, 2026/09/07 20:16:18.695, 34, 210 MHz, 22.66 W, 280.00 W, 0 %, 0x0000000000000001
4, 2026/09/07 20:16:18.696, 34, 210 MHz, 25.03 W, 280.00 W, 0 %, 0x0000000000000001
5, 2026/09/07 20:16:18.697, 33, 210 MHz, 21.55 W, 280.00 W, 0 %, 0x0000000000000001
0, 2026/09/07 20:16:20.699, 36, 210 MHz, 22.41 W, 280.00 W, 0 %, 0x0000000000000001
1, 2026/09/07 20:16:20.700, 65, 1530 MHz, 279.79 W, 280.00 W, 100 %, 0x0000000000000004
2, 2026/09/07 20:16:20.700, 32, 210 MHz, 22.01 W, 280.00 W, 0 %, 0x0000000000000001
3, 2026/09/07 20:16:20.702, 34, 210 MHz, 22.65 W, 280.00 W, 0 %, 0x0000000000000001
4, 2026/09/07 20:16:20.703, 34, 210 MHz, 25.02 W, 280.00 W, 0 %, 0x0000000000000004
5, 2026/09/07 20:16:20.704, 33, 210 MHz, 21.67 W, 280.00 W, 0 %, 0x0000000000000001
0, 2026/09/07 20:16:22.705, 36, 210 MHz, 22.50 W, 280.00 W, 0 %, 0x0000000000000001
1, 2026/09/07 20:16:22.706, 67, 1605 MHz, 276.67 W, 280.00 W, 100 %, 0x0000000000000004
2, 2026/09/07 20:16:22.707, 32, 210 MHz, 21.95 W, 280.00 W, 0 %, 0x0000000000000001
3, 2026/09/07 20:16:22.707, 34, 210 MHz, 22.59 W, 280.00 W, 0 %, 0x0000000000000001
4, 2026/09/07 20:16:22.708, 34, 210 MHz, 24.92 W, 280.00 W, 0 %, 0x0000000000000004
5, 2026/09/07 20:16:22.709, 33, 210 MHz, 21.42 W, 280.00 W, 0 %, 0x0000000000000001
0, 2026/09/07 20:16:24.710, 36, 210 MHz, 22.54 W, 280.00 W, 0 %, 0x0000000000000001
1, 2026/09/07 20:16:24.711, 66, 1530 MHz, 280.09 W, 280.00 W, 100 %, 0x0000000000000004
2, 2026/09/07 20:16:24.712, 32, 210 MHz, 22.07 W, 280.00 W, 0 %, 0x0000000000000001
3, 2026/09/07 20:16:24.713, 34, 210 MHz, 22.72 W, 280.00 W, 0 %, 0x0000000000000001
4, 2026/09/07 20:16:24.714, 34, 210 MHz, 25.06 W, 280.00 W, 0 %, 0x0000000000000001
5, 2026/09/07 20:16:24.715, 33, 210 MHz, 21.57 W, 280.00 W, 0 %, 0x0000000000000001
0, 2026/09/07 20:16:26.716, 36, 210 MHz, 22.48 W, 280.00 W, 0 %, 0x0000000000000001
1, 2026/09/07 20:16:26.717, 67, 1620 MHz, 277.39 W, 280.00 W, 100 %, 0x0000000000000004
2, 2026/09/07 20:16:26.718, 32, 210 MHz, 21.88 W, 280.00 W, 0 %, 0x0000000000000001
3, 2026/09/07 20:16:26.719, 34, 210 MHz, 22.68 W, 280.00 W, 0 %, 0x0000000000000001
4, 2026/09/07 20:16:26.720, 34, 210 MHz, 25.28 W, 280.00 W, 0 %, 0x0000000000000004
5, 2026/09/07 20:16:26.721, 32, 210 MHz, 21.47 W, 280.00 W, 0 %, 0x0000000000000001
0, 2026/09/07 20:16:28.722, 36, 210 MHz, 22.53 W, 280.00 W, 0 %, 0x0000000000000001
1, 2026/09/07 20:16:28.723, 62, 1905 MHz, 222.33 W, 280.00 W, 0 %, 0x0000000000000000
2, 2026/09/07 20:16:28.724, 32, 210 MHz, 21.96 W, 280.00 W, 0 %, 0x0000000000000001
3, 2026/09/07 20:16:28.725, 34, 210 MHz, 22.64 W, 280.00 W, 0 %, 0x0000000000000001
4, 2026/09/07 20:16:28.726, 34, 210 MHz, 24.78 W, 280.00 W, 0 %, 0x0000000000000001
5, 2026/09/07 20:16:28.727, 32, 210 MHz, 21.41 W, 280.00 W, 0 %, 0x0000000000000001
0, 2026/09/07 20:16:30.728, 36, 210 MHz, 22.37 W, 280.00 W, 0 %, 0x0000000000000001
1, 2026/09/07 20:16:30.729, 59, 1695 MHz, 141.05 W, 280.00 W, 0 %, 0x0000000000000000
2, 2026/09/07 20:16:30.730, 32, 210 MHz, 21.92 W, 280.00 W, 0 %, 0x0000000000000001
3, 2026/09/07 20:16:30.731, 34, 210 MHz, 22.61 W, 280.00 W, 0 %, 0x0000000000000001
4, 2026/09/07 20:16:30.732, 34, 210 MHz, 24.63 W, 280.00 W, 0 %, 0x0000000000000001
5, 2026/09/07 20:16:30.732, 32, 210 MHz, 21.77 W, 280.00 W, 0 %, 0x0000000000000001
0, 2026/09/07 20:16:32.734, 36, 210 MHz, 22.27 W, 280.00 W, 0 %, 0x0000000000000001
1, 2026/09/07 20:16:32.735, 57, 1695 MHz, 117.51 W, 280.00 W, 0 %, 0x0000000000000000
2, 2026/09/07 20:16:32.735, 32, 210 MHz, 21.83 W, 280.00 W, 0 %, 0x0000000000000001
3, 2026/09/07 20:16:32.736, 34, 210 MHz, 22.56 W, 280.00 W, 0 %, 0x0000000000000001
4, 2026/09/07 20:16:32.737, 34, 210 MHz, 25.00 W, 280.00 W, 0 %, 0x0000000000000001
5, 2026/09/07 20:16:32.738, 32, 210 MHz, 21.68 W, 280.00 W, 0 %, 0x0000000000000001
0, 2026/09/07 20:16:34.740, 35, 210 MHz, 22.20 W, 280.00 W, 0 %, 0x0000000000000001
1, 2026/09/07 20:16:34.741, 56, 1695 MHz, 116.69 W, 280.00 W, 0 %, 0x0000000000000000
2, 2026/09/07 20:16:34.741, 52, 1650 MHz, 278.81 W, 280.00 W, 100 %, 0x0000000000000004
3, 2026/09/07 20:16:34.741, 34, 210 MHz, 22.45 W, 280.00 W, 0 %, 0x0000000000000001
4, 2026/09/07 20:16:34.742, 34, 210 MHz, 24.75 W, 280.00 W, 0 %, 0x0000000000000001
5, 2026/09/07 20:16:34.743, 32, 210 MHz, 21.47 W, 280.00 W, 0 %, 0x0000000000000001
0, 2026/09/07 20:16:36.745, 35, 210 MHz, 22.32 W, 280.00 W, 0 %, 0x0000000000000001
1, 2026/09/07 20:16:36.746, 55, 1695 MHz, 116.47 W, 280.00 W, 0 %, 0x0000000000000000
2, 2026/09/07 20:16:36.746, 56, 1605 MHz, 280.34 W, 280.00 W, 100 %, 0x0000000000000004
3, 2026/09/07 20:16:36.750, 34, 210 MHz, 22.71 W, 280.00 W, 0 %, 0x0000000000000001
4, 2026/09/07 20:16:36.751, 34, 210 MHz, 24.82 W, 280.00 W, 0 %, 0x0000000000000001
5, 2026/09/07 20:16:36.752, 32, 210 MHz, 21.52 W, 280.00 W, 0 %, 0x0000000000000001
0, 2026/09/07 20:16:38.754, 35, 210 MHz, 22.17 W, 280.00 W, 0 %, 0x0000000000000001
1, 2026/09/07 20:16:38.755, 55, 1695 MHz, 116.15 W, 280.00 W, 0 %, 0x0000000000000000
2, 2026/09/07 20:16:38.756, 55, 1785 MHz, 279.61 W, 280.00 W, 95 %, 0x0000000000000004
3, 2026/09/07 20:16:38.756, 34, 210 MHz, 22.58 W, 280.00 W, 0 %, 0x0000000000000001
4, 2026/09/07 20:16:38.757, 34, 210 MHz, 24.91 W, 280.00 W, 0 %, 0x0000000000000001
5, 2026/09/07 20:16:38.758, 32, 210 MHz, 21.58 W, 280.00 W, 0 %, 0x0000000000000001
0, 2026/09/07 20:16:40.760, 35, 210 MHz, 22.07 W, 280.00 W, 0 %, 0x0000000000000001
1, 2026/09/07 20:16:40.761, 54, 1695 MHz, 115.96 W, 280.00 W, 0 %, 0x0000000000000000
2, 2026/09/07 20:16:40.761, 58, 1605 MHz, 279.77 W, 280.00 W, 100 %, 0x0000000000000004
3, 2026/09/07 20:16:40.762, 34, 210 MHz, 22.75 W, 280.00 W, 0 %, 0x0000000000000001
4, 2026/09/07 20:16:40.763, 33, 210 MHz, 24.86 W, 280.00 W, 0 %, 0x0000000000000004
5, 2026/09/07 20:16:40.763, 32, 210 MHz, 21.51 W, 280.00 W, 0 %, 0x0000000000000001
0, 2026/09/07 20:16:42.765, 35, 210 MHz, 22.30 W, 280.00 W, 0 %, 0x0000000000000001
1, 2026/09/07 20:16:42.766, 54, 1695 MHz, 115.55 W, 280.00 W, 0 %, 0x0000000000000000
2, 2026/09/07 20:16:42.766, 59, 1620 MHz, 280.08 W, 280.00 W, 100 %, 0x0000000000000004
3, 2026/09/07 20:16:42.767, 34, 210 MHz, 22.67 W, 280.00 W, 0 %, 0x0000000000000001
4, 2026/09/07 20:16:42.768, 34, 210 MHz, 24.94 W, 280.00 W, 0 %, 0x0000000000000004
5, 2026/09/07 20:16:42.769, 32, 210 MHz, 21.57 W, 280.00 W, 0 %, 0x0000000000000001
0, 2026/09/07 20:16:44.771, 35, 210 MHz, 22.13 W, 280.00 W, 0 %, 0x0000000000000001
1, 2026/09/07 20:16:44.772, 53, 1695 MHz, 114.92 W, 280.00 W, 0 %, 0x0000000000000001
2, 2026/09/07 20:16:44.772, 58, 1650 MHz, 276.96 W, 280.00 W, 78 %, 0x0000000000000004
3, 2026/09/07 20:16:44.773, 34, 210 MHz, 22.72 W, 280.00 W, 0 %, 0x0000000000000001
4, 2026/09/07 20:16:44.774, 34, 210 MHz, 24.76 W, 280.00 W, 0 %, 0x0000000000000001
5, 2026/09/07 20:16:44.774, 32, 210 MHz, 21.49 W, 280.00 W, 0 %, 0x0000000000000001
0, 2026/09/07 20:16:46.776, 35, 210 MHz, 21.97 W, 280.00 W, 0 %, 0x0000000000000001
1, 2026/09/07 20:16:46.778, 48, 210 MHz, 41.51 W, 280.00 W, 0 %, 0x0000000000000001
2, 2026/09/07 20:16:46.778, 60, 1620 MHz, 280.14 W, 280.00 W, 100 %, 0x0000000000000004
3, 2026/09/07 20:16:46.779, 34, 210 MHz, 23.01 W, 280.00 W, 0 %, 0x0000000000000001
4, 2026/09/07 20:16:46.780, 34, 210 MHz, 24.94 W, 280.00 W, 0 %, 0x0000000000000004
5, 2026/09/07 20:16:46.781, 32, 210 MHz, 21.60 W, 280.00 W, 0 %, 0x0000000000000001
0, 2026/09/07 20:16:48.782, 35, 210 MHz, 22.08 W, 280.00 W, 0 %, 0x0000000000000001
1, 2026/09/07 20:16:48.784, 46, 210 MHz, 22.69 W, 280.00 W, 0 %, 0x0000000000000001
2, 2026/09/07 20:16:48.784, 61, 1680 MHz, 278.33 W, 280.00 W, 100 %, 0x0000000000000004
3, 2026/09/07 20:16:48.785, 34, 210 MHz, 22.79 W, 280.00 W, 0 %, 0x0000000000000001
4, 2026/09/07 20:16:48.786, 33, 210 MHz, 24.67 W, 280.00 W, 0 %, 0x0000000000000004
5, 2026/09/07 20:16:48.787, 32, 210 MHz, 21.53 W, 280.00 W, 0 %, 0x0000000000000001
0, 2026/09/07 20:16:50.789, 35, 210 MHz, 22.20 W, 280.00 W, 0 %, 0x0000000000000001
1, 2026/09/07 20:16:50.790, 45, 210 MHz, 21.92 W, 280.00 W, 0 %, 0x0000000000000001
2, 2026/09/07 20:16:50.791, 61, 1605 MHz, 280.14 W, 280.00 W, 100 %, 0x0000000000000004
3, 2026/09/07 20:16:50.791, 34, 210 MHz, 22.59 W, 280.00 W, 0 %, 0x0000000000000001
4, 2026/09/07 20:16:50.792, 34, 210 MHz, 24.99 W, 280.00 W, 0 %, 0x0000000000000004
5, 2026/09/07 20:16:50.793, 32, 210 MHz, 21.70 W, 280.00 W, 0 %, 0x0000000000000001
0, 2026/09/07 20:16:52.795, 35, 210 MHz, 22.00 W, 280.00 W, 0 %, 0x0000000000000001
1, 2026/09/07 20:16:52.796, 44, 210 MHz, 21.20 W, 280.00 W, 0 %, 0x0000000000000001
2, 2026/09/07 20:16:52.797, 62, 1665 MHz, 277.43 W, 280.00 W, 86 %, 0x0000000000000004
3, 2026/09/07 20:16:52.798, 34, 210 MHz, 22.62 W, 280.00 W, 0 %, 0x0000000000000001
4, 2026/09/07 20:16:52.798, 33, 210 MHz, 24.89 W, 280.00 W, 0 %, 0x0000000000000004
5, 2026/09/07 20:16:52.799, 32, 210 MHz, 21.69 W, 280.00 W, 0 %, 0x0000000000000001
0, 2026/09/07 20:16:54.800, 34, 210 MHz, 22.06 W, 280.00 W, 0 %, 0x0000000000000001
1, 2026/09/07 20:16:54.802, 44, 210 MHz, 20.58 W, 280.00 W, 0 %, 0x0000000000000001
2, 2026/09/07 20:16:54.803, 62, 1605 MHz, 280.06 W, 280.00 W, 100 %, 0x0000000000000004
3, 2026/09/07 20:16:54.803, 34, 210 MHz, 22.79 W, 280.00 W, 0 %, 0x0000000000000001
4, 2026/09/07 20:16:54.804, 33, 210 MHz, 24.77 W, 280.00 W, 0 %, 0x0000000000000001
5, 2026/09/07 20:16:54.804, 32, 210 MHz, 21.52 W, 280.00 W, 0 %, 0x0000000000000001
0, 2026/09/07 20:16:56.806, 34, 210 MHz, 21.92 W, 280.00 W, 0 %, 0x0000000000000001
1, 2026/09/07 20:16:56.806, 43, 210 MHz, 20.31 W, 280.00 W, 0 %, 0x0000000000000001
2, 2026/09/07 20:16:56.808, 63, 1665 MHz, 277.03 W, 280.00 W, 90 %, 0x0000000000000004
3, 2026/09/07 20:16:56.808, 34, 210 MHz, 22.62 W, 280.00 W, 0 %, 0x0000000000000001
4, 2026/09/07 20:16:56.810, 33, 210 MHz, 24.91 W, 280.00 W, 0 %, 0x0000000000000004
5, 2026/09/07 20:16:56.812, 32, 210 MHz, 21.50 W, 280.00 W, 0 %, 0x0000000000000001
0, 2026/09/07 20:16:58.814, 34, 210 MHz, 22.04 W, 280.00 W, 0 %, 0x0000000000000001
1, 2026/09/07 20:16:58.815, 43, 210 MHz, 20.35 W, 280.00 W, 0 %, 0x0000000000000001
2, 2026/09/07 20:16:58.816, 63, 1605 MHz, 280.20 W, 280.00 W, 100 %, 0x0000000000000004
3, 2026/09/07 20:16:58.817, 34, 210 MHz, 22.68 W, 280.00 W, 0 %, 0x0000000000000001
4, 2026/09/07 20:16:58.818, 33, 210 MHz, 24.91 W, 280.00 W, 0 %, 0x0000000000000004
5, 2026/09/07 20:16:58.820, 32, 210 MHz, 21.68 W, 280.00 W, 0 %, 0x0000000000000001
0, 2026/09/07 20:17:00.822, 34, 210 MHz, 21.99 W, 280.00 W, 0 %, 0x0000000000000001
1, 2026/09/07 20:17:00.824, 42, 210 MHz, 19.74 W, 280.00 W, 0 %, 0x0000000000000001
2, 2026/09/07 20:17:00.826, 64, 1665 MHz, 277.71 W, 280.00 W, 78 %, 0x0000000000000004
3, 2026/09/07 20:17:00.827, 34, 210 MHz, 22.82 W, 280.00 W, 0 %, 0x0000000000000001
4, 2026/09/07 20:17:00.828, 33, 210 MHz, 24.88 W, 280.00 W, 0 %, 0x0000000000000001
5, 2026/09/07 20:17:00.830, 32, 210 MHz, 21.63 W, 280.00 W, 0 %, 0x0000000000000001
0, 2026/09/07 20:17:02.832, 34, 210 MHz, 21.86 W, 280.00 W, 0 %, 0x0000000000000001
1, 2026/09/07 20:17:02.834, 42, 210 MHz, 19.90 W, 280.00 W, 0 %, 0x0000000000000001
2, 2026/09/07 20:17:02.835, 65, 1590 MHz, 279.56 W, 280.00 W, 100 %, 0x0000000000000004
3, 2026/09/07 20:17:02.835, 34, 210 MHz, 22.62 W, 280.00 W, 0 %, 0x0000000000000001
4, 2026/09/07 20:17:02.837, 33, 210 MHz, 24.97 W, 280.00 W, 0 %, 0x0000000000000001
5, 2026/09/07 20:17:02.838, 32, 210 MHz, 21.81 W, 280.00 W, 0 %, 0x0000000000000001
0, 2026/09/07 20:17:04.840, 34, 210 MHz, 22.00 W, 280.00 W, 0 %, 0x0000000000000001
1, 2026/09/07 20:17:04.842, 41, 210 MHz, 19.48 W, 280.00 W, 0 %, 0x0000000000000001
2, 2026/09/07 20:17:04.844, 65, 1485 MHz, 279.33 W, 280.00 W, 100 %, 0x0000000000000004
3, 2026/09/07 20:17:04.845, 34, 210 MHz, 22.56 W, 280.00 W, 0 %, 0x0000000000000001
4, 2026/09/07 20:17:04.846, 33, 210 MHz, 24.91 W, 280.00 W, 0 %, 0x0000000000000004
5, 2026/09/07 20:17:04.848, 32, 210 MHz, 21.80 W, 280.00 W, 0 %, 0x0000000000000001
0, 2026/09/07 20:17:06.850, 34, 210 MHz, 22.03 W, 280.00 W, 0 %, 0x0000000000000001
1, 2026/09/07 20:17:06.851, 41, 210 MHz, 19.33 W, 280.00 W, 0 %, 0x0000000000000001
2, 2026/09/07 20:17:06.853, 66, 1605 MHz, 278.12 W, 280.00 W, 78 %, 0x0000000000000004
3, 2026/09/07 20:17:06.854, 34, 210 MHz, 22.62 W, 280.00 W, 0 %, 0x0000000000000001
4, 2026/09/07 20:17:06.855, 33, 210 MHz, 24.94 W, 280.00 W, 0 %, 0x0000000000000001
5, 2026/09/07 20:17:06.857, 32, 210 MHz, 21.66 W, 280.00 W, 0 %, 0x0000000000000001
0, 2026/09/07 20:17:08.859, 34, 210 MHz, 21.96 W, 280.00 W, 0 %, 0x0000000000000001
1, 2026/09/07 20:17:08.861, 40, 210 MHz, 19.15 W, 280.00 W, 0 %, 0x0000000000000001
2, 2026/09/07 20:17:08.863, 66, 1605 MHz, 276.84 W, 280.00 W, 76 %, 0x0000000000000004
3, 2026/09/07 20:17:08.863, 34, 210 MHz, 22.47 W, 280.00 W, 0 %, 0x0000000000000001
4, 2026/09/07 20:17:08.864, 33, 210 MHz, 24.93 W, 280.00 W, 0 %, 0x0000000000000004
5, 2026/09/07 20:17:08.866, 32, 210 MHz, 21.64 W, 280.00 W, 0 %, 0x0000000000000001
0, 2026/09/07 20:17:10.868, 34, 210 MHz, 22.06 W, 280.00 W, 0 %, 0x0000000000000001
1, 2026/09/07 20:17:10.870, 40, 210 MHz, 19.05 W, 280.00 W, 0 %, 0x0000000000000001
2, 2026/09/07 20:17:10.872, 66, 1575 MHz, 279.66 W, 280.00 W, 100 %, 0x0000000000000004
3, 2026/09/07 20:17:10.872, 34, 210 MHz, 22.46 W, 280.00 W, 0 %, 0x0000000000000001
4, 2026/09/07 20:17:10.874, 33, 210 MHz, 24.77 W, 280.00 W, 0 %, 0x0000000000000004
5, 2026/09/07 20:17:10.875, 32, 210 MHz, 21.53 W, 280.00 W, 0 %, 0x0000000000000001
0, 2026/09/07 20:17:12.877, 34, 210 MHz, 21.95 W, 280.00 W, 0 %, 0x0000000000000001
1, 2026/09/07 20:17:12.880, 40, 210 MHz, 19.17 W, 280.00 W, 0 %, 0x0000000000000001
2, 2026/09/07 20:17:12.881, 67, 1605 MHz, 276.43 W, 280.00 W, 79 %, 0x0000000000000004
3, 2026/09/07 20:17:12.882, 34, 210 MHz, 22.48 W, 280.00 W, 0 %, 0x0000000000000001
4, 2026/09/07 20:17:12.883, 33, 210 MHz, 24.84 W, 280.00 W, 0 %, 0x0000000000000001
5, 2026/09/07 20:17:12.884, 32, 210 MHz, 21.54 W, 280.00 W, 0 %, 0x0000000000000001
0, 2026/09/07 20:17:14.886, 34, 210 MHz, 21.91 W, 280.00 W, 0 %, 0x0000000000000001
1, 2026/09/07 20:17:14.887, 39, 210 MHz, 19.15 W, 280.00 W, 0 %, 0x0000000000000001
2, 2026/09/07 20:17:14.889, 68, 1500 MHz, 278.95 W, 280.00 W, 100 %, 0x0000000000000004
3, 2026/09/07 20:17:14.889, 34, 210 MHz, 22.51 W, 280.00 W, 0 %, 0x0000000000000001
4, 2026/09/07 20:17:14.891, 33, 210 MHz, 24.84 W, 280.00 W, 0 %, 0x0000000000000004
5, 2026/09/07 20:17:14.892, 32, 210 MHz, 21.40 W, 280.00 W, 0 %, 0x0000000000000001
0, 2026/09/07 20:17:16.894, 34, 210 MHz, 22.01 W, 280.00 W, 0 %, 0x0000000000000001
1, 2026/09/07 20:17:16.896, 39, 210 MHz, 19.07 W, 280.00 W, 0 %, 0x0000000000000001
2, 2026/09/07 20:17:16.898, 67, 1650 MHz, 279.37 W, 280.00 W, 100 %, 0x0000000000000004
3, 2026/09/07 20:17:16.899, 34, 210 MHz, 22.54 W, 280.00 W, 0 %, 0x0000000000000001
4, 2026/09/07 20:17:16.900, 33, 210 MHz, 24.62 W, 280.00 W, 0 %, 0x0000000000000004
5, 2026/09/07 20:17:16.901, 32, 210 MHz, 21.56 W, 280.00 W, 0 %, 0x0000000000000001
0, 2026/09/07 20:17:18.903, 34, 210 MHz, 21.91 W, 280.00 W, 0 %, 0x0000000000000001
1, 2026/09/07 20:17:18.905, 39, 210 MHz, 19.18 W, 280.00 W, 0 %, 0x0000000000000001
2, 2026/09/07 20:17:18.907, 68, 1560 MHz, 279.98 W, 280.00 W, 100 %, 0x0000000000000004
3, 2026/09/07 20:17:18.907, 34, 210 MHz, 22.60 W, 280.00 W, 0 %, 0x0000000000000001
4, 2026/09/07 20:17:18.909, 33, 210 MHz, 24.82 W, 280.00 W, 0 %, 0x0000000000000004
5, 2026/09/07 20:17:18.910, 32, 210 MHz, 21.67 W, 280.00 W, 0 %, 0x0000000000000001
0, 2026/09/07 20:17:20.912, 34, 210 MHz, 21.89 W, 280.00 W, 0 %, 0x0000000000000001
1, 2026/09/07 20:17:20.914, 39, 210 MHz, 18.94 W, 280.00 W, 0 %, 0x0000000000000001
2, 2026/09/07 20:17:20.916, 69, 1650 MHz, 278.38 W, 280.00 W, 100 %, 0x0000000000000004
3, 2026/09/07 20:17:20.916, 34, 210 MHz, 22.51 W, 280.00 W, 0 %, 0x0000000000000001
4, 2026/09/07 20:17:20.918, 33, 210 MHz, 24.75 W, 280.00 W, 0 %, 0x0000000000000004
5, 2026/09/07 20:17:20.919, 32, 210 MHz, 21.41 W, 280.00 W, 0 %, 0x0000000000000001
0, 2026/09/07 20:17:22.921, 33, 210 MHz, 21.83 W, 280.00 W, 0 %, 0x0000000000000001
1, 2026/09/07 20:17:22.923, 39, 210 MHz, 18.88 W, 280.00 W, 0 %, 0x0000000000000001
2, 2026/09/07 20:17:22.925, 69, 1575 MHz, 280.03 W, 280.00 W, 100 %, 0x0000000000000004
3, 2026/09/07 20:17:22.926, 34, 210 MHz, 22.60 W, 280.00 W, 0 %, 0x0000000000000001
4, 2026/09/07 20:17:22.927, 33, 210 MHz, 24.68 W, 280.00 W, 0 %, 0x0000000000000004
5, 2026/09/07 20:17:22.929, 32, 210 MHz, 21.21 W, 280.00 W, 0 %, 0x0000000000000001
0, 2026/09/07 20:17:24.930, 33, 210 MHz, 21.68 W, 280.00 W, 0 %, 0x0000000000000001
1, 2026/09/07 20:17:24.932, 38, 210 MHz, 19.04 W, 280.00 W, 0 %, 0x0000000000000001
2, 2026/09/07 20:17:24.935, 70, 1635 MHz, 277.07 W, 280.00 W, 100 %, 0x0000000000000004
3, 2026/09/07 20:17:24.936, 34, 210 MHz, 22.66 W, 280.00 W, 0 %, 0x0000000000000001
4, 2026/09/07 20:17:24.937, 33, 210 MHz, 24.60 W, 280.00 W, 0 %, 0x0000000000000001
5, 2026/09/07 20:17:24.938, 32, 210 MHz, 21.33 W, 280.00 W, 0 %, 0x0000000000000001
0, 2026/09/07 20:17:26.940, 33, 210 MHz, 21.81 W, 280.00 W, 0 %, 0x0000000000000001
1, 2026/09/07 20:17:26.941, 38, 210 MHz, 18.91 W, 280.00 W, 0 %, 0x0000000000000001
2, 2026/09/07 20:17:26.943, 69, 1560 MHz, 279.72 W, 280.00 W, 100 %, 0x0000000000000004
3, 2026/09/07 20:17:26.944, 34, 210 MHz, 22.80 W, 280.00 W, 0 %, 0x0000000000000001
4, 2026/09/07 20:17:26.945, 33, 210 MHz, 24.73 W, 280.00 W, 0 %, 0x0000000000000004
5, 2026/09/07 20:17:26.946, 32, 210 MHz, 21.40 W, 280.00 W, 0 %, 0x0000000000000001
0, 2026/09/07 20:17:28.948, 33, 210 MHz, 21.95 W, 280.00 W, 0 %, 0x0000000000000001
1, 2026/09/07 20:17:28.950, 38, 210 MHz, 18.91 W, 280.00 W, 0 %, 0x0000000000000001
2, 2026/09/07 20:17:28.951, 70, 1635 MHz, 277.35 W, 280.00 W, 100 %, 0x0000000000000004
3, 2026/09/07 20:17:28.952, 34, 210 MHz, 22.63 W, 280.00 W, 0 %, 0x0000000000000001
4, 2026/09/07 20:17:28.953, 33, 210 MHz, 24.57 W, 280.00 W, 0 %, 0x0000000000000004
5, 2026/09/07 20:17:28.954, 32, 210 MHz, 21.47 W, 280.00 W, 0 %, 0x0000000000000001
0, 2026/09/07 20:17:30.956, 33, 210 MHz, 21.89 W, 280.00 W, 0 %, 0x0000000000000001
1, 2026/09/07 20:17:30.958, 38, 210 MHz, 19.08 W, 280.00 W, 0 %, 0x0000000000000001
2, 2026/09/07 20:17:30.959, 70, 1575 MHz, 280.33 W, 280.00 W, 100 %, 0x0000000000000004
3, 2026/09/07 20:17:30.960, 34, 210 MHz, 22.53 W, 280.00 W, 0 %, 0x0000000000000001
4, 2026/09/07 20:17:30.961, 33, 210 MHz, 24.73 W, 280.00 W, 0 %, 0x0000000000000001
5, 2026/09/07 20:17:30.962, 32, 210 MHz, 21.67 W, 280.00 W, 0 %, 0x0000000000000001
0, 2026/09/07 20:17:32.964, 33, 210 MHz, 21.87 W, 280.00 W, 0 %, 0x0000000000000001
1, 2026/09/07 20:17:32.965, 38, 210 MHz, 19.19 W, 280.00 W, 0 %, 0x0000000000000001
2, 2026/09/07 20:17:32.965, 71, 1635 MHz, 277.32 W, 280.00 W, 100 %, 0x0000000000000004
3, 2026/09/07 20:17:32.966, 34, 210 MHz, 22.70 W, 280.00 W, 0 %, 0x0000000000000001
4, 2026/09/07 20:17:32.967, 33, 210 MHz, 24.83 W, 280.00 W, 0 %, 0x0000000000000004
5, 2026/09/07 20:17:32.968, 32, 210 MHz, 21.71 W, 280.00 W, 0 %, 0x0000000000000001
0, 2026/09/07 20:17:34.969, 33, 210 MHz, 21.89 W, 280.00 W, 0 %, 0x0000000000000001
1, 2026/09/07 20:17:34.970, 38, 210 MHz, 19.08 W, 280.00 W, 0 %, 0x0000000000000001
2, 2026/09/07 20:17:34.972, 64, 1920 MHz, 169.47 W, 280.00 W, 0 %, 0x0000000000000000
3, 2026/09/07 20:17:34.972, 33, 210 MHz, 22.59 W, 280.00 W, 0 %, 0x0000000000000001
4, 2026/09/07 20:17:34.973, 33, 210 MHz, 24.61 W, 280.00 W, 0 %, 0x0000000000000004
5, 2026/09/07 20:17:34.975, 32, 210 MHz, 21.65 W, 280.00 W, 0 %, 0x0000000000000001
0, 2026/09/07 20:17:36.976, 33, 210 MHz, 22.06 W, 280.00 W, 0 %, 0x0000000000000001
1, 2026/09/07 20:17:36.977, 37, 210 MHz, 19.11 W, 280.00 W, 0 %, 0x0000000000000001
2, 2026/09/07 20:17:36.979, 60, 1695 MHz, 132.04 W, 280.00 W, 0 %, 0x0000000000000000
3, 2026/09/07 20:17:36.980, 33, 210 MHz, 22.50 W, 280.00 W, 0 %, 0x0000000000000001
4, 2026/09/07 20:17:36.980, 33, 210 MHz, 24.48 W, 280.00 W, 0 %, 0x0000000000000001
5, 2026/09/07 20:17:36.981, 32, 210 MHz, 21.78 W, 280.00 W, 0 %, 0x0000000000000001
0, 2026/09/07 20:17:38.983, 33, 210 MHz, 21.91 W, 280.00 W, 0 %, 0x0000000000000001
1, 2026/09/07 20:17:38.985, 37, 210 MHz, 19.44 W, 280.00 W, 0 %, 0x0000000000000001
2, 2026/09/07 20:17:38.986, 59, 1695 MHz, 117.68 W, 280.00 W, 0 %, 0x0000000000000000
3, 2026/09/07 20:17:38.986, 45, 1680 MHz, 77.45 W, 280.00 W, 100 %, 0x0000000000000004
4, 2026/09/07 20:17:38.987, 33, 210 MHz, 24.80 W, 280.00 W, 0 %, 0x0000000000000004
5, 2026/09/07 20:17:38.988, 32, 210 MHz, 21.72 W, 280.00 W, 0 %, 0x0000000000000001
0, 2026/09/07 20:17:40.990, 33, 210 MHz, 21.91 W, 280.00 W, 0 %, 0x0000000000000001
1, 2026/09/07 20:17:40.991, 37, 210 MHz, 19.45 W, 280.00 W, 0 %, 0x0000000000000001
2, 2026/09/07 20:17:40.993, 58, 1695 MHz, 116.56 W, 280.00 W, 0 %, 0x0000000000000000
3, 2026/09/07 20:17:40.993, 54, 1590 MHz, 279.10 W, 280.00 W, 100 %, 0x0000000000000004
4, 2026/09/07 20:17:40.994, 33, 210 MHz, 24.90 W, 280.00 W, 0 %, 0x0000000000000004
5, 2026/09/07 20:17:40.995, 32, 210 MHz, 21.51 W, 280.00 W, 0 %, 0x0000000000000001
0, 2026/09/07 20:17:42.997, 33, 210 MHz, 22.22 W, 280.00 W, 0 %, 0x0000000000000001
1, 2026/09/07 20:17:42.998, 37, 210 MHz, 19.37 W, 280.00 W, 0 %, 0x0000000000000001
2, 2026/09/07 20:17:43.000, 58, 1695 MHz, 116.18 W, 280.00 W, 0 %, 0x0000000000000000
3, 2026/09/07 20:17:43.001, 55, 1635 MHz, 277.93 W, 280.00 W, 87 %, 0x0000000000000004
4, 2026/09/07 20:17:43.001, 33, 210 MHz, 24.90 W, 280.00 W, 0 %, 0x0000000000000001
5, 2026/09/07 20:17:43.002, 32, 210 MHz, 21.66 W, 280.00 W, 0 %, 0x0000000000000001
0, 2026/09/07 20:17:45.004, 33, 210 MHz, 21.95 W, 280.00 W, 0 %, 0x0000000000000001
1, 2026/09/07 20:17:45.005, 37, 210 MHz, 19.43 W, 280.00 W, 0 %, 0x0000000000000001
2, 2026/09/07 20:17:45.007, 57, 1695 MHz, 115.81 W, 280.00 W, 0 %, 0x0000000000000000
3, 2026/09/07 20:17:45.008, 57, 1620 MHz, 279.47 W, 280.00 W, 100 %, 0x0000000000000004
4, 2026/09/07 20:17:45.008, 33, 210 MHz, 24.88 W, 280.00 W, 0 %, 0x0000000000000001
5, 2026/09/07 20:17:45.010, 32, 210 MHz, 21.53 W, 280.00 W, 0 %, 0x0000000000000001
0, 2026/09/07 20:17:47.011, 33, 210 MHz, 21.80 W, 280.00 W, 0 %, 0x0000000000000001
1, 2026/09/07 20:17:47.013, 37, 210 MHz, 19.41 W, 280.00 W, 0 %, 0x0000000000000001
2, 2026/09/07 20:17:47.014, 57, 1695 MHz, 115.39 W, 280.00 W, 0 %, 0x0000000000000000
3, 2026/09/07 20:17:47.015, 57, 1620 MHz, 278.74 W, 280.00 W, 90 %, 0x0000000000000004
4, 2026/09/07 20:17:47.015, 33, 210 MHz, 24.82 W, 280.00 W, 0 %, 0x0000000000000001
5, 2026/09/07 20:17:47.016, 32, 210 MHz, 21.55 W, 280.00 W, 0 %, 0x0000000000000001
0, 2026/09/07 20:17:49.018, 33, 210 MHz, 22.06 W, 280.00 W, 0 %, 0x0000000000000001
1, 2026/09/07 20:17:49.019, 37, 210 MHz, 19.29 W, 280.00 W, 0 %, 0x0000000000000001
2, 2026/09/07 20:17:49.021, 56, 1695 MHz, 114.87 W, 280.00 W, 0 %, 0x0000000000000000
3, 2026/09/07 20:17:49.021, 59, 1620 MHz, 279.21 W, 280.00 W, 100 %, 0x0000000000000004
4, 2026/09/07 20:17:49.022, 33, 210 MHz, 24.85 W, 280.00 W, 0 %, 0x0000000000000004
5, 2026/09/07 20:17:49.023, 31, 210 MHz, 21.71 W, 280.00 W, 0 %, 0x0000000000000001
0, 2026/09/07 20:17:51.024, 33, 210 MHz, 21.91 W, 280.00 W, 0 %, 0x0000000000000001
1, 2026/09/07 20:17:51.026, 37, 210 MHz, 19.27 W, 280.00 W, 0 %, 0x0000000000000001
2, 2026/09/07 20:17:51.027, 52, 270 MHz, 94.30 W, 280.00 W, 0 %, 0x0000000000000001
3, 2026/09/07 20:17:51.029, 59, 1605 MHz, 279.73 W, 280.00 W, 100 %, 0x0000000000000004
4, 2026/09/07 20:17:51.029, 33, 210 MHz, 24.91 W, 280.00 W, 0 %, 0x0000000000000004
5, 2026/09/07 20:17:51.031, 31, 210 MHz, 21.56 W, 280.00 W, 0 %, 0x0000000000000001
0, 2026/09/07 20:17:53.032, 33, 210 MHz, 21.84 W, 280.00 W, 0 %, 0x0000000000000001
1, 2026/09/07 20:17:53.033, 36, 210 MHz, 19.30 W, 280.00 W, 0 %, 0x0000000000000001
2, 2026/09/07 20:17:53.034, 49, 210 MHz, 29.52 W, 280.00 W, 0 %, 0x0000000000000001
3, 2026/09/07 20:17:53.035, 60, 1575 MHz, 278.89 W, 280.00 W, 100 %, 0x0000000000000004
4, 2026/09/07 20:17:53.036, 33, 210 MHz, 24.88 W, 280.00 W, 0 %, 0x0000000000000001
5, 2026/09/07 20:17:53.037, 31, 210 MHz, 21.60 W, 280.00 W, 0 %, 0x0000000000000004
0, 2026/09/07 20:17:55.038, 33, 210 MHz, 22.06 W, 280.00 W, 0 %, 0x0000000000000001
1, 2026/09/07 20:17:55.039, 36, 210 MHz, 19.17 W, 280.00 W, 0 %, 0x0000000000000001
2, 2026/09/07 20:17:55.040, 46, 210 MHz, 26.64 W, 280.00 W, 0 %, 0x0000000000000001
3, 2026/09/07 20:17:55.041, 61, 1650 MHz, 277.41 W, 280.00 W, 100 %, 0x0000000000000004
4, 2026/09/07 20:17:55.042, 33, 210 MHz, 24.88 W, 280.00 W, 0 %, 0x0000000000000004
5, 2026/09/07 20:17:55.042, 31, 210 MHz, 21.46 W, 280.00 W, 0 %, 0x0000000000000001
0, 2026/09/07 20:17:57.043, 33, 210 MHz, 21.91 W, 280.00 W, 0 %, 0x0000000000000001
1, 2026/09/07 20:17:57.044, 36, 210 MHz, 19.18 W, 280.00 W, 0 %, 0x0000000000000001
2, 2026/09/07 20:17:57.045, 45, 210 MHz, 26.16 W, 280.00 W, 0 %, 0x0000000000000001
3, 2026/09/07 20:17:57.046, 62, 1590 MHz, 280.33 W, 280.00 W, 100 %, 0x0000000000000004
4, 2026/09/07 20:17:57.047, 33, 210 MHz, 24.73 W, 280.00 W, 0 %, 0x0000000000000004
5, 2026/09/07 20:17:57.048, 31, 210 MHz, 21.41 W, 280.00 W, 0 %, 0x0000000000000001
0, 2026/09/07 20:17:59.049, 33, 210 MHz, 21.79 W, 280.00 W, 0 %, 0x0000000000000001
1, 2026/09/07 20:17:59.050, 36, 210 MHz, 19.39 W, 280.00 W, 0 %, 0x0000000000000001
2, 2026/09/07 20:17:59.051, 44, 210 MHz, 25.05 W, 280.00 W, 0 %, 0x0000000000000001
3, 2026/09/07 20:17:59.052, 63, 1635 MHz, 276.89 W, 280.00 W, 100 %, 0x0000000000000004
4, 2026/09/07 20:17:59.053, 33, 210 MHz, 24.66 W, 280.00 W, 0 %, 0x0000000000000001
5, 2026/09/07 20:17:59.053, 31, 210 MHz, 21.40 W, 280.00 W, 0 %, 0x0000000000000001
0, 2026/09/07 20:18:01.055, 33, 210 MHz, 22.02 W, 280.00 W, 0 %, 0x0000000000000001
1, 2026/09/07 20:18:01.055, 36, 210 MHz, 19.27 W, 280.00 W, 0 %, 0x0000000000000001
2, 2026/09/07 20:18:01.056, 43, 210 MHz, 24.48 W, 280.00 W, 0 %, 0x0000000000000001
3, 2026/09/07 20:18:01.058, 63, 1590 MHz, 279.89 W, 280.00 W, 100 %, 0x0000000000000004
4, 2026/09/07 20:18:01.058, 33, 210 MHz, 24.69 W, 280.00 W, 0 %, 0x0000000000000004
5, 2026/09/07 20:18:01.059, 31, 210 MHz, 21.43 W, 280.00 W, 0 %, 0x0000000000000001
0, 2026/09/07 20:18:03.060, 33, 210 MHz, 22.01 W, 280.00 W, 0 %, 0x0000000000000001
1, 2026/09/07 20:18:03.061, 36, 210 MHz, 19.32 W, 280.00 W, 0 %, 0x0000000000000001
2, 2026/09/07 20:18:03.062, 42, 210 MHz, 23.96 W, 280.00 W, 0 %, 0x0000000000000001
3, 2026/09/07 20:18:03.063, 63, 1635 MHz, 277.94 W, 280.00 W, 100 %, 0x0000000000000004
4, 2026/09/07 20:18:03.063, 33, 210 MHz, 24.70 W, 280.00 W, 0 %, 0x0000000000000004
5, 2026/09/07 20:18:03.064, 31, 210 MHz, 21.50 W, 280.00 W, 0 %, 0x0000000000000001
0, 2026/09/07 20:18:05.065, 32, 210 MHz, 22.20 W, 280.00 W, 0 %, 0x0000000000000001
1, 2026/09/07 20:18:05.066, 36, 210 MHz, 19.44 W, 280.00 W, 0 %, 0x0000000000000001
2, 2026/09/07 20:18:05.067, 42, 210 MHz, 23.87 W, 280.00 W, 0 %, 0x0000000000000001
3, 2026/09/07 20:18:05.068, 65, 1590 MHz, 279.89 W, 280.00 W, 100 %, 0x0000000000000004
4, 2026/09/07 20:18:05.068, 33, 210 MHz, 24.77 W, 280.00 W, 0 %, 0x0000000000000004
5, 2026/09/07 20:18:05.069, 31, 210 MHz, 21.44 W, 280.00 W, 0 %, 0x0000000000000001
0, 2026/09/07 20:18:07.071, 32, 210 MHz, 21.98 W, 280.00 W, 0 %, 0x0000000000000001
1, 2026/09/07 20:18:07.073, 36, 210 MHz, 19.22 W, 280.00 W, 0 %, 0x0000000000000001
2, 2026/09/07 20:18:07.075, 41, 210 MHz, 23.10 W, 280.00 W, 0 %, 0x0000000000000001
3, 2026/09/07 20:18:07.077, 65, 1650 MHz, 278.23 W, 280.00 W, 78 %, 0x0000000000000004
4, 2026/09/07 20:18:07.078, 33, 210 MHz, 24.64 W, 280.00 W, 0 %, 0x0000000000000004
5, 2026/09/07 20:18:07.079, 31, 210 MHz, 21.47 W, 280.00 W, 0 %, 0x0000000000000001
0, 2026/09/07 20:18:09.081, 32, 210 MHz, 22.07 W, 280.00 W, 0 %, 0x0000000000000001
1, 2026/09/07 20:18:09.083, 36, 210 MHz, 19.16 W, 280.00 W, 0 %, 0x0000000000000004
2, 2026/09/07 20:18:09.084, 40, 210 MHz, 22.73 W, 280.00 W, 0 %, 0x0000000000000001
3, 2026/09/07 20:18:09.085, 66, 1740 MHz, 277.01 W, 280.00 W, 78 %, 0x0000000000000004
4, 2026/09/07 20:18:09.086, 33, 210 MHz, 24.45 W, 280.00 W, 0 %, 0x0000000000000004
5, 2026/09/07 20:18:09.087, 31, 210 MHz, 21.72 W, 280.00 W, 0 %, 0x0000000000000001
0, 2026/09/07 20:18:11.089, 32, 210 MHz, 21.73 W, 280.00 W, 0 %, 0x0000000000000001
1, 2026/09/07 20:18:11.091, 36, 210 MHz, 19.31 W, 280.00 W, 0 %, 0x0000000000000001
2, 2026/09/07 20:18:11.092, 40, 210 MHz, 22.46 W, 280.00 W, 0 %, 0x0000000000000001
3, 2026/09/07 20:18:11.094, 67, 1560 MHz, 280.13 W, 280.00 W, 100 %, 0x0000000000000004
4, 2026/09/07 20:18:11.095, 33, 210 MHz, 24.72 W, 280.00 W, 0 %, 0x0000000000000004
5, 2026/09/07 20:18:11.096, 31, 210 MHz, 21.52 W, 280.00 W, 0 %, 0x0000000000000001
0, 2026/09/07 20:18:13.098, 32, 210 MHz, 21.95 W, 280.00 W, 0 %, 0x0000000000000001
1, 2026/09/07 20:18:13.100, 36, 210 MHz, 19.26 W, 280.00 W, 0 %, 0x0000000000000001
2, 2026/09/07 20:18:13.101, 40, 210 MHz, 22.43 W, 280.00 W, 0 %, 0x0000000000000001
3, 2026/09/07 20:18:13.103, 68, 1560 MHz, 280.20 W, 280.00 W, 100 %, 0x0000000000000004
4, 2026/09/07 20:18:13.104, 33, 210 MHz, 24.57 W, 280.00 W, 0 %, 0x0000000000000004
5, 2026/09/07 20:18:13.106, 31, 210 MHz, 21.31 W, 280.00 W, 0 %, 0x0000000000000001
0, 2026/09/07 20:18:15.107, 32, 210 MHz, 22.11 W, 280.00 W, 0 %, 0x0000000000000001
1, 2026/09/07 20:18:15.109, 36, 210 MHz, 19.32 W, 280.00 W, 0 %, 0x0000000000000001
2, 2026/09/07 20:18:15.110, 39, 210 MHz, 22.38 W, 280.00 W, 0 %, 0x0000000000000001
3, 2026/09/07 20:18:15.112, 69, 1635 MHz, 278.20 W, 280.00 W, 100 %, 0x0000000000000004
4, 2026/09/07 20:18:15.112, 33, 210 MHz, 24.82 W, 280.00 W, 0 %, 0x0000000000000004
5, 2026/09/07 20:18:15.114, 31, 210 MHz, 21.40 W, 280.00 W, 0 %, 0x0000000000000001
0, 2026/09/07 20:18:17.115, 32, 210 MHz, 21.78 W, 280.00 W, 0 %, 0x0000000000000001
1, 2026/09/07 20:18:17.117, 36, 210 MHz, 19.47 W, 280.00 W, 0 %, 0x0000000000000001
2, 2026/09/07 20:18:17.118, 39, 210 MHz, 22.24 W, 280.00 W, 0 %, 0x0000000000000001
3, 2026/09/07 20:18:17.120, 69, 1560 MHz, 280.11 W, 280.00 W, 100 %, 0x0000000000000004
4, 2026/09/07 20:18:17.121, 33, 210 MHz, 24.68 W, 280.00 W, 0 %, 0x0000000000000001
5, 2026/09/07 20:18:17.122, 31, 210 MHz, 21.19 W, 280.00 W, 0 %, 0x0000000000000001
0, 2026/09/07 20:18:19.124, 32, 210 MHz, 21.83 W, 280.00 W, 0 %, 0x0000000000000001
1, 2026/09/07 20:18:19.125, 35, 210 MHz, 19.57 W, 280.00 W, 0 %, 0x0000000000000001
2, 2026/09/07 20:18:19.126, 39, 210 MHz, 22.17 W, 280.00 W, 0 %, 0x0000000000000001
3, 2026/09/07 20:18:19.128, 69, 1590 MHz, 277.64 W, 280.00 W, 78 %, 0x0000000000000004
4, 2026/09/07 20:18:19.128, 33, 210 MHz, 24.75 W, 280.00 W, 0 %, 0x0000000000000004
5, 2026/09/07 20:18:19.129, 31, 210 MHz, 21.20 W, 280.00 W, 0 %, 0x0000000000000001
0, 2026/09/07 20:18:21.131, 32, 210 MHz, 22.14 W, 280.00 W, 0 %, 0x0000000000000001
1, 2026/09/07 20:18:21.132, 35, 210 MHz, 19.46 W, 280.00 W, 0 %, 0x0000000000000001
2, 2026/09/07 20:18:21.133, 38, 210 MHz, 22.12 W, 280.00 W, 0 %, 0x0000000000000001
3, 2026/09/07 20:18:21.134, 70, 1560 MHz, 279.73 W, 280.00 W, 100 %, 0x0000000000000004
4, 2026/09/07 20:18:21.135, 33, 210 MHz, 24.69 W, 280.00 W, 0 %, 0x0000000000000004
5, 2026/09/07 20:18:21.136, 31, 210 MHz, 21.25 W, 280.00 W, 0 %, 0x0000000000000001
0, 2026/09/07 20:18:23.137, 32, 210 MHz, 22.08 W, 280.00 W, 0 %, 0x0000000000000001
1, 2026/09/07 20:18:23.139, 35, 210 MHz, 19.38 W, 280.00 W, 0 %, 0x0000000000000001
2, 2026/09/07 20:18:23.141, 38, 210 MHz, 22.03 W, 280.00 W, 0 %, 0x0000000000000001
3, 2026/09/07 20:18:23.142, 70, 1560 MHz, 279.62 W, 280.00 W, 100 %, 0x0000000000000004
4, 2026/09/07 20:18:23.143, 33, 210 MHz, 24.56 W, 280.00 W, 0 %, 0x0000000000000004
5, 2026/09/07 20:18:23.144, 31, 210 MHz, 21.10 W, 280.00 W, 0 %, 0x0000000000000001
0, 2026/09/07 20:18:25.146, 32, 210 MHz, 21.97 W, 280.00 W, 0 %, 0x0000000000000001
1, 2026/09/07 20:18:25.147, 35, 210 MHz, 19.47 W, 280.00 W, 0 %, 0x0000000000000001
2, 2026/09/07 20:18:25.148, 38, 210 MHz, 22.18 W, 280.00 W, 0 %, 0x0000000000000001
3, 2026/09/07 20:18:25.149, 72, 1605 MHz, 280.57 W, 280.00 W, 100 %, 0x0000000000000004
4, 2026/09/07 20:18:25.150, 33, 210 MHz, 24.43 W, 280.00 W, 0 %, 0x0000000000000001
5, 2026/09/07 20:18:25.151, 31, 210 MHz, 21.03 W, 280.00 W, 0 %, 0x0000000000000001
0, 2026/09/07 20:18:27.153, 32, 210 MHz, 22.09 W, 280.00 W, 0 %, 0x0000000000000001
1, 2026/09/07 20:18:27.154, 35, 210 MHz, 19.34 W, 280.00 W, 0 %, 0x0000000000000001
2, 2026/09/07 20:18:27.155, 38, 210 MHz, 21.86 W, 280.00 W, 0 %, 0x0000000000000001
3, 2026/09/07 20:18:27.156, 71, 1545 MHz, 279.73 W, 280.00 W, 100 %, 0x0000000000000004
4, 2026/09/07 20:18:27.157, 33, 210 MHz, 24.52 W, 280.00 W, 0 %, 0x0000000000000004
5, 2026/09/07 20:18:27.158, 31, 210 MHz, 21.27 W, 280.00 W, 0 %, 0x0000000000000001
0, 2026/09/07 20:18:29.159, 32, 210 MHz, 22.00 W, 280.00 W, 0 %, 0x0000000000000001
1, 2026/09/07 20:18:29.161, 35, 210 MHz, 19.34 W, 280.00 W, 0 %, 0x0000000000000001
2, 2026/09/07 20:18:29.162, 37, 210 MHz, 21.75 W, 280.00 W, 0 %, 0x0000000000000001
3, 2026/09/07 20:18:29.163, 73, 1620 MHz, 277.65 W, 280.00 W, 100 %, 0x0000000000000004
4, 2026/09/07 20:18:29.164, 33, 210 MHz, 24.58 W, 280.00 W, 0 %, 0x0000000000000001
5, 2026/09/07 20:18:29.165, 31, 210 MHz, 21.28 W, 280.00 W, 0 %, 0x0000000000000001
0, 2026/09/07 20:18:31.166, 32, 210 MHz, 22.05 W, 280.00 W, 0 %, 0x0000000000000001
1, 2026/09/07 20:18:31.167, 35, 210 MHz, 19.43 W, 280.00 W, 0 %, 0x0000000000000001
2, 2026/09/07 20:18:31.168, 37, 210 MHz, 22.02 W, 280.00 W, 0 %, 0x0000000000000001
3, 2026/09/07 20:18:31.169, 71, 1620 MHz, 277.99 W, 280.00 W, 86 %, 0x0000000000000004
4, 2026/09/07 20:18:31.170, 33, 210 MHz, 24.65 W, 280.00 W, 0 %, 0x0000000000000001
5, 2026/09/07 20:18:31.171, 31, 210 MHz, 21.25 W, 280.00 W, 0 %, 0x0000000000000001
0, 2026/09/07 20:18:33.172, 32, 210 MHz, 22.10 W, 280.00 W, 0 %, 0x0000000000000001
1, 2026/09/07 20:18:33.173, 35, 210 MHz, 19.34 W, 280.00 W, 0 %, 0x0000000000000001
2, 2026/09/07 20:18:33.173, 37, 210 MHz, 21.85 W, 280.00 W, 0 %, 0x0000000000000001
3, 2026/09/07 20:18:33.174, 73, 1500 MHz, 280.64 W, 280.00 W, 100 %, 0x0000000000000004
4, 2026/09/07 20:18:33.177, 33, 210 MHz, 24.67 W, 280.00 W, 0 %, 0x0000000000000004
5, 2026/09/07 20:18:33.179, 31, 210 MHz, 21.45 W, 280.00 W, 0 %, 0x0000000000000001
0, 2026/09/07 20:18:35.180, 32, 210 MHz, 22.07 W, 280.00 W, 0 %, 0x0000000000000001
1, 2026/09/07 20:18:35.183, 35, 210 MHz, 19.35 W, 280.00 W, 0 %, 0x0000000000000001
2, 2026/09/07 20:18:35.184, 37, 210 MHz, 21.81 W, 280.00 W, 0 %, 0x0000000000000001
3, 2026/09/07 20:18:35.185, 72, 1545 MHz, 279.71 W, 280.00 W, 100 %, 0x0000000000000004
4, 2026/09/07 20:18:35.185, 33, 210 MHz, 24.75 W, 280.00 W, 0 %, 0x0000000000000001
5, 2026/09/07 20:18:35.186, 31, 210 MHz, 21.43 W, 280.00 W, 0 %, 0x0000000000000001
0, 2026/09/07 20:18:37.187, 32, 210 MHz, 21.95 W, 280.00 W, 0 %, 0x0000000000000001
1, 2026/09/07 20:18:37.189, 35, 210 MHz, 19.36 W, 280.00 W, 0 %, 0x0000000000000001
2, 2026/09/07 20:18:37.190, 37, 210 MHz, 21.70 W, 280.00 W, 0 %, 0x0000000000000001
3, 2026/09/07 20:18:37.192, 74, 1500 MHz, 278.11 W, 280.00 W, 100 %, 0x0000000000000004
4, 2026/09/07 20:18:37.193, 33, 210 MHz, 24.72 W, 280.00 W, 0 %, 0x0000000000000004
5, 2026/09/07 20:18:37.199, 31, 210 MHz, 21.26 W, 280.00 W, 0 %, 0x0000000000000001
0, 2026/09/07 20:18:39.201, 32, 210 MHz, 21.97 W, 280.00 W, 0 %, 0x0000000000000001
1, 2026/09/07 20:18:39.203, 35, 210 MHz, 19.22 W, 280.00 W, 0 %, 0x0000000000000001
2, 2026/09/07 20:18:39.204, 37, 210 MHz, 21.49 W, 280.00 W, 0 %, 0x0000000000000001
3, 2026/09/07 20:18:39.205, 67, 1920 MHz, 199.77 W, 280.00 W, 0 %, 0x0000000000000000
4, 2026/09/07 20:18:39.205, 33, 210 MHz, 24.64 W, 280.00 W, 0 %, 0x0000000000000004
5, 2026/09/07 20:18:39.206, 31, 210 MHz, 21.31 W, 280.00 W, 0 %, 0x0000000000000001
0, 2026/09/07 20:18:41.208, 32, 210 MHz, 22.09 W, 280.00 W, 0 %, 0x0000000000000001
1, 2026/09/07 20:18:41.210, 35, 210 MHz, 19.26 W, 280.00 W, 0 %, 0x0000000000000001
2, 2026/09/07 20:18:41.211, 37, 210 MHz, 21.35 W, 280.00 W, 0 %, 0x0000000000000004
3, 2026/09/07 20:18:41.213, 64, 1695 MHz, 156.13 W, 280.00 W, 0 %, 0x0000000000000000
4, 2026/09/07 20:18:41.214, 33, 210 MHz, 24.45 W, 280.00 W, 0 %, 0x0000000000000001
5, 2026/09/07 20:18:41.215, 31, 210 MHz, 21.48 W, 280.00 W, 0 %, 0x0000000000000001
0, 2026/09/07 20:18:43.217, 32, 210 MHz, 21.80 W, 280.00 W, 0 %, 0x0000000000000001
1, 2026/09/07 20:18:43.218, 35, 210 MHz, 19.43 W, 280.00 W, 0 %, 0x0000000000000001
2, 2026/09/07 20:18:43.220, 36, 210 MHz, 22.03 W, 280.00 W, 0 %, 0x0000000000000001
3, 2026/09/07 20:18:43.221, 60, 1695 MHz, 127.07 W, 280.00 W, 0 %, 0x0000000000000000
4, 2026/09/07 20:18:43.221, 33, 210 MHz, 24.52 W, 280.00 W, 0 %, 0x0000000000000004
5, 2026/09/07 20:18:43.223, 31, 210 MHz, 21.57 W, 280.00 W, 0 %, 0x0000000000000001
0, 2026/09/07 20:18:45.224, 32, 210 MHz, 21.85 W, 280.00 W, 0 %, 0x0000000000000001
1, 2026/09/07 20:18:45.225, 35, 210 MHz, 19.42 W, 280.00 W, 0 %, 0x0000000000000001
2, 2026/09/07 20:18:45.227, 36, 210 MHz, 21.76 W, 280.00 W, 0 %, 0x0000000000000001
3, 2026/09/07 20:18:45.228, 59, 1695 MHz, 124.97 W, 280.00 W, 0 %, 0x0000000000000000
4, 2026/09/07 20:18:45.229, 52, 1635 MHz, 279.62 W, 280.00 W, 100 %, 0x0000000000000004
5, 2026/09/07 20:18:45.229, 31, 210 MHz, 21.36 W, 280.00 W, 0 %, 0x0000000000000001
0, 2026/09/07 20:18:47.231, 32, 210 MHz, 22.00 W, 280.00 W, 0 %, 0x0000000000000001
1, 2026/09/07 20:18:47.231, 35, 210 MHz, 19.53 W, 280.00 W, 0 %, 0x0000000000000004
2, 2026/09/07 20:18:47.233, 36, 210 MHz, 21.66 W, 280.00 W, 0 %, 0x0000000000000001
3, 2026/09/07 20:18:47.235, 58, 1695 MHz, 123.60 W, 280.00 W, 0 %, 0x0000000000000000
4, 2026/09/07 20:18:47.235, 56, 1680 MHz, 277.29 W, 280.00 W, 100 %, 0x0000000000000004
5, 2026/09/07 20:18:47.236, 31, 210 MHz, 21.18 W, 280.00 W, 0 %, 0x0000000000000001
0, 2026/09/07 20:18:49.237, 32, 210 MHz, 21.90 W, 280.00 W, 0 %, 0x0000000000000001
1, 2026/09/07 20:18:49.238, 35, 210 MHz, 19.57 W, 280.00 W, 0 %, 0x0000000000000001
2, 2026/09/07 20:18:49.239, 36, 210 MHz, 21.65 W, 280.00 W, 0 %, 0x0000000000000001
3, 2026/09/07 20:18:49.241, 57, 1695 MHz, 122.74 W, 280.00 W, 0 %, 0x0000000000000000
4, 2026/09/07 20:18:49.242, 55, 1605 MHz, 279.80 W, 280.00 W, 100 %, 0x0000000000000004
5, 2026/09/07 20:18:49.242, 31, 210 MHz, 21.42 W, 280.00 W, 0 %, 0x0000000000000001
0, 2026/09/07 20:18:51.244, 32, 210 MHz, 21.86 W, 280.00 W, 0 %, 0x0000000000000001
1, 2026/09/07 20:18:51.245, 35, 210 MHz, 19.46 W, 280.00 W, 0 %, 0x0000000000000001
2, 2026/09/07 20:18:51.246, 36, 210 MHz, 21.76 W, 280.00 W, 0 %, 0x0000000000000001
3, 2026/09/07 20:18:51.248, 57, 1695 MHz, 122.07 W, 280.00 W, 0 %, 0x0000000000000000
4, 2026/09/07 20:18:51.248, 57, 1590 MHz, 279.71 W, 280.00 W, 100 %, 0x0000000000000004
5, 2026/09/07 20:18:51.249, 31, 210 MHz, 21.22 W, 280.00 W, 0 %, 0x0000000000000001
0, 2026/09/07 20:18:53.250, 32, 210 MHz, 22.05 W, 280.00 W, 0 %, 0x0000000000000001
1, 2026/09/07 20:18:53.251, 35, 210 MHz, 19.30 W, 280.00 W, 0 %, 0x0000000000000001
2, 2026/09/07 20:18:53.252, 36, 210 MHz, 21.65 W, 280.00 W, 0 %, 0x0000000000000001
3, 2026/09/07 20:18:53.254, 56, 1695 MHz, 121.21 W, 280.00 W, 0 %, 0x0000000000000000
4, 2026/09/07 20:18:53.254, 57, 1590 MHz, 279.68 W, 280.00 W, 100 %, 0x0000000000000004
5, 2026/09/07 20:18:53.255, 31, 210 MHz, 21.20 W, 280.00 W, 0 %, 0x0000000000000001
0, 2026/09/07 20:18:55.257, 32, 210 MHz, 21.86 W, 280.00 W, 0 %, 0x0000000000000001
1, 2026/09/07 20:18:55.258, 35, 210 MHz, 19.26 W, 280.00 W, 0 %, 0x0000000000000001
2, 2026/09/07 20:18:55.259, 36, 210 MHz, 22.02 W, 280.00 W, 0 %, 0x0000000000000001
3, 2026/09/07 20:18:55.261, 56, 1695 MHz, 120.61 W, 280.00 W, 0 %, 0x0000000000000000
4, 2026/09/07 20:18:55.261, 59, 1590 MHz, 281.06 W, 280.00 W, 100 %, 0x0000000000000004
5, 2026/09/07 20:18:55.261, 31, 210 MHz, 21.24 W, 280.00 W, 0 %, 0x0000000000000001
0, 2026/09/07 20:18:57.263, 32, 210 MHz, 21.73 W, 280.00 W, 0 %, 0x0000000000000001
1, 2026/09/07 20:18:57.264, 34, 210 MHz, 19.29 W, 280.00 W, 0 %, 0x0000000000000001
2, 2026/09/07 20:18:57.265, 36, 210 MHz, 21.68 W, 280.00 W, 0 %, 0x0000000000000001
3, 2026/09/07 20:18:57.267, 51, 255 MHz, 91.21 W, 280.00 W, 0 %, 0x0000000000000001
4, 2026/09/07 20:18:57.268, 59, 1605 MHz, 279.54 W, 280.00 W, 100 %, 0x0000000000000004
5, 2026/09/07 20:18:57.269, 31, 210 MHz, 21.21 W, 280.00 W, 0 %, 0x0000000000000001
0, 2026/09/07 20:18:59.270, 32, 210 MHz, 21.91 W, 280.00 W, 0 %, 0x0000000000000001
1, 2026/09/07 20:18:59.271, 34, 210 MHz, 19.06 W, 280.00 W, 0 %, 0x0000000000000001
2, 2026/09/07 20:18:59.272, 36, 210 MHz, 21.59 W, 280.00 W, 0 %, 0x0000000000000001
3, 2026/09/07 20:18:59.273, 49, 210 MHz, 28.97 W, 280.00 W, 0 %, 0x0000000000000001
4, 2026/09/07 20:18:59.274, 61, 1650 MHz, 278.04 W, 280.00 W, 100 %, 0x0000000000000004
5, 2026/09/07 20:18:59.275, 31, 210 MHz, 21.35 W, 280.00 W, 0 %, 0x0000000000000001
0, 2026/09/07 20:19:01.277, 32, 210 MHz, 21.66 W, 280.00 W, 0 %, 0x0000000000000001
1, 2026/09/07 20:19:01.278, 34, 210 MHz, 19.07 W, 280.00 W, 0 %, 0x0000000000000001
2, 2026/09/07 20:19:01.279, 36, 210 MHz, 21.63 W, 280.00 W, 0 %, 0x0000000000000001
3, 2026/09/07 20:19:01.279, 47, 210 MHz, 26.90 W, 280.00 W, 0 %, 0x0000000000000001
4, 2026/09/07 20:19:01.280, 62, 1665 MHz, 278.49 W, 280.00 W, 100 %, 0x0000000000000004
5, 2026/09/07 20:19:01.281, 31, 210 MHz, 21.53 W, 280.00 W, 0 %, 0x0000000000000001
0, 2026/09/07 20:19:03.283, 32, 210 MHz, 21.90 W, 280.00 W, 0 %, 0x0000000000000001
1, 2026/09/07 20:19:03.284, 34, 210 MHz, 19.23 W, 280.00 W, 0 %, 0x0000000000000001
2, 2026/09/07 20:19:03.284, 35, 210 MHz, 21.82 W, 280.00 W, 0 %, 0x0000000000000001
3, 2026/09/07 20:19:03.285, 46, 210 MHz, 25.95 W, 280.00 W, 0 %, 0x0000000000000001
4, 2026/09/07 20:19:03.286, 61, 1590 MHz, 280.11 W, 280.00 W, 100 %, 0x0000000000000004
5, 2026/09/07 20:19:03.287, 31, 210 MHz, 21.23 W, 280.00 W, 0 %, 0x0000000000000001
0, 2026/09/07 20:19:05.288, 31, 210 MHz, 21.99 W, 280.00 W, 0 %, 0x0000000000000001
1, 2026/09/07 20:19:05.289, 34, 210 MHz, 19.09 W, 280.00 W, 0 %, 0x0000000000000001
2, 2026/09/07 20:19:05.290, 35, 210 MHz, 21.86 W, 280.00 W, 0 %, 0x0000000000000001
3, 2026/09/07 20:19:05.291, 45, 210 MHz, 25.37 W, 280.00 W, 0 %, 0x0000000000000001
4, 2026/09/07 20:19:05.292, 63, 1650 MHz, 278.04 W, 280.00 W, 100 %, 0x0000000000000004
5, 2026/09/07 20:19:05.292, 31, 210 MHz, 21.21 W, 280.00 W, 0 %, 0x0000000000000001
0, 2026/09/07 20:19:07.294, 31, 210 MHz, 21.77 W, 280.00 W, 0 %, 0x0000000000000001
1, 2026/09/07 20:19:07.296, 34, 210 MHz, 19.04 W, 280.00 W, 0 %, 0x0000000000000001
2, 2026/09/07 20:19:07.297, 35, 210 MHz, 21.78 W, 280.00 W, 0 %, 0x0000000000000001
3, 2026/09/07 20:19:07.298, 44, 210 MHz, 24.81 W, 280.00 W, 0 %, 0x0000000000000001
4, 2026/09/07 20:19:07.299, 64, 1575 MHz, 279.30 W, 280.00 W, 100 %, 0x0000000000000004
5, 2026/09/07 20:19:07.299, 31, 210 MHz, 21.37 W, 280.00 W, 0 %, 0x0000000000000001
0, 2026/09/07 20:19:09.301, 31, 210 MHz, 21.76 W, 280.00 W, 0 %, 0x0000000000000001
1, 2026/09/07 20:19:09.302, 34, 210 MHz, 19.26 W, 280.00 W, 0 %, 0x0000000000000001
2, 2026/09/07 20:19:09.303, 35, 210 MHz, 21.74 W, 280.00 W, 0 %, 0x0000000000000001
3, 2026/09/07 20:19:09.304, 44, 210 MHz, 24.51 W, 280.00 W, 0 %, 0x0000000000000001
4, 2026/09/07 20:19:09.304, 64, 1560 MHz, 279.63 W, 280.00 W, 100 %, 0x0000000000000004
5, 2026/09/07 20:19:09.305, 31, 210 MHz, 21.35 W, 280.00 W, 0 %, 0x0000000000000001
0, 2026/09/07 20:19:11.306, 31, 210 MHz, 21.83 W, 280.00 W, 0 %, 0x0000000000000001
1, 2026/09/07 20:19:11.308, 34, 210 MHz, 19.25 W, 280.00 W, 0 %, 0x0000000000000001
2, 2026/09/07 20:19:11.308, 35, 210 MHz, 21.89 W, 280.00 W, 0 %, 0x0000000000000001
3, 2026/09/07 20:19:11.309, 43, 210 MHz, 24.38 W, 280.00 W, 0 %, 0x0000000000000001
4, 2026/09/07 20:19:11.310, 65, 1560 MHz, 279.77 W, 280.00 W, 100 %, 0x0000000000000004
5, 2026/09/07 20:19:11.310, 31, 210 MHz, 21.24 W, 280.00 W, 0 %, 0x0000000000000001
0, 2026/09/07 20:19:13.311, 31, 210 MHz, 21.82 W, 280.00 W, 0 %, 0x0000000000000001
1, 2026/09/07 20:19:13.313, 34, 210 MHz, 19.20 W, 280.00 W, 0 %, 0x0000000000000001
2, 2026/09/07 20:19:13.313, 35, 210 MHz, 21.84 W, 280.00 W, 0 %, 0x0000000000000001
3, 2026/09/07 20:19:13.314, 43, 210 MHz, 24.23 W, 280.00 W, 0 %, 0x0000000000000001
4, 2026/09/07 20:19:13.315, 66, 1590 MHz, 280.72 W, 280.00 W, 100 %, 0x0000000000000004
5, 2026/09/07 20:19:13.315, 31, 210 MHz, 21.19 W, 280.00 W, 0 %, 0x0000000000000001
0, 2026/09/07 20:19:15.316, 31, 210 MHz, 21.76 W, 280.00 W, 0 %, 0x0000000000000001
1, 2026/09/07 20:19:15.318, 34, 210 MHz, 19.29 W, 280.00 W, 0 %, 0x0000000000000001
2, 2026/09/07 20:19:15.320, 35, 210 MHz, 21.88 W, 280.00 W, 0 %, 0x0000000000000001
3, 2026/09/07 20:19:15.322, 42, 210 MHz, 24.14 W, 280.00 W, 0 %, 0x0000000000000001
4, 2026/09/07 20:19:15.323, 67, 1560 MHz, 277.74 W, 280.00 W, 100 %, 0x0000000000000004
5, 2026/09/07 20:19:15.324, 31, 210 MHz, 21.37 W, 280.00 W, 0 %, 0x0000000000000001
0, 2026/09/07 20:19:17.326, 31, 210 MHz, 21.77 W, 280.00 W, 0 %, 0x0000000000000001
1, 2026/09/07 20:19:17.328, 34, 210 MHz, 19.23 W, 280.00 W, 0 %, 0x0000000000000001
2, 2026/09/07 20:19:17.329, 35, 210 MHz, 22.02 W, 280.00 W, 0 %, 0x0000000000000001
3, 2026/09/07 20:19:17.331, 42, 210 MHz, 24.31 W, 280.00 W, 0 %, 0x0000000000000001
4, 2026/09/07 20:19:17.333, 66, 1560 MHz, 279.52 W, 280.00 W, 100 %, 0x0000000000000004
5, 2026/09/07 20:19:17.334, 31, 210 MHz, 21.09 W, 280.00 W, 0 %, 0x0000000000000001
0, 2026/09/07 20:19:19.336, 31, 210 MHz, 21.96 W, 280.00 W, 0 %, 0x0000000000000001
1, 2026/09/07 20:19:19.338, 34, 210 MHz, 19.28 W, 280.00 W, 0 %, 0x0000000000000001
2, 2026/09/07 20:19:19.340, 35, 210 MHz, 21.92 W, 280.00 W, 0 %, 0x0000000000000001
3, 2026/09/07 20:19:19.341, 42, 210 MHz, 23.99 W, 280.00 W, 0 %, 0x0000000000000001
4, 2026/09/07 20:19:19.343, 68, 1620 MHz, 277.48 W, 280.00 W, 100 %, 0x0000000000000004
5, 2026/09/07 20:19:19.344, 31, 210 MHz, 21.31 W, 280.00 W, 0 %, 0x0000000000000001
0, 2026/09/07 20:19:21.346, 31, 210 MHz, 21.78 W, 280.00 W, 0 %, 0x0000000000000001
1, 2026/09/07 20:19:21.348, 34, 210 MHz, 19.43 W, 280.00 W, 0 %, 0x0000000000000001
2, 2026/09/07 20:19:21.350, 35, 210 MHz, 21.95 W, 280.00 W, 0 %, 0x0000000000000001
3, 2026/09/07 20:19:21.351, 41, 210 MHz, 23.91 W, 280.00 W, 0 %, 0x0000000000000001
4, 2026/09/07 20:19:21.353, 69, 1620 MHz, 277.58 W, 280.00 W, 100 %, 0x0000000000000004
5, 2026/09/07 20:19:21.353, 31, 210 MHz, 21.37 W, 280.00 W, 0 %, 0x0000000000000001
0, 2026/09/07 20:19:23.355, 31, 210 MHz, 21.64 W, 280.00 W, 0 %, 0x0000000000000001
1, 2026/09/07 20:19:23.358, 34, 210 MHz, 19.32 W, 280.00 W, 0 %, 0x0000000000000001
2, 2026/09/07 20:19:23.360, 35, 210 MHz, 22.07 W, 280.00 W, 0 %, 0x0000000000000001
3, 2026/09/07 20:19:23.362, 41, 210 MHz, 23.72 W, 280.00 W, 0 %, 0x0000000000000001
4, 2026/09/07 20:19:23.364, 68, 1560 MHz, 279.94 W, 280.00 W, 100 %, 0x0000000000000004
5, 2026/09/07 20:19:23.367, 31, 210 MHz, 21.30 W, 280.00 W, 0 %, 0x0000000000000001
0, 2026/09/07 20:19:25.370, 31, 210 MHz, 21.91 W, 280.00 W, 0 %, 0x0000000000000001
1, 2026/09/07 20:19:25.371, 34, 210 MHz, 19.29 W, 280.00 W, 0 %, 0x0000000000000004
2, 2026/09/07 20:19:25.373, 35, 210 MHz, 21.84 W, 280.00 W, 0 %, 0x0000000000000001
3, 2026/09/07 20:19:25.375, 41, 210 MHz, 23.49 W, 280.00 W, 0 %, 0x0000000000000001
4, 2026/09/07 20:19:25.376, 69, 1620 MHz, 277.28 W, 280.00 W, 100 %, 0x0000000000000004
5, 2026/09/07 20:19:25.377, 31, 210 MHz, 21.34 W, 280.00 W, 0 %, 0x0000000000000001
0, 2026/09/07 20:19:27.379, 31, 210 MHz, 21.98 W, 280.00 W, 0 %, 0x0000000000000001
1, 2026/09/07 20:19:27.381, 34, 210 MHz, 19.30 W, 280.00 W, 0 %, 0x0000000000000001
2, 2026/09/07 20:19:27.383, 35, 210 MHz, 21.92 W, 280.00 W, 0 %, 0x0000000000000004
3, 2026/09/07 20:19:27.384, 40, 210 MHz, 23.56 W, 280.00 W, 0 %, 0x0000000000000001
4, 2026/09/07 20:19:27.386, 69, 1530 MHz, 280.18 W, 280.00 W, 100 %, 0x0000000000000004
5, 2026/09/07 20:19:27.387, 31, 210 MHz, 21.46 W, 280.00 W, 0 %, 0x0000000000000001
0, 2026/09/07 20:19:29.389, 31, 210 MHz, 21.72 W, 280.00 W, 0 %, 0x0000000000000001
1, 2026/09/07 20:19:29.391, 34, 210 MHz, 19.27 W, 280.00 W, 0 %, 0x0000000000000001
2, 2026/09/07 20:19:29.392, 35, 210 MHz, 21.73 W, 280.00 W, 0 %, 0x0000000000000001
3, 2026/09/07 20:19:29.393, 40, 210 MHz, 23.42 W, 280.00 W, 0 %, 0x0000000000000001
4, 2026/09/07 20:19:29.395, 70, 1590 MHz, 278.21 W, 280.00 W, 77 %, 0x0000000000000004
5, 2026/09/07 20:19:29.396, 31, 210 MHz, 21.30 W, 280.00 W, 0 %, 0x0000000000000001
0, 2026/09/07 20:19:31.398, 31, 210 MHz, 22.00 W, 280.00 W, 0 %, 0x0000000000000001
1, 2026/09/07 20:19:31.400, 34, 210 MHz, 19.38 W, 280.00 W, 0 %, 0x0000000000000001
2, 2026/09/07 20:19:31.401, 35, 210 MHz, 21.71 W, 280.00 W, 0 %, 0x0000000000000001
3, 2026/09/07 20:19:31.403, 40, 210 MHz, 23.27 W, 280.00 W, 0 %, 0x0000000000000001
4, 2026/09/07 20:19:31.405, 70, 1500 MHz, 278.97 W, 280.00 W, 100 %, 0x0000000000000004
5, 2026/09/07 20:19:31.405, 31, 210 MHz, 21.47 W, 280.00 W, 0 %, 0x0000000000000001
0, 2026/09/07 20:19:33.407, 31, 210 MHz, 21.83 W, 280.00 W, 0 %, 0x0000000000000001
1, 2026/09/07 20:19:33.408, 34, 210 MHz, 19.34 W, 280.00 W, 0 %, 0x0000000000000001
2, 2026/09/07 20:19:33.411, 34, 210 MHz, 21.83 W, 280.00 W, 0 %, 0x0000000000000001
3, 2026/09/07 20:19:33.413, 40, 210 MHz, 23.35 W, 280.00 W, 0 %, 0x0000000000000001
4, 2026/09/07 20:19:33.413, 70, 1515 MHz, 279.31 W, 280.00 W, 100 %, 0x0000000000000004
5, 2026/09/07 20:19:33.414, 31, 210 MHz, 21.46 W, 280.00 W, 0 %, 0x0000000000000001
0, 2026/09/07 20:19:35.415, 31, 210 MHz, 21.78 W, 280.00 W, 0 %, 0x0000000000000001
1, 2026/09/07 20:19:35.417, 34, 210 MHz, 19.42 W, 280.00 W, 0 %, 0x0000000000000001
2, 2026/09/07 20:19:35.419, 34, 210 MHz, 21.90 W, 280.00 W, 0 %, 0x0000000000000001
3, 2026/09/07 20:19:35.421, 40, 210 MHz, 23.18 W, 280.00 W, 0 %, 0x0000000000000001
4, 2026/09/07 20:19:35.422, 71, 1605 MHz, 276.93 W, 280.00 W, 95 %, 0x0000000000000004
5, 2026/09/07 20:19:35.423, 31, 210 MHz, 21.37 W, 280.00 W, 0 %, 0x0000000000000001
0, 2026/09/07 20:19:37.425, 31, 210 MHz, 21.92 W, 280.00 W, 0 %, 0x0000000000000001
1, 2026/09/07 20:19:37.426, 34, 210 MHz, 19.50 W, 280.00 W, 0 %, 0x0000000000000001
2, 2026/09/07 20:19:37.428, 34, 210 MHz, 21.93 W, 280.00 W, 0 %, 0x0000000000000001
3, 2026/09/07 20:19:37.429, 40, 210 MHz, 23.18 W, 280.00 W, 0 %, 0x0000000000000001
4, 2026/09/07 20:19:37.431, 71, 1530 MHz, 279.89 W, 280.00 W, 100 %, 0x0000000000000004
5, 2026/09/07 20:19:37.432, 31, 210 MHz, 21.35 W, 280.00 W, 0 %, 0x0000000000000001
0, 2026/09/07 20:19:39.434, 31, 210 MHz, 21.79 W, 280.00 W, 0 %, 0x0000000000000001
1, 2026/09/07 20:19:39.436, 34, 210 MHz, 19.36 W, 280.00 W, 0 %, 0x0000000000000001
2, 2026/09/07 20:19:39.437, 34, 210 MHz, 21.88 W, 280.00 W, 0 %, 0x0000000000000001
3, 2026/09/07 20:19:39.438, 39, 210 MHz, 23.14 W, 280.00 W, 0 %, 0x0000000000000001
4, 2026/09/07 20:19:39.439, 71, 1590 MHz, 276.64 W, 280.00 W, 78 %, 0x0000000000000004
5, 2026/09/07 20:19:39.440, 31, 210 MHz, 21.44 W, 280.00 W, 0 %, 0x0000000000000001
0, 2026/09/07 20:19:41.442, 31, 210 MHz, 21.94 W, 280.00 W, 0 %, 0x0000000000000001
1, 2026/09/07 20:19:41.444, 34, 210 MHz, 19.26 W, 280.00 W, 0 %, 0x0000000000000001
2, 2026/09/07 20:19:41.445, 34, 210 MHz, 21.82 W, 280.00 W, 0 %, 0x0000000000000001
3, 2026/09/07 20:19:41.447, 39, 210 MHz, 22.94 W, 280.00 W, 0 %, 0x0000000000000001
4, 2026/09/07 20:19:41.449, 73, 1500 MHz, 279.66 W, 280.00 W, 100 %, 0x0000000000000004
5, 2026/09/07 20:19:41.450, 31, 210 MHz, 21.24 W, 280.00 W, 0 %, 0x0000000000000001
0, 2026/09/07 20:19:43.452, 31, 210 MHz, 22.04 W, 280.00 W, 0 %, 0x0000000000000001
1, 2026/09/07 20:19:43.453, 34, 210 MHz, 19.26 W, 280.00 W, 0 %, 0x0000000000000001
2, 2026/09/07 20:19:43.454, 34, 210 MHz, 21.87 W, 280.00 W, 0 %, 0x0000000000000001
3, 2026/09/07 20:19:43.455, 39, 210 MHz, 22.97 W, 280.00 W, 0 %, 0x0000000000000004
4, 2026/09/07 20:19:43.456, 72, 1500 MHz, 279.57 W, 280.00 W, 100 %, 0x0000000000000004
5, 2026/09/07 20:19:43.456, 31, 210 MHz, 21.19 W, 280.00 W, 0 %, 0x0000000000000001
0, 2026/09/07 20:19:45.457, 31, 210 MHz, 22.12 W, 280.00 W, 0 %, 0x0000000000000001
1, 2026/09/07 20:19:45.459, 34, 210 MHz, 19.30 W, 280.00 W, 0 %, 0x0000000000000001
2, 2026/09/07 20:19:45.460, 34, 210 MHz, 21.65 W, 280.00 W, 0 %, 0x0000000000000001
3, 2026/09/07 20:19:45.462, 39, 210 MHz, 23.06 W, 280.00 W, 0 %, 0x0000000000000001
4, 2026/09/07 20:19:45.463, 62, 1815 MHz, 137.36 W, 280.00 W, 0 %, 0x0000000000000000
5, 2026/09/07 20:19:45.464, 31, 210 MHz, 21.32 W, 280.00 W, 0 %, 0x0000000000000001
0, 2026/09/07 20:19:47.466, 31, 210 MHz, 21.83 W, 280.00 W, 0 %, 0x0000000000000001
1, 2026/09/07 20:19:47.468, 34, 210 MHz, 19.26 W, 280.00 W, 0 %, 0x0000000000000001
2, 2026/09/07 20:19:47.469, 34, 210 MHz, 21.81 W, 280.00 W, 0 %, 0x0000000000000001
3, 2026/09/07 20:19:47.471, 39, 210 MHz, 22.88 W, 280.00 W, 0 %, 0x0000000000000001
4, 2026/09/07 20:19:47.473, 59, 1695 MHz, 128.37 W, 280.00 W, 0 %, 0x0000000000000000
5, 2026/09/07 20:19:47.473, 31, 210 MHz, 21.57 W, 280.00 W, 0 %, 0x0000000000000001
0, 2026/09/07 20:19:49.475, 31, 210 MHz, 21.77 W, 280.00 W, 0 %, 0x0000000000000001
1, 2026/09/07 20:19:49.476, 34, 210 MHz, 19.25 W, 280.00 W, 0 %, 0x0000000000000001
2, 2026/09/07 20:19:49.478, 34, 210 MHz, 21.86 W, 280.00 W, 0 %, 0x0000000000000001
3, 2026/09/07 20:19:49.479, 39, 210 MHz, 22.60 W, 280.00 W, 0 %, 0x0000000000000001
4, 2026/09/07 20:19:49.481, 58, 1695 MHz, 127.05 W, 280.00 W, 0 %, 0x0000000000000000
5, 2026/09/07 20:19:49.481, 46, 1635 MHz, 185.51 W, 280.00 W, 100 %, 0x0000000000000004
0, 2026/09/07 20:19:51.482, 31, 210 MHz, 22.05 W, 280.00 W, 0 %, 0x0000000000000001
1, 2026/09/07 20:19:51.484, 34, 210 MHz, 19.25 W, 280.00 W, 0 %, 0x0000000000000001
2, 2026/09/07 20:19:51.485, 34, 210 MHz, 21.86 W, 280.00 W, 0 %, 0x0000000000000001
3, 2026/09/07 20:19:51.487, 39, 210 MHz, 22.71 W, 280.00 W, 0 %, 0x0000000000000001
4, 2026/09/07 20:19:51.489, 57, 1695 MHz, 126.00 W, 280.00 W, 0 %, 0x0000000000000000
5, 2026/09/07 20:19:51.489, 49, 1620 MHz, 278.77 W, 280.00 W, 100 %, 0x0000000000000004
0, 2026/09/07 20:19:53.490, 31, 210 MHz, 22.09 W, 280.00 W, 0 %, 0x0000000000000001
1, 2026/09/07 20:19:53.491, 34, 210 MHz, 19.33 W, 280.00 W, 0 %, 0x0000000000000001
2, 2026/09/07 20:19:53.491, 34, 210 MHz, 21.71 W, 280.00 W, 0 %, 0x0000000000000001
3, 2026/09/07 20:19:53.492, 38, 210 MHz, 22.76 W, 280.00 W, 0 %, 0x0000000000000001
4, 2026/09/07 20:19:53.493, 56, 1695 MHz, 125.21 W, 280.00 W, 0 %, 0x0000000000000000
5, 2026/09/07 20:19:53.493, 51, 1635 MHz, 279.46 W, 280.00 W, 100 %, 0x0000000000000004
0, 2026/09/07 20:19:55.494, 31, 210 MHz, 22.01 W, 280.00 W, 0 %, 0x0000000000000001
1, 2026/09/07 20:19:55.496, 33, 210 MHz, 19.30 W, 280.00 W, 0 %, 0x0000000000000001
2, 2026/09/07 20:19:55.497, 34, 210 MHz, 21.77 W, 280.00 W, 0 %, 0x0000000000000001
3, 2026/09/07 20:19:55.498, 38, 210 MHz, 22.57 W, 280.00 W, 0 %, 0x0000000000000001
4, 2026/09/07 20:19:55.499, 55, 1695 MHz, 124.45 W, 280.00 W, 0 %, 0x0000000000000000
5, 2026/09/07 20:19:55.500, 51, 1635 MHz, 279.97 W, 280.00 W, 100 %, 0x0000000000000004
0, 2026/09/07 20:19:57.500, 31, 210 MHz, 22.27 W, 280.00 W, 0 %, 0x0000000000000001
1, 2026/09/07 20:19:57.502, 33, 210 MHz, 19.21 W, 280.00 W, 0 %, 0x0000000000000001
2, 2026/09/07 20:19:57.504, 34, 210 MHz, 21.63 W, 280.00 W, 0 %, 0x0000000000000001
3, 2026/09/07 20:19:57.505, 38, 210 MHz, 22.43 W, 280.00 W, 0 %, 0x0000000000000001
4, 2026/09/07 20:19:57.507, 55, 1695 MHz, 123.46 W, 280.00 W, 0 %, 0x0000000000000000
5, 2026/09/07 20:19:57.508, 52, 1620 MHz, 279.40 W, 280.00 W, 100 %, 0x0000000000000004
0, 2026/09/07 20:19:59.509, 31, 210 MHz, 22.03 W, 280.00 W, 0 %, 0x0000000000000001
1, 2026/09/07 20:19:59.511, 33, 210 MHz, 19.46 W, 280.00 W, 0 %, 0x0000000000000001
2, 2026/09/07 20:19:59.512, 34, 210 MHz, 21.55 W, 280.00 W, 0 %, 0x0000000000000001
3, 2026/09/07 20:19:59.514, 38, 210 MHz, 22.49 W, 280.00 W, 0 %, 0x0000000000000001
4, 2026/09/07 20:19:59.515, 54, 1695 MHz, 122.74 W, 280.00 W, 0 %, 0x0000000000000000
5, 2026/09/07 20:19:59.516, 54, 1665 MHz, 276.40 W, 280.00 W, 100 %, 0x0000000000000004
0, 2026/09/07 20:20:01.517, 31, 210 MHz, 21.91 W, 280.00 W, 0 %, 0x0000000000000001
1, 2026/09/07 20:20:01.519, 33, 210 MHz, 19.19 W, 280.00 W, 0 %, 0x0000000000000001
2, 2026/09/07 20:20:01.520, 34, 210 MHz, 21.62 W, 280.00 W, 0 %, 0x0000000000000001
3, 2026/09/07 20:20:01.521, 38, 210 MHz, 22.51 W, 280.00 W, 0 %, 0x0000000000000001
4, 2026/09/07 20:20:01.523, 49, 315 MHz, 70.25 W, 280.00 W, 0 %, 0x0000000000000001
5, 2026/09/07 20:20:01.524, 54, 1620 MHz, 279.66 W, 280.00 W, 100 %, 0x0000000000000004
0, 2026/09/07 20:20:03.525, 31, 210 MHz, 22.13 W, 280.00 W, 0 %, 0x0000000000000001
1, 2026/09/07 20:20:03.526, 33, 210 MHz, 19.13 W, 280.00 W, 0 %, 0x0000000000000001
2, 2026/09/07 20:20:03.527, 34, 210 MHz, 21.76 W, 280.00 W, 0 %, 0x0000000000000001
3, 2026/09/07 20:20:03.527, 38, 210 MHz, 22.34 W, 280.00 W, 0 %, 0x0000000000000001
4, 2026/09/07 20:20:03.529, 46, 210 MHz, 29.13 W, 280.00 W, 0 %, 0x0000000000000001
5, 2026/09/07 20:20:03.530, 56, 1665 MHz, 277.62 W, 280.00 W, 100 %, 0x0000000000000004
0, 2026/09/07 20:20:05.530, 31, 210 MHz, 22.11 W, 280.00 W, 0 %, 0x0000000000000001
1, 2026/09/07 20:20:05.532, 33, 210 MHz, 19.15 W, 280.00 W, 0 %, 0x0000000000000001
2, 2026/09/07 20:20:05.533, 34, 210 MHz, 21.49 W, 280.00 W, 0 %, 0x0000000000000001
3, 2026/09/07 20:20:05.535, 38, 210 MHz, 22.61 W, 280.00 W, 0 %, 0x0000000000000001
4, 2026/09/07 20:20:05.536, 44, 210 MHz, 28.29 W, 280.00 W, 0 %, 0x0000000000000001
5, 2026/09/07 20:20:05.537, 56, 1650 MHz, 277.64 W, 280.00 W, 79 %, 0x0000000000000004
0, 2026/09/07 20:20:07.538, 31, 210 MHz, 22.13 W, 280.00 W, 0 %, 0x0000000000000001
1, 2026/09/07 20:20:07.540, 33, 210 MHz, 19.11 W, 280.00 W, 0 %, 0x0000000000000001
2, 2026/09/07 20:20:07.541, 34, 210 MHz, 21.62 W, 280.00 W, 0 %, 0x0000000000000001
3, 2026/09/07 20:20:07.542, 38, 210 MHz, 22.48 W, 280.00 W, 0 %, 0x0000000000000001
4, 2026/09/07 20:20:07.544, 43, 210 MHz, 27.44 W, 280.00 W, 0 %, 0x0000000000000001
5, 2026/09/07 20:20:07.545, 56, 1590 MHz, 279.60 W, 280.00 W, 100 %, 0x0000000000000004
0, 2026/09/07 20:20:09.546, 31, 210 MHz, 22.09 W, 280.00 W, 0 %, 0x0000000000000001
1, 2026/09/07 20:20:09.548, 33, 210 MHz, 19.08 W, 280.00 W, 0 %, 0x0000000000000001
2, 2026/09/07 20:20:09.550, 34, 210 MHz, 21.85 W, 280.00 W, 0 %, 0x0000000000000001
3, 2026/09/07 20:20:09.551, 38, 210 MHz, 22.36 W, 280.00 W, 0 %, 0x0000000000000001
4, 2026/09/07 20:20:09.552, 42, 210 MHz, 26.39 W, 280.00 W, 0 %, 0x0000000000000001
5, 2026/09/07 20:20:09.553, 58, 1635 MHz, 277.58 W, 280.00 W, 77 %, 0x0000000000000004
0, 2026/09/07 20:20:11.554, 31, 210 MHz, 22.23 W, 280.00 W, 0 %, 0x0000000000000001
1, 2026/09/07 20:20:11.556, 33, 210 MHz, 19.09 W, 280.00 W, 0 %, 0x0000000000000001
2, 2026/09/07 20:20:11.557, 34, 210 MHz, 21.93 W, 280.00 W, 0 %, 0x0000000000000001
3, 2026/09/07 20:20:11.558, 38, 210 MHz, 22.27 W, 280.00 W, 0 %, 0x0000000000000001
4, 2026/09/07 20:20:11.559, 41, 210 MHz, 26.13 W, 280.00 W, 0 %, 0x0000000000000001
5, 2026/09/07 20:20:11.561, 58, 1605 MHz, 279.72 W, 280.00 W, 100 %, 0x0000000000000004
0, 2026/09/07 20:20:13.562, 31, 210 MHz, 22.16 W, 280.00 W, 0 %, 0x0000000000000001
1, 2026/09/07 20:20:13.563, 33, 210 MHz, 19.21 W, 280.00 W, 0 %, 0x0000000000000001
2, 2026/09/07 20:20:13.564, 34, 210 MHz, 21.81 W, 280.00 W, 0 %, 0x0000000000000001
3, 2026/09/07 20:20:13.565, 38, 210 MHz, 22.26 W, 280.00 W, 0 %, 0x0000000000000001
4, 2026/09/07 20:20:13.566, 41, 210 MHz, 25.33 W, 280.00 W, 0 %, 0x0000000000000001
5, 2026/09/07 20:20:13.566, 58, 1620 MHz, 276.98 W, 280.00 W, 79 %, 0x0000000000000004
0, 2026/09/07 20:20:15.568, 31, 210 MHz, 22.14 W, 280.00 W, 0 %, 0x0000000000000004
1, 2026/09/07 20:20:15.569, 33, 210 MHz, 19.17 W, 280.00 W, 0 %, 0x0000000000000001
2, 2026/09/07 20:20:15.570, 34, 210 MHz, 21.84 W, 280.00 W, 0 %, 0x0000000000000001
3, 2026/09/07 20:20:15.572, 37, 210 MHz, 22.47 W, 280.00 W, 0 %, 0x0000000000000001
4, 2026/09/07 20:20:15.573, 40, 210 MHz, 25.19 W, 280.00 W, 0 %, 0x0000000000000001
5, 2026/09/07 20:20:15.574, 60, 1605 MHz, 279.71 W, 280.00 W, 100 %, 0x0000000000000004
0, 2026/09/07 20:20:17.575, 31, 210 MHz, 22.06 W, 280.00 W, 0 %, 0x0000000000000001
1, 2026/09/07 20:20:17.576, 33, 210 MHz, 19.10 W, 280.00 W, 0 %, 0x0000000000000001
2, 2026/09/07 20:20:17.576, 34, 210 MHz, 21.76 W, 280.00 W, 0 %, 0x0000000000000001
3, 2026/09/07 20:20:17.578, 37, 210 MHz, 22.24 W, 280.00 W, 0 %, 0x0000000000000001
4, 2026/09/07 20:20:17.579, 40, 210 MHz, 24.77 W, 280.00 W, 0 %, 0x0000000000000001
5, 2026/09/07 20:20:17.580, 61, 1650 MHz, 277.11 W, 280.00 W, 100 %, 0x0000000000000004
0, 2026/09/07 20:20:19.581, 31, 210 MHz, 22.24 W, 280.00 W, 0 %, 0x0000000000000001
1, 2026/09/07 20:20:19.582, 33, 210 MHz, 19.12 W, 280.00 W, 0 %, 0x0000000000000001
2, 2026/09/07 20:20:19.583, 34, 210 MHz, 21.81 W, 280.00 W, 0 %, 0x0000000000000001
3, 2026/09/07 20:20:19.584, 37, 210 MHz, 22.05 W, 280.00 W, 0 %, 0x0000000000000001
4, 2026/09/07 20:20:19.585, 40, 210 MHz, 24.62 W, 280.00 W, 0 %, 0x0000000000000001
5, 2026/09/07 20:20:19.586, 61, 1590 MHz, 280.15 W, 280.00 W, 100 %, 0x0000000000000004
0, 2026/09/07 20:20:21.587, 31, 210 MHz, 21.97 W, 280.00 W, 0 %, 0x0000000000000001
1, 2026/09/07 20:20:21.588, 33, 210 MHz, 19.06 W, 280.00 W, 0 %, 0x0000000000000001
2, 2026/09/07 20:20:21.589, 33, 210 MHz, 21.96 W, 280.00 W, 0 %, 0x0000000000000001
3, 2026/09/07 20:20:21.590, 37, 210 MHz, 22.01 W, 280.00 W, 0 %, 0x0000000000000001
4, 2026/09/07 20:20:21.591, 39, 210 MHz, 24.67 W, 280.00 W, 0 %, 0x0000000000000001
5, 2026/09/07 20:20:21.592, 62, 1665 MHz, 276.89 W, 280.00 W, 100 %, 0x0000000000000004
0, 2026/09/07 20:20:23.593, 31, 210 MHz, 22.07 W, 280.00 W, 0 %, 0x0000000000000001
1, 2026/09/07 20:20:23.594, 33, 210 MHz, 18.93 W, 280.00 W, 0 %, 0x0000000000000001
2, 2026/09/07 20:20:23.595, 33, 210 MHz, 21.85 W, 280.00 W, 0 %, 0x0000000000000001
3, 2026/09/07 20:20:23.597, 37, 210 MHz, 22.00 W, 280.00 W, 0 %, 0x0000000000000001
4, 2026/09/07 20:20:23.597, 39, 210 MHz, 24.57 W, 280.00 W, 0 %, 0x0000000000000001
5, 2026/09/07 20:20:23.598, 62, 1590 MHz, 279.25 W, 280.00 W, 100 %, 0x0000000000000004
0, 2026/09/07 20:20:25.599, 31, 210 MHz, 22.19 W, 280.00 W, 0 %, 0x0000000000000001
1, 2026/09/07 20:20:25.600, 33, 210 MHz, 19.06 W, 280.00 W, 0 %, 0x0000000000000001
2, 2026/09/07 20:20:25.601, 33, 210 MHz, 21.84 W, 280.00 W, 0 %, 0x0000000000000001
3, 2026/09/07 20:20:25.601, 37, 210 MHz, 21.97 W, 280.00 W, 0 %, 0x0000000000000001
4, 2026/09/07 20:20:25.602, 39, 210 MHz, 24.29 W, 280.00 W, 0 %, 0x0000000000000001
5, 2026/09/07 20:20:25.603, 63, 1635 MHz, 277.57 W, 280.00 W, 100 %, 0x0000000000000004
0, 2026/09/07 20:20:27.604, 31, 210 MHz, 22.05 W, 280.00 W, 0 %, 0x0000000000000001
1, 2026/09/07 20:20:27.605, 33, 210 MHz, 18.86 W, 280.00 W, 0 %, 0x0000000000000001
2, 2026/09/07 20:20:27.605, 33, 210 MHz, 21.72 W, 280.00 W, 0 %, 0x0000000000000001
3, 2026/09/07 20:20:27.606, 37, 210 MHz, 22.21 W, 280.00 W, 0 %, 0x0000000000000001
4, 2026/09/07 20:20:27.607, 38, 210 MHz, 24.32 W, 280.00 W, 0 %, 0x0000000000000001
5, 2026/09/07 20:20:27.607, 63, 1575 MHz, 279.63 W, 280.00 W, 100 %, 0x0000000000000004
0, 2026/09/07 20:20:29.608, 31, 210 MHz, 22.13 W, 280.00 W, 0 %, 0x0000000000000001
1, 2026/09/07 20:20:29.609, 33, 210 MHz, 18.82 W, 280.00 W, 0 %, 0x0000000000000001
2, 2026/09/07 20:20:29.610, 33, 210 MHz, 21.59 W, 280.00 W, 0 %, 0x0000000000000001
3, 2026/09/07 20:20:29.611, 37, 210 MHz, 22.42 W, 280.00 W, 0 %, 0x0000000000000001
4, 2026/09/07 20:20:29.611, 38, 210 MHz, 24.48 W, 280.00 W, 0 %, 0x0000000000000001
5, 2026/09/07 20:20:29.612, 64, 1650 MHz, 277.19 W, 280.00 W, 89 %, 0x0000000000000004
0, 2026/09/07 20:20:31.613, 31, 210 MHz, 22.16 W, 280.00 W, 0 %, 0x0000000000000001
1, 2026/09/07 20:20:31.614, 33, 210 MHz, 18.99 W, 280.00 W, 0 %, 0x0000000000000001
2, 2026/09/07 20:20:31.615, 33, 210 MHz, 21.43 W, 280.00 W, 0 %, 0x0000000000000001
3, 2026/09/07 20:20:31.616, 37, 210 MHz, 22.51 W, 280.00 W, 0 %, 0x0000000000000001
4, 2026/09/07 20:20:31.617, 38, 210 MHz, 24.34 W, 280.00 W, 0 %, 0x0000000000000001
5, 2026/09/07 20:20:31.618, 64, 1575 MHz, 279.77 W, 280.00 W, 100 %, 0x0000000000000004
0, 2026/09/07 20:20:33.618, 31, 210 MHz, 22.01 W, 280.00 W, 0 %, 0x0000000000000001
1, 2026/09/07 20:20:33.623, 33, 210 MHz, 18.92 W, 280.00 W, 0 %, 0x0000000000000001
2, 2026/09/07 20:20:33.624, 33, 210 MHz, 21.53 W, 280.00 W, 0 %, 0x0000000000000001
3, 2026/09/07 20:20:33.625, 37, 210 MHz, 22.49 W, 280.00 W, 0 %, 0x0000000000000001
4, 2026/09/07 20:20:33.626, 38, 210 MHz, 24.27 W, 280.00 W, 0 %, 0x0000000000000001
5, 2026/09/07 20:20:33.627, 65, 1590 MHz, 277.78 W, 280.00 W, 79 %, 0x0000000000000004
0, 2026/09/07 20:20:35.632, 31, 210 MHz, 21.96 W, 280.00 W, 0 %, 0x0000000000000001
1, 2026/09/07 20:20:35.634, 33, 210 MHz, 18.93 W, 280.00 W, 0 %, 0x0000000000000001
2, 2026/09/07 20:20:35.636, 33, 210 MHz, 21.40 W, 280.00 W, 0 %, 0x0000000000000001
3, 2026/09/07 20:20:35.637, 37, 210 MHz, 22.47 W, 280.00 W, 0 %, 0x0000000000000001
4, 2026/09/07 20:20:35.639, 37, 210 MHz, 24.37 W, 280.00 W, 0 %, 0x0000000000000001
5, 2026/09/07 20:20:35.641, 65, 1575 MHz, 280.01 W, 280.00 W, 100 %, 0x0000000000000004
0, 2026/09/07 20:20:37.641, 31, 210 MHz, 22.11 W, 280.00 W, 0 %, 0x0000000000000001
1, 2026/09/07 20:20:37.643, 33, 210 MHz, 19.04 W, 280.00 W, 0 %, 0x0000000000000001
2, 2026/09/07 20:20:37.644, 33, 210 MHz, 21.60 W, 280.00 W, 0 %, 0x0000000000000001
3, 2026/09/07 20:20:37.646, 37, 210 MHz, 22.41 W, 280.00 W, 0 %, 0x0000000000000001
4, 2026/09/07 20:20:37.648, 37, 210 MHz, 24.25 W, 280.00 W, 0 %, 0x0000000000000001
5, 2026/09/07 20:20:37.649, 65, 1710 MHz, 279.32 W, 280.00 W, 94 %, 0x0000000000000004
0, 2026/09/07 20:20:39.651, 31, 210 MHz, 22.03 W, 280.00 W, 0 %, 0x0000000000000001
1, 2026/09/07 20:20:39.652, 33, 210 MHz, 19.10 W, 280.00 W, 0 %, 0x0000000000000001
2, 2026/09/07 20:20:39.654, 33, 210 MHz, 21.89 W, 280.00 W, 0 %, 0x0000000000000001
3, 2026/09/07 20:20:39.655, 37, 210 MHz, 22.02 W, 280.00 W, 0 %, 0x0000000000000001
4, 2026/09/07 20:20:39.657, 37, 210 MHz, 24.12 W, 280.00 W, 0 %, 0x0000000000000001
5, 2026/09/07 20:20:39.658, 66, 1575 MHz, 280.04 W, 280.00 W, 100 %, 0x0000000000000004
0, 2026/09/07 20:20:41.659, 31, 210 MHz, 21.95 W, 280.00 W, 0 %, 0x0000000000000001
1, 2026/09/07 20:20:41.661, 33, 210 MHz, 19.09 W, 280.00 W, 0 %, 0x0000000000000001
2, 2026/09/07 20:20:41.663, 33, 210 MHz, 21.72 W, 280.00 W, 0 %, 0x0000000000000001
3, 2026/09/07 20:20:41.665, 37, 210 MHz, 21.97 W, 280.00 W, 0 %, 0x0000000000000001
4, 2026/09/07 20:20:41.666, 37, 210 MHz, 24.21 W, 280.00 W, 0 %, 0x0000000000000001
5, 2026/09/07 20:20:41.668, 67, 1560 MHz, 280.39 W, 280.00 W, 100 %, 0x0000000000000004
0, 2026/09/07 20:20:43.669, 31, 210 MHz, 22.12 W, 280.00 W, 0 %, 0x0000000000000001
1, 2026/09/07 20:20:43.670, 33, 210 MHz, 19.02 W, 280.00 W, 0 %, 0x0000000000000001
2, 2026/09/07 20:20:43.671, 33, 210 MHz, 21.60 W, 280.00 W, 0 %, 0x0000000000000001
3, 2026/09/07 20:20:43.671, 37, 210 MHz, 22.18 W, 280.00 W, 0 %, 0x0000000000000001
4, 2026/09/07 20:20:43.672, 37, 210 MHz, 24.18 W, 280.00 W, 0 %, 0x0000000000000001
5, 2026/09/07 20:20:43.673, 67, 1575 MHz, 279.91 W, 280.00 W, 100 %, 0x0000000000000004
0, 2026/09/07 20:20:45.674, 31, 210 MHz, 21.87 W, 280.00 W, 0 %, 0x0000000000000001
1, 2026/09/07 20:20:45.676, 33, 210 MHz, 19.36 W, 280.00 W, 0 %, 0x0000000000000001
2, 2026/09/07 20:20:45.677, 33, 210 MHz, 21.63 W, 280.00 W, 0 %, 0x0000000000000001
3, 2026/09/07 20:20:45.679, 37, 210 MHz, 22.03 W, 280.00 W, 0 %, 0x0000000000000001
4, 2026/09/07 20:20:45.680, 37, 210 MHz, 23.98 W, 280.00 W, 0 %, 0x0000000000000001
5, 2026/09/07 20:20:45.682, 68, 1635 MHz, 277.39 W, 280.00 W, 100 %, 0x0000000000000004
0, 2026/09/07 20:20:47.683, 31, 210 MHz, 21.92 W, 280.00 W, 0 %, 0x0000000000000001
1, 2026/09/07 20:20:47.685, 33, 210 MHz, 19.05 W, 280.00 W, 0 %, 0x0000000000000001
2, 2026/09/07 20:20:47.686, 33, 210 MHz, 21.91 W, 280.00 W, 0 %, 0x0000000000000001
3, 2026/09/07 20:20:47.688, 36, 210 MHz, 22.20 W, 280.00 W, 0 %, 0x0000000000000001
4, 2026/09/07 20:20:47.690, 37, 210 MHz, 24.09 W, 280.00 W, 0 %, 0x0000000000000001
5, 2026/09/07 20:20:47.691, 67, 1560 MHz, 279.74 W, 280.00 W, 100 %, 0x0000000000000004
0, 2026/09/07 20:20:49.692, 31, 210 MHz, 22.00 W, 280.00 W, 0 %, 0x0000000000000001
1, 2026/09/07 20:20:49.694, 33, 210 MHz, 18.83 W, 280.00 W, 0 %, 0x0000000000000001
2, 2026/09/07 20:20:49.695, 33, 210 MHz, 21.59 W, 280.00 W, 0 %, 0x0000000000000001
3, 2026/09/07 20:20:49.697, 36, 210 MHz, 22.15 W, 280.00 W, 0 %, 0x0000000000000001
4, 2026/09/07 20:20:49.699, 37, 210 MHz, 24.15 W, 280.00 W, 0 %, 0x0000000000000001
5, 2026/09/07 20:20:49.701, 63, 1770 MHz, 250.40 W, 280.00 W, 0 %, 0x0000000000000000
0, 2026/09/07 20:20:51.701, 31, 210 MHz, 21.83 W, 280.00 W, 0 %, 0x0000000000000001
1, 2026/09/07 20:20:51.703, 33, 210 MHz, 19.05 W, 280.00 W, 0 %, 0x0000000000000001
2, 2026/09/07 20:20:51.704, 33, 210 MHz, 21.63 W, 280.00 W, 0 %, 0x0000000000000001
3, 2026/09/07 20:20:51.706, 36, 210 MHz, 22.15 W, 280.00 W, 0 %, 0x0000000000000001
4, 2026/09/07 20:20:51.708, 36, 210 MHz, 23.88 W, 280.00 W, 0 %, 0x0000000000000001
5, 2026/09/07 20:20:51.709, 59, 1695 MHz, 123.17 W, 280.00 W, 0 %, 0x0000000000000000
0, 2026/09/07 20:20:53.709, 31, 210 MHz, 22.04 W, 280.00 W, 0 %, 0x0000000000000001
1, 2026/09/07 20:20:53.711, 33, 210 MHz, 18.92 W, 280.00 W, 0 %, 0x0000000000000001
2, 2026/09/07 20:20:53.713, 33, 210 MHz, 21.79 W, 280.00 W, 0 %, 0x0000000000000001
3, 2026/09/07 20:20:53.714, 36, 210 MHz, 22.09 W, 280.00 W, 0 %, 0x0000000000000001
4, 2026/09/07 20:20:53.716, 36, 210 MHz, 23.89 W, 280.00 W, 0 %, 0x0000000000000001
5, 2026/09/07 20:20:53.717, 58, 1695 MHz, 118.53 W, 280.00 W, 0 %, 0x0000000000000000
0, 2026/09/07 20:20:55.718, 31, 210 MHz, 21.95 W, 280.00 W, 0 %, 0x0000000000000001
1, 2026/09/07 20:20:55.720, 33, 210 MHz, 18.80 W, 280.00 W, 0 %, 0x0000000000000001
2, 2026/09/07 20:20:55.721, 33, 210 MHz, 21.80 W, 280.00 W, 0 %, 0x0000000000000001
3, 2026/09/07 20:20:55.723, 36, 210 MHz, 22.24 W, 280.00 W, 0 %, 0x0000000000000001
4, 2026/09/07 20:20:55.724, 36, 210 MHz, 23.99 W, 280.00 W, 0 %, 0x0000000000000001
5, 2026/09/07 20:20:55.726, 57, 1695 MHz, 118.19 W, 280.00 W, 0 %, 0x0000000000000000
0, 2026/09/07 20:20:57.726, 31, 210 MHz, 22.15 W, 280.00 W, 0 %, 0x0000000000000001
1, 2026/09/07 20:20:57.728, 33, 210 MHz, 19.16 W, 280.00 W, 0 %, 0x0000000000000001
2, 2026/09/07 20:20:57.729, 33, 210 MHz, 21.69 W, 280.00 W, 0 %, 0x0000000000000001
3, 2026/09/07 20:20:57.731, 36, 210 MHz, 22.00 W, 280.00 W, 0 %, 0x0000000000000001
4, 2026/09/07 20:20:57.732, 36, 210 MHz, 23.85 W, 280.00 W, 0 %, 0x0000000000000001
5, 2026/09/07 20:20:57.734, 56, 1695 MHz, 117.92 W, 280.00 W, 0 %, 0x0000000000000000
0, 2026/09/07 20:20:59.735, 43, 1635 MHz, 116.45 W, 280.00 W, 100 %, 0x0000000000000004
1, 2026/09/07 20:20:59.736, 46, 1590 MHz, 143.54 W, 280.00 W, 100 %, 0x0000000000000004
2, 2026/09/07 20:20:59.736, 52, 1665 MHz, 172.68 W, 280.00 W, 78 %, 0x0000000000000004
3, 2026/09/07 20:20:59.737, 53, 1575 MHz, 192.74 W, 280.00 W, 75 %, 0x0000000000000004
4, 2026/09/07 20:20:59.738, 52, 1635 MHz, 199.42 W, 280.00 W, 100 %, 0x0000000000000004
5, 2026/09/07 20:20:59.739, 62, 1590 MHz, 199.52 W, 280.00 W, 100 %, 0x0000000000000004
0, 2026/09/07 20:21:01.740, 46, 1680 MHz, 219.00 W, 280.00 W, 100 %, 0x0000000000000004
1, 2026/09/07 20:21:01.741, 51, 1635 MHz, 276.33 W, 280.00 W, 100 %, 0x0000000000000004
2, 2026/09/07 20:21:01.741, 56, 1635 MHz, 272.11 W, 280.00 W, 100 %, 0x0000000000000004
3, 2026/09/07 20:21:01.742, 56, 1635 MHz, 274.54 W, 280.00 W, 100 %, 0x0000000000000004
4, 2026/09/07 20:21:01.743, 57, 1665 MHz, 231.19 W, 280.00 W, 100 %, 0x0000000000000004
5, 2026/09/07 20:21:01.744, 65, 1635 MHz, 270.28 W, 280.00 W, 100 %, 0x0000000000000004
0, 2026/09/07 20:21:03.745, 47, 1605 MHz, 279.58 W, 280.00 W, 100 %, 0x0000000000000004
1, 2026/09/07 20:21:03.746, 52, 1635 MHz, 277.01 W, 280.00 W, 100 %, 0x0000000000000004
2, 2026/09/07 20:21:03.746, 58, 1635 MHz, 278.37 W, 280.00 W, 100 %, 0x0000000000000004
3, 2026/09/07 20:21:03.747, 58, 1665 MHz, 277.50 W, 280.00 W, 100 %, 0x0000000000000004
4, 2026/09/07 20:21:03.747, 57, 1605 MHz, 279.27 W, 280.00 W, 100 %, 0x0000000000000004
5, 2026/09/07 20:21:03.748, 66, 1635 MHz, 278.27 W, 280.00 W, 84 %, 0x0000000000000004
0, 2026/09/07 20:21:05.749, 49, 1665 MHz, 277.30 W, 280.00 W, 100 %, 0x0000000000000004
1, 2026/09/07 20:21:05.750, 52, 1575 MHz, 279.48 W, 280.00 W, 100 %, 0x0000000000000004
2, 2026/09/07 20:21:05.750, 57, 1680 MHz, 278.11 W, 280.00 W, 86 %, 0x0000000000000004
3, 2026/09/07 20:21:05.751, 60, 1605 MHz, 279.99 W, 280.00 W, 100 %, 0x0000000000000004
4, 2026/09/07 20:21:05.752, 59, 1650 MHz, 277.76 W, 280.00 W, 100 %, 0x0000000000000004
5, 2026/09/07 20:21:05.752, 67, 1635 MHz, 277.24 W, 280.00 W, 100 %, 0x0000000000000004
0, 2026/09/07 20:21:07.753, 50, 1590 MHz, 279.80 W, 280.00 W, 100 %, 0x0000000000000004
1, 2026/09/07 20:21:07.754, 54, 1620 MHz, 277.36 W, 280.00 W, 100 %, 0x0000000000000004
2, 2026/09/07 20:21:07.755, 58, 1590 MHz, 278.55 W, 280.00 W, 100 %, 0x0000000000000004
3, 2026/09/07 20:21:07.755, 60, 1695 MHz, 276.30 W, 280.00 W, 100 %, 0x0000000000000004
4, 2026/09/07 20:21:07.756, 59, 1590 MHz, 279.92 W, 280.00 W, 100 %, 0x0000000000000004
5, 2026/09/07 20:21:07.757, 66, 1560 MHz, 280.13 W, 280.00 W, 100 %, 0x0000000000000004
0, 2026/09/07 20:21:09.758, 52, 1665 MHz, 277.05 W, 280.00 W, 100 %, 0x0000000000000004
1, 2026/09/07 20:21:09.759, 54, 1560 MHz, 279.87 W, 280.00 W, 100 %, 0x0000000000000004
2, 2026/09/07 20:21:09.759, 61, 1605 MHz, 276.95 W, 280.00 W, 100 %, 0x0000000000000004
3, 2026/09/07 20:21:09.760, 61, 1575 MHz, 278.61 W, 280.00 W, 100 %, 0x0000000000000004
4, 2026/09/07 20:21:09.760, 61, 1650 MHz, 277.54 W, 280.00 W, 100 %, 0x0000000000000004
5, 2026/09/07 20:21:09.761, 68, 1620 MHz, 277.79 W, 280.00 W, 82 %, 0x0000000000000004
0, 2026/09/07 20:21:11.762, 52, 1575 MHz, 280.18 W, 280.00 W, 100 %, 0x0000000000000004
1, 2026/09/07 20:21:11.763, 56, 1650 MHz, 277.20 W, 280.00 W, 100 %, 0x0000000000000004
2, 2026/09/07 20:21:11.763, 60, 1620 MHz, 279.58 W, 280.00 W, 100 %, 0x0000000000000004
3, 2026/09/07 20:21:11.764, 63, 1545 MHz, 279.64 W, 280.00 W, 100 %, 0x0000000000000004
4, 2026/09/07 20:21:11.764, 62, 1665 MHz, 277.64 W, 280.00 W, 100 %, 0x0000000000000004
5, 2026/09/07 20:21:11.765, 68, 1545 MHz, 279.95 W, 280.00 W, 100 %, 0x0000000000000004
0, 2026/09/07 20:21:13.766, 54, 1650 MHz, 277.13 W, 280.00 W, 100 %, 0x0000000000000004
1, 2026/09/07 20:21:13.767, 56, 1650 MHz, 278.33 W, 280.00 W, 100 %, 0x0000000000000004
2, 2026/09/07 20:21:13.768, 62, 1620 MHz, 277.12 W, 280.00 W, 100 %, 0x0000000000000004
3, 2026/09/07 20:21:13.768, 63, 1575 MHz, 279.38 W, 280.00 W, 100 %, 0x0000000000000004
4, 2026/09/07 20:21:13.769, 62, 1755 MHz, 279.23 W, 280.00 W, 100 %, 0x0000000000000004
5, 2026/09/07 20:21:13.770, 67, 1590 MHz, 276.77 W, 280.00 W, 77 %, 0x0000000000000004
0, 2026/09/07 20:21:15.771, 54, 1590 MHz, 280.02 W, 280.00 W, 100 %, 0x0000000000000004
1, 2026/09/07 20:21:15.772, 56, 1575 MHz, 280.03 W, 280.00 W, 100 %, 0x0000000000000004
2, 2026/09/07 20:21:15.772, 61, 1650 MHz, 276.93 W, 280.00 W, 74 %, 0x0000000000000004
3, 2026/09/07 20:21:15.773, 65, 1635 MHz, 279.03 W, 280.00 W, 100 %, 0x0000000000000004
4, 2026/09/07 20:21:15.773, 64, 1590 MHz, 280.67 W, 280.00 W, 100 %, 0x0000000000000004
5, 2026/09/07 20:21:15.774, 69, 1530 MHz, 280.52 W, 280.00 W, 100 %, 0x0000000000000004
0, 2026/09/07 20:21:17.775, 56, 1650 MHz, 276.98 W, 280.00 W, 100 %, 0x0000000000000004
1, 2026/09/07 20:21:17.776, 58, 1470 MHz, 278.71 W, 280.00 W, 100 %, 0x0000000000000004
2, 2026/09/07 20:21:17.777, 63, 1605 MHz, 280.18 W, 280.00 W, 100 %, 0x0000000000000004
3, 2026/09/07 20:21:17.777, 64, 1575 MHz, 279.87 W, 280.00 W, 100 %, 0x0000000000000004
4, 2026/09/07 20:21:17.778, 64, 1575 MHz, 279.72 W, 280.00 W, 100 %, 0x0000000000000004
5, 2026/09/07 20:21:17.779, 68, 1695 MHz, 279.45 W, 280.00 W, 100 %, 0x0000000000000004
0, 2026/09/07 20:21:19.780, 56, 1560 MHz, 279.45 W, 280.00 W, 100 %, 0x0000000000000004
1, 2026/09/07 20:21:19.780, 59, 1635 MHz, 278.35 W, 280.00 W, 100 %, 0x0000000000000004
2, 2026/09/07 20:21:19.781, 61, 1590 MHz, 277.06 W, 280.00 W, 78 %, 0x0000000000000004
3, 2026/09/07 20:21:19.782, 66, 1620 MHz, 280.58 W, 280.00 W, 100 %, 0x0000000000000004
4, 2026/09/07 20:21:19.782, 66, 1635 MHz, 277.42 W, 280.00 W, 100 %, 0x0000000000000004
5, 2026/09/07 20:21:19.783, 69, 1545 MHz, 278.00 W, 280.00 W, 100 %, 0x0000000000000004
0, 2026/09/07 20:21:21.784, 58, 1590 MHz, 279.32 W, 280.00 W, 100 %, 0x0000000000000004
1, 2026/09/07 20:21:21.785, 59, 1635 MHz, 277.27 W, 280.00 W, 100 %, 0x0000000000000004
2, 2026/09/07 20:21:21.786, 64, 1590 MHz, 279.60 W, 280.00 W, 100 %, 0x0000000000000004
3, 2026/09/07 20:21:21.786, 67, 1650 MHz, 278.85 W, 280.00 W, 100 %, 0x0000000000000004
4, 2026/09/07 20:21:21.787, 66, 1635 MHz, 277.59 W, 280.00 W, 100 %, 0x0000000000000004
5, 2026/09/07 20:21:21.788, 71, 1620 MHz, 277.39 W, 280.00 W, 100 %, 0x0000000000000004
0, 2026/09/07 20:21:23.789, 59, 1605 MHz, 280.31 W, 280.00 W, 100 %, 0x0000000000000004
1, 2026/09/07 20:21:23.790, 59, 1575 MHz, 279.87 W, 280.00 W, 100 %, 0x0000000000000004
2, 2026/09/07 20:21:23.790, 64, 1785 MHz, 279.81 W, 280.00 W, 100 %, 0x0000000000000004
3, 2026/09/07 20:21:23.791, 67, 1635 MHz, 277.42 W, 280.00 W, 100 %, 0x0000000000000004
4, 2026/09/07 20:21:23.791, 66, 1560 MHz, 279.73 W, 280.00 W, 100 %, 0x0000000000000004
5, 2026/09/07 20:21:23.792, 70, 1710 MHz, 279.85 W, 280.00 W, 100 %, 0x0000000000000004
0, 2026/09/07 20:21:25.793, 60, 1635 MHz, 277.89 W, 280.00 W, 100 %, 0x0000000000000004
1, 2026/09/07 20:21:25.794, 60, 1635 MHz, 277.36 W, 280.00 W, 100 %, 0x0000000000000004
2, 2026/09/07 20:21:25.795, 66, 1575 MHz, 279.23 W, 280.00 W, 100 %, 0x0000000000000004
3, 2026/09/07 20:21:25.795, 67, 1635 MHz, 278.14 W, 280.00 W, 85 %, 0x0000000000000004
4, 2026/09/07 20:21:25.796, 68, 1620 MHz, 277.57 W, 280.00 W, 100 %, 0x0000000000000004
5, 2026/09/07 20:21:25.797, 72, 1545 MHz, 280.43 W, 280.00 W, 100 %, 0x0000000000000004
0, 2026/09/07 20:21:27.798, 60, 1575 MHz, 280.07 W, 280.00 W, 100 %, 0x0000000000000004
1, 2026/09/07 20:21:27.799, 60, 1635 MHz, 277.61 W, 280.00 W, 79 %, 0x0000000000000004
2, 2026/09/07 20:21:27.799, 65, 1590 MHz, 279.81 W, 280.00 W, 100 %, 0x0000000000000004
3, 2026/09/07 20:21:27.800, 69, 1575 MHz, 280.11 W, 280.00 W, 100 %, 0x0000000000000004
4, 2026/09/07 20:21:27.801, 67, 1560 MHz, 280.19 W, 280.00 W, 100 %, 0x0000000000000004
5, 2026/09/07 20:21:27.801, 70, 1545 MHz, 279.45 W, 280.00 W, 100 %, 0x0000000000000004
0, 2026/09/07 20:21:29.802, 61, 1635 MHz, 277.64 W, 280.00 W, 76 %, 0x0000000000000004
1, 2026/09/07 20:21:29.803, 61, 1575 MHz, 279.74 W, 280.00 W, 100 %, 0x0000000000000004
2, 2026/09/07 20:21:29.804, 66, 1590 MHz, 279.53 W, 280.00 W, 100 %, 0x0000000000000004
3, 2026/09/07 20:21:29.805, 68, 1770 MHz, 276.26 W, 280.00 W, 77 %, 0x0000000000000004
4, 2026/09/07 20:21:29.806, 68, 1620 MHz, 276.85 W, 280.00 W, 77 %, 0x0000000000000004
5, 2026/09/07 20:21:29.806, 72, 1605 MHz, 277.14 W, 280.00 W, 100 %, 0x0000000000000004
0, 2026/09/07 20:21:31.807, 62, 1560 MHz, 280.26 W, 280.00 W, 100 %, 0x0000000000000004
1, 2026/09/07 20:21:31.808, 61, 1560 MHz, 279.69 W, 280.00 W, 100 %, 0x0000000000000004
2, 2026/09/07 20:21:31.809, 66, 1575 MHz, 279.59 W, 280.00 W, 100 %, 0x0000000000000004
3, 2026/09/07 20:21:31.809, 70, 1545 MHz, 279.99 W, 280.00 W, 100 %, 0x0000000000000004
4, 2026/09/07 20:21:31.810, 67, 1590 MHz, 278.17 W, 280.00 W, 96 %, 0x0000000000000004
5, 2026/09/07 20:21:31.810, 71, 1530 MHz, 279.86 W, 280.00 W, 100 %, 0x0000000000000004
0, 2026/09/07 20:21:33.812, 62, 1545 MHz, 279.99 W, 280.00 W, 100 %, 0x0000000000000004
1, 2026/09/07 20:21:33.813, 63, 1560 MHz, 279.94 W, 280.00 W, 100 %, 0x0000000000000004
2, 2026/09/07 20:21:33.813, 67, 1575 MHz, 277.67 W, 280.00 W, 100 %, 0x0000000000000004
3, 2026/09/07 20:21:33.814, 70, 1545 MHz, 279.60 W, 280.00 W, 100 %, 0x0000000000000004
4, 2026/09/07 20:21:33.815, 70, 1545 MHz, 280.09 W, 280.00 W, 100 %, 0x0000000000000004
5, 2026/09/07 20:21:33.815, 73, 1470 MHz, 277.79 W, 280.00 W, 100 %, 0x0000000000000004
0, 2026/09/07 20:21:35.816, 63, 1725 MHz, 276.51 W, 280.00 W, 77 %, 0x0000000000000004
1, 2026/09/07 20:21:35.817, 63, 1635 MHz, 279.37 W, 280.00 W, 100 %, 0x0000000000000004
2, 2026/09/07 20:21:35.818, 67, 1575 MHz, 279.32 W, 280.00 W, 100 %, 0x0000000000000004
3, 2026/09/07 20:21:35.819, 72, 1515 MHz, 280.12 W, 280.00 W, 100 %, 0x0000000000000004
4, 2026/09/07 20:21:35.819, 69, 1530 MHz, 280.11 W, 280.00 W, 100 %, 0x0000000000000004
5, 2026/09/07 20:21:35.820, 72, 1530 MHz, 278.47 W, 280.00 W, 100 %, 0x0000000000000004
0, 2026/09/07 20:21:37.821, 64, 1515 MHz, 280.11 W, 280.00 W, 100 %, 0x0000000000000004
1, 2026/09/07 20:21:37.822, 62, 1560 MHz, 279.66 W, 280.00 W, 100 %, 0x0000000000000004
2, 2026/09/07 20:21:37.822, 68, 1635 MHz, 277.26 W, 280.00 W, 100 %, 0x0000000000000004
3, 2026/09/07 20:21:37.823, 72, 1605 MHz, 277.77 W, 280.00 W, 100 %, 0x0000000000000004
4, 2026/09/07 20:21:37.824, 71, 1530 MHz, 279.82 W, 280.00 W, 100 %, 0x0000000000000004
5, 2026/09/07 20:21:37.824, 73, 1590 MHz, 277.41 W, 280.00 W, 100 %, 0x0000000000000004
0, 2026/09/07 20:21:39.825, 65, 1635 MHz, 278.20 W, 280.00 W, 84 %, 0x0000000000000004
1, 2026/09/07 20:21:39.826, 64, 1635 MHz, 277.42 W, 280.00 W, 100 %, 0x0000000000000004
2, 2026/09/07 20:21:39.827, 68, 1590 MHz, 280.05 W, 280.00 W, 100 %, 0x0000000000000004
3, 2026/09/07 20:21:39.827, 73, 1620 MHz, 278.51 W, 280.00 W, 100 %, 0x0000000000000004
4, 2026/09/07 20:21:39.828, 70, 1530 MHz, 279.83 W, 280.00 W, 100 %, 0x0000000000000004
5, 2026/09/07 20:21:39.829, 72, 1515 MHz, 280.27 W, 280.00 W, 100 %, 0x0000000000000004
0, 2026/09/07 20:21:41.830, 65, 1515 MHz, 279.36 W, 280.00 W, 100 %, 0x0000000000000004
1, 2026/09/07 20:21:41.831, 63, 1560 MHz, 280.22 W, 280.00 W, 100 %, 0x0000000000000004
2, 2026/09/07 20:21:41.831, 69, 1635 MHz, 277.60 W, 280.00 W, 100 %, 0x0000000000000004
3, 2026/09/07 20:21:41.832, 73, 1605 MHz, 279.23 W, 280.00 W, 100 %, 0x0000000000000004
4, 2026/09/07 20:21:41.833, 72, 1605 MHz, 278.24 W, 280.00 W, 100 %, 0x0000000000000004
5, 2026/09/07 20:21:41.833, 73, 1590 MHz, 277.64 W, 280.00 W, 94 %, 0x0000000000000004
0, 2026/09/07 20:21:43.834, 67, 1605 MHz, 276.98 W, 280.00 W, 100 %, 0x0000000000000004
1, 2026/09/07 20:21:43.835, 65, 1620 MHz, 277.48 W, 280.00 W, 100 %, 0x0000000000000004
2, 2026/09/07 20:21:43.836, 69, 1575 MHz, 280.05 W, 280.00 W, 100 %, 0x0000000000000004
3, 2026/09/07 20:21:43.836, 73, 1545 MHz, 280.28 W, 280.00 W, 100 %, 0x0000000000000004
4, 2026/09/07 20:21:43.837, 72, 1530 MHz, 279.69 W, 280.00 W, 100 %, 0x0000000000000004
5, 2026/09/07 20:21:43.838, 73, 1515 MHz, 280.07 W, 280.00 W, 100 %, 0x0000000000000004
0, 2026/09/07 20:21:45.839, 67, 1515 MHz, 279.55 W, 280.00 W, 100 %, 0x0000000000000004
1, 2026/09/07 20:21:45.840, 64, 1545 MHz, 280.21 W, 280.00 W, 100 %, 0x0000000000000004
2, 2026/09/07 20:21:45.840, 70, 1620 MHz, 277.20 W, 280.00 W, 100 %, 0x0000000000000004
3, 2026/09/07 20:21:45.841, 74, 1590 MHz, 277.95 W, 280.00 W, 100 %, 0x0000000000000004
4, 2026/09/07 20:21:45.841, 73, 1500 MHz, 279.51 W, 280.00 W, 100 %, 0x0000000000000004
5, 2026/09/07 20:21:45.842, 75, 1530 MHz, 278.78 W, 280.00 W, 100 %, 0x0000000000000004
0, 2026/09/07 20:21:47.843, 68, 1590 MHz, 277.63 W, 280.00 W, 100 %, 0x0000000000000004
1, 2026/09/07 20:21:47.844, 65, 1590 MHz, 277.44 W, 280.00 W, 77 %, 0x0000000000000004
2, 2026/09/07 20:21:47.845, 69, 1575 MHz, 279.71 W, 280.00 W, 100 %, 0x0000000000000004
3, 2026/09/07 20:21:47.845, 74, 1590 MHz, 277.55 W, 280.00 W, 100 %, 0x0000000000000004
4, 2026/09/07 20:21:47.846, 73, 1590 MHz, 277.07 W, 280.00 W, 100 %, 0x0000000000000004
5, 2026/09/07 20:21:47.846, 74, 1500 MHz, 279.77 W, 280.00 W, 100 %, 0x0000000000000004
0, 2026/09/07 20:21:49.847, 70, 1605 MHz, 278.56 W, 280.00 W, 100 %, 0x0000000000000004
1, 2026/09/07 20:21:49.848, 65, 1545 MHz, 279.61 W, 280.00 W, 100 %, 0x0000000000000004
2, 2026/09/07 20:21:49.849, 70, 1560 MHz, 280.00 W, 280.00 W, 100 %, 0x0000000000000004
3, 2026/09/07 20:21:49.849, 74, 1515 MHz, 268.68 W, 280.00 W, 100 %, 0x0000000000000024
4, 2026/09/07 20:21:49.850, 73, 1515 MHz, 279.83 W, 280.00 W, 99 %, 0x0000000000000004
5, 2026/09/07 20:21:49.850, 75, 1590 MHz, 277.38 W, 280.00 W, 100 %, 0x0000000000000004
0, 2026/09/07 20:21:51.851, 69, 1500 MHz, 280.50 W, 280.00 W, 100 %, 0x0000000000000004
1, 2026/09/07 20:21:51.852, 65, 1725 MHz, 279.77 W, 280.00 W, 100 %, 0x0000000000000004
2, 2026/09/07 20:21:51.853, 71, 1635 MHz, 277.33 W, 280.00 W, 76 %, 0x0000000000000004
3, 2026/09/07 20:21:51.854, 74, 1500 MHz, 278.00 W, 280.00 W, 100 %, 0x0000000000000004
4, 2026/09/07 20:21:51.854, 75, 1455 MHz, 279.93 W, 280.00 W, 100 %, 0x0000000000000004
5, 2026/09/07 20:21:51.855, 74, 1500 MHz, 280.10 W, 280.00 W, 100 %, 0x0000000000000004
0, 2026/09/07 20:21:53.856, 70, 1590 MHz, 277.49 W, 280.00 W, 77 %, 0x0000000000000004
1, 2026/09/07 20:21:53.857, 67, 1530 MHz, 279.27 W, 280.00 W, 100 %, 0x0000000000000004
2, 2026/09/07 20:21:53.858, 71, 1635 MHz, 277.53 W, 280.00 W, 85 %, 0x0000000000000004
3, 2026/09/07 20:21:53.858, 75, 1515 MHz, 278.24 W, 280.00 W, 100 %, 0x0000000000000020
4, 2026/09/07 20:21:53.859, 76, 1590 MHz, 279.12 W, 280.00 W, 100 %, 0x0000000000000004
5, 2026/09/07 20:21:53.860, 74, 1575 MHz, 279.18 W, 280.00 W, 92 %, 0x0000000000000004
0, 2026/09/07 20:21:55.861, 71, 1485 MHz, 280.34 W, 280.00 W, 100 %, 0x0000000000000004
1, 2026/09/07 20:21:55.862, 68, 1500 MHz, 279.38 W, 280.00 W, 100 %, 0x0000000000000004
2, 2026/09/07 20:21:55.862, 71, 1560 MHz, 279.87 W, 280.00 W, 100 %, 0x0000000000000004
3, 2026/09/07 20:21:55.863, 74, 1470 MHz, 272.37 W, 280.00 W, 100 %, 0x0000000000000020
4, 2026/09/07 20:21:55.863, 75, 1605 MHz, 277.53 W, 280.00 W, 100 %, 0x0000000000000004
5, 2026/09/07 20:21:55.864, 76, 1485 MHz, 280.00 W, 280.00 W, 100 %, 0x0000000000000004
0, 2026/09/07 20:21:57.865, 70, 1485 MHz, 279.94 W, 280.00 W, 100 %, 0x0000000000000004
1, 2026/09/07 20:21:57.866, 67, 1605 MHz, 277.54 W, 280.00 W, 77 %, 0x0000000000000004
2, 2026/09/07 20:21:57.866, 71, 1530 MHz, 278.84 W, 280.00 W, 100 %, 0x0000000000000004
3, 2026/09/07 20:21:57.867, 74, 1755 MHz, 274.97 W, 280.00 W, 77 %, 0x0000000000000024
4, 2026/09/07 20:21:57.868, 76, 1500 MHz, 279.92 W, 280.00 W, 100 %, 0x0000000000000004
5, 2026/09/07 20:21:57.868, 75, 1470 MHz, 279.63 W, 280.00 W, 100 %, 0x0000000000000004
0, 2026/09/07 20:21:59.869, 73, 1575 MHz, 277.48 W, 280.00 W, 100 %, 0x0000000000000004
1, 2026/09/07 20:21:59.870, 67, 1545 MHz, 280.24 W, 280.00 W, 100 %, 0x0000000000000004
2, 2026/09/07 20:21:59.871, 72, 1620 MHz, 277.01 W, 280.00 W, 77 %, 0x0000000000000004
3, 2026/09/07 20:21:59.871, 75, 1485 MHz, 270.97 W, 280.00 W, 100 %, 0x0000000000000020
4, 2026/09/07 20:21:59.872, 77, 1485 MHz, 279.93 W, 280.00 W, 100 %, 0x0000000000000004
5, 2026/09/07 20:21:59.873, 76, 1575 MHz, 277.15 W, 280.00 W, 100 %, 0x0000000000000004
0, 2026/09/07 20:22:01.874, 67, 1935 MHz, 219.84 W, 280.00 W, 0 %, 0x0000000000000000
1, 2026/09/07 20:22:01.874, 63, 1905 MHz, 223.63 W, 280.00 W, 0 %, 0x0000000000000000
2, 2026/09/07 20:22:01.875, 72, 1545 MHz, 279.66 W, 280.00 W, 100 %, 0x0000000000000004
3, 2026/09/07 20:22:01.875, 71, 1905 MHz, 254.29 W, 280.00 W, 0 %, 0x0000000000000024
4, 2026/09/07 20:22:01.876, 72, 1905 MHz, 248.20 W, 280.00 W, 0 %, 0x0000000000000004
5, 2026/09/07 20:22:01.876, 72, 1875 MHz, 268.82 W, 280.00 W, 14 %, 0x0000000000000004
0, 2026/09/07 20:22:03.877, 63, 1695 MHz, 159.71 W, 280.00 W, 0 %, 0x0000000000000000
1, 2026/09/07 20:22:03.878, 60, 1695 MHz, 141.96 W, 280.00 W, 0 %, 0x0000000000000000
2, 2026/09/07 20:22:03.878, 66, 1905 MHz, 161.62 W, 280.00 W, 0 %, 0x0000000000000000
3, 2026/09/07 20:22:03.879, 67, 1695 MHz, 164.79 W, 280.00 W, 0 %, 0x0000000000000000
4, 2026/09/07 20:22:03.879, 67, 1695 MHz, 161.69 W, 280.00 W, 0 %, 0x0000000000000000
5, 2026/09/07 20:22:03.880, 66, 1695 MHz, 151.33 W, 280.00 W, 0 %, 0x0000000000000000
0, 2026/09/07 20:22:05.880, 60, 1695 MHz, 129.34 W, 280.00 W, 0 %, 0x0000000000000000
1, 2026/09/07 20:22:05.881, 58, 1695 MHz, 118.09 W, 280.00 W, 0 %, 0x0000000000000000
2, 2026/09/07 20:22:05.882, 62, 1695 MHz, 133.54 W, 280.00 W, 0 %, 0x0000000000000000
3, 2026/09/07 20:22:05.882, 62, 1695 MHz, 134.79 W, 280.00 W, 0 %, 0x0000000000000000
4, 2026/09/07 20:22:05.883, 61, 1695 MHz, 131.39 W, 280.00 W, 0 %, 0x0000000000000000
5, 2026/09/07 20:22:05.883, 62, 1695 MHz, 124.98 W, 280.00 W, 0 %, 0x0000000000000000
0, 2026/09/07 20:22:07.884, 66, 1590 MHz, 220.07 W, 280.00 W, 100 %, 0x0000000000000004
1, 2026/09/07 20:22:07.885, 64, 1590 MHz, 225.86 W, 280.00 W, 100 %, 0x0000000000000004
2, 2026/09/07 20:22:07.885, 67, 1575 MHz, 185.88 W, 280.00 W, 100 %, 0x0000000000000004
3, 2026/09/07 20:22:07.886, 69, 1545 MHz, 220.98 W, 280.00 W, 100 %, 0x0000000000000004
4, 2026/09/07 20:22:07.886, 66, 1590 MHz, 281.61 W, 280.00 W, 100 %, 0x0000000000000004
5, 2026/09/07 20:22:07.887, 68, 1560 MHz, 248.34 W, 280.00 W, 75 %, 0x0000000000000004
0, 2026/09/07 20:22:09.888, 69, 1575 MHz, 277.15 W, 280.00 W, 100 %, 0x0000000000000004
1, 2026/09/07 20:22:09.888, 65, 1515 MHz, 279.82 W, 280.00 W, 100 %, 0x0000000000000004
2, 2026/09/07 20:22:09.889, 70, 1635 MHz, 279.63 W, 280.00 W, 100 %, 0x0000000000000004
3, 2026/09/07 20:22:09.890, 72, 1500 MHz, 279.86 W, 280.00 W, 100 %, 0x0000000000000004
4, 2026/09/07 20:22:09.891, 68, 1470 MHz, 279.39 W, 280.00 W, 100 %, 0x0000000000000004
5, 2026/09/07 20:22:09.891, 70, 1500 MHz, 279.64 W, 280.00 W, 100 %, 0x0000000000000004
0, 2026/09/07 20:22:11.892, 70, 1455 MHz, 279.80 W, 280.00 W, 100 %, 0x0000000000000004
1, 2026/09/07 20:22:11.893, 67, 1605 MHz, 277.34 W, 280.00 W, 75 %, 0x0000000000000004
2, 2026/09/07 20:22:11.894, 70, 1560 MHz, 279.75 W, 280.00 W, 100 %, 0x0000000000000004
3, 2026/09/07 20:22:11.894, 73, 1590 MHz, 277.21 W, 280.00 W, 100 %, 0x0000000000000004
4, 2026/09/07 20:22:11.895, 70, 1575 MHz, 276.84 W, 280.00 W, 100 %, 0x0000000000000004
5, 2026/09/07 20:22:11.897, 72, 1530 MHz, 279.64 W, 280.00 W, 100 %, 0x0000000000000004
0, 2026/09/07 20:22:13.898, 73, 1455 MHz, 279.36 W, 280.00 W, 100 %, 0x0000000000000004
1, 2026/09/07 20:22:13.899, 67, 1605 MHz, 277.62 W, 280.00 W, 76 %, 0x0000000000000004
2, 2026/09/07 20:22:13.900, 72, 1620 MHz, 277.27 W, 280.00 W, 100 %, 0x0000000000000004
3, 2026/09/07 20:22:13.900, 74, 1470 MHz, 267.25 W, 280.00 W, 100 %, 0x0000000000000020
4, 2026/09/07 20:22:13.901, 71, 1500 MHz, 280.04 W, 280.00 W, 100 %, 0x0000000000000004
5, 2026/09/07 20:22:13.902, 72, 1530 MHz, 278.50 W, 280.00 W, 100 %, 0x0000000000000004
0, 2026/09/07 20:22:15.903, 71, 1515 MHz, 276.70 W, 280.00 W, 77 %, 0x0000000000000004
1, 2026/09/07 20:22:15.903, 68, 1515 MHz, 280.04 W, 280.00 W, 100 %, 0x0000000000000004
2, 2026/09/07 20:22:15.904, 71, 1680 MHz, 276.01 W, 280.00 W, 73 %, 0x0000000000000004
3, 2026/09/07 20:22:15.905, 74, 1485 MHz, 273.19 W, 280.00 W, 100 %, 0x0000000000000020
4, 2026/09/07 20:22:15.906, 71, 1740 MHz, 276.00 W, 280.00 W, 77 %, 0x0000000000000004
5, 2026/09/07 20:22:15.906, 74, 1545 MHz, 279.99 W, 280.00 W, 100 %, 0x0000000000000004
0, 2026/09/07 20:22:17.907, 72, 1470 MHz, 279.58 W, 280.00 W, 100 %, 0x0000000000000004
1, 2026/09/07 20:22:17.908, 68, 1605 MHz, 276.87 W, 280.00 W, 77 %, 0x0000000000000004
2, 2026/09/07 20:22:17.908, 74, 1500 MHz, 279.70 W, 280.00 W, 100 %, 0x0000000000000004
3, 2026/09/07 20:22:17.909, 75, 1455 MHz, 257.94 W, 280.00 W, 100 %, 0x0000000000000020
4, 2026/09/07 20:22:17.910, 73, 1440 MHz, 279.69 W, 280.00 W, 100 %, 0x0000000000000004
5, 2026/09/07 20:22:17.911, 73, 1515 MHz, 279.52 W, 280.00 W, 100 %, 0x0000000000000004
0, 2026/09/07 20:22:19.911, 74, 1575 MHz, 276.90 W, 280.00 W, 100 %, 0x0000000000000004
1, 2026/09/07 20:22:19.912, 69, 1530 MHz, 280.14 W, 280.00 W, 100 %, 0x0000000000000004
2, 2026/09/07 20:22:19.913, 73, 1545 MHz, 279.54 W, 280.00 W, 100 %, 0x0000000000000004
3, 2026/09/07 20:22:19.914, 74, 1395 MHz, 261.33 W, 280.00 W, 77 %, 0x0000000000000020
4, 2026/09/07 20:22:19.915, 74, 1590 MHz, 279.17 W, 280.00 W, 100 %, 0x0000000000000004
5, 2026/09/07 20:22:19.916, 75, 1590 MHz, 277.29 W, 280.00 W, 100 %, 0x0000000000000004
0, 2026/09/07 20:22:21.917, 74, 1455 MHz, 280.14 W, 280.00 W, 100 %, 0x0000000000000004
1, 2026/09/07 20:22:21.918, 69, 1515 MHz, 279.53 W, 280.00 W, 100 %, 0x0000000000000004
2, 2026/09/07 20:22:21.918, 74, 1605 MHz, 280.60 W, 280.00 W, 100 %, 0x0000000000000004
3, 2026/09/07 20:22:21.920, 75, 1410 MHz, 260.96 W, 280.00 W, 100 %, 0x0000000000000020
4, 2026/09/07 20:22:21.921, 74, 1500 MHz, 280.00 W, 280.00 W, 100 %, 0x0000000000000004
5, 2026/09/07 20:22:21.922, 74, 1500 MHz, 280.31 W, 280.00 W, 100 %, 0x0000000000000004
0, 2026/09/07 20:22:23.923, 75, 1560 MHz, 277.66 W, 280.00 W, 100 %, 0x0000000000000004
1, 2026/09/07 20:22:23.924, 71, 1560 MHz, 279.67 W, 280.00 W, 100 %, 0x0000000000000004
2, 2026/09/07 20:22:23.925, 74, 1530 MHz, 279.48 W, 280.00 W, 100 %, 0x0000000000000004
3, 2026/09/07 20:22:23.925, 75, 1410 MHz, 263.00 W, 280.00 W, 100 %, 0x0000000000000020
4, 2026/09/07 20:22:23.926, 74, 1590 MHz, 276.87 W, 280.00 W, 100 %, 0x0000000000000004
5, 2026/09/07 20:22:23.926, 73, 1560 MHz, 277.61 W, 280.00 W, 97 %, 0x0000000000000004
0, 2026/09/07 20:22:25.927, 75, 1440 MHz, 280.29 W, 280.00 W, 100 %, 0x0000000000000004
1, 2026/09/07 20:22:25.928, 70, 1500 MHz, 279.83 W, 280.00 W, 100 %, 0x0000000000000004
2, 2026/09/07 20:22:25.929, 75, 1605 MHz, 277.49 W, 280.00 W, 100 %, 0x0000000000000004
3, 2026/09/07 20:22:25.930, 74, 1395 MHz, 263.51 W, 280.00 W, 100 %, 0x0000000000000020
4, 2026/09/07 20:22:25.930, 75, 1485 MHz, 280.08 W, 280.00 W, 100 %, 0x0000000000000004
5, 2026/09/07 20:22:25.931, 76, 1485 MHz, 279.98 W, 280.00 W, 100 %, 0x0000000000000004
0, 2026/09/07 20:22:27.932, 75, 1485 MHz, 279.91 W, 280.00 W, 100 %, 0x0000000000000004
1, 2026/09/07 20:22:27.933, 71, 1590 MHz, 277.22 W, 280.00 W, 100 %, 0x0000000000000004
2, 2026/09/07 20:22:27.933, 75, 1515 MHz, 279.49 W, 280.00 W, 100 %, 0x0000000000000004
3, 2026/09/07 20:22:27.934, 75, 1410 MHz, 262.11 W, 280.00 W, 76 %, 0x0000000000000020
4, 2026/09/07 20:22:27.935, 75, 1815 MHz, 273.66 W, 280.00 W, 52 %, 0x0000000000000004
5, 2026/09/07 20:22:27.935, 75, 1485 MHz, 280.04 W, 280.00 W, 100 %, 0x0000000000000004
0, 2026/09/07 20:22:29.936, 77, 1515 MHz, 279.47 W, 280.00 W, 100 %, 0x0000000000000020
1, 2026/09/07 20:22:29.937, 71, 1515 MHz, 280.14 W, 280.00 W, 100 %, 0x0000000000000004
2, 2026/09/07 20:22:29.938, 76, 1605 MHz, 280.00 W, 280.00 W, 100 %, 0x0000000000000004
3, 2026/09/07 20:22:29.938, 74, 1365 MHz, 254.23 W, 280.00 W, 100 %, 0x0000000000000020
4, 2026/09/07 20:22:29.939, 77, 1500 MHz, 279.23 W, 280.00 W, 100 %, 0x0000000000000004
5, 2026/09/07 20:22:29.940, 76, 1575 MHz, 279.40 W, 280.00 W, 100 %, 0x0000000000000004
0, 2026/09/07 20:22:31.941, 75, 1440 MHz, 269.17 W, 280.00 W, 100 %, 0x0000000000000004
1, 2026/09/07 20:22:31.942, 69, 1560 MHz, 276.37 W, 280.00 W, 73 %, 0x0000000000000004
2, 2026/09/07 20:22:31.942, 77, 1605 MHz, 277.71 W, 280.00 W, 100 %, 0x0000000000000004
3, 2026/09/07 20:22:31.943, 74, 1350 MHz, 260.15 W, 280.00 W, 100 %, 0x0000000000000020
4, 2026/09/07 20:22:31.944, 77, 1560 MHz, 277.27 W, 280.00 W, 100 %, 0x0000000000000004
5, 2026/09/07 20:22:31.944, 76, 1470 MHz, 279.43 W, 280.00 W, 100 %, 0x0000000000000004
0, 2026/09/07 20:22:33.945, 76, 1470 MHz, 277.81 W, 280.00 W, 77 %, 0x0000000000000020
1, 2026/09/07 20:22:33.946, 73, 1485 MHz, 279.61 W, 280.00 W, 100 %, 0x0000000000000004
2, 2026/09/07 20:22:33.946, 76, 1545 MHz, 280.42 W, 280.00 W, 100 %, 0x0000000000000004
3, 2026/09/07 20:22:33.947, 75, 1410 MHz, 254.03 W, 280.00 W, 100 %, 0x0000000000000020
4, 2026/09/07 20:22:33.948, 77, 1470 MHz, 280.13 W, 280.00 W, 100 %, 0x0000000000000004
5, 2026/09/07 20:22:33.948, 77, 1575 MHz, 277.59 W, 280.00 W, 100 %, 0x0000000000000004
0, 2026/09/07 20:22:35.949, 77, 1425 MHz, 276.16 W, 280.00 W, 100 %, 0x0000000000000020
1, 2026/09/07 20:22:35.950, 72, 1500 MHz, 279.69 W, 280.00 W, 100 %, 0x0000000000000004
2, 2026/09/07 20:22:35.951, 76, 1590 MHz, 277.69 W, 280.00 W, 99 %, 0x0000000000000004
3, 2026/09/07 20:22:35.952, 75, 1335 MHz, 254.09 W, 280.00 W, 100 %, 0x0000000000000020
4, 2026/09/07 20:22:35.952, 78, 1545 MHz, 277.73 W, 280.00 W, 76 %, 0x0000000000000004
5, 2026/09/07 20:22:35.953, 76, 1590 MHz, 277.93 W, 280.00 W, 100 %, 0x0000000000000004
0, 2026/09/07 20:22:37.954, 76, 1440 MHz, 274.42 W, 280.00 W, 100 %, 0x0000000000000020
1, 2026/09/07 20:22:37.954, 72, 1455 MHz, 278.28 W, 280.00 W, 100 %, 0x0000000000000004
2, 2026/09/07 20:22:37.955, 78, 1515 MHz, 280.10 W, 280.00 W, 100 %, 0x0000000000000004
3, 2026/09/07 20:22:37.956, 75, 1350 MHz, 258.24 W, 280.00 W, 96 %, 0x0000000000000020
4, 2026/09/07 20:22:37.956, 79, 1395 MHz, 279.83 W, 280.00 W, 100 %, 0x0000000000000004
5, 2026/09/07 20:22:37.957, 78, 1500 MHz, 280.57 W, 280.00 W, 100 %, 0x0000000000000004
0, 2026/09/07 20:22:39.958, 76, 1380 MHz, 277.20 W, 280.00 W, 100 %, 0x0000000000000004
1, 2026/09/07 20:22:39.959, 74, 1575 MHz, 277.01 W, 280.00 W, 100 %, 0x0000000000000004
2, 2026/09/07 20:22:39.959, 79, 1500 MHz, 279.82 W, 280.00 W, 100 %, 0x0000000000000004
3, 2026/09/07 20:22:39.960, 75, 1290 MHz, 254.18 W, 280.00 W, 100 %, 0x0000000000000020
4, 2026/09/07 20:22:39.960, 79, 1455 MHz, 279.67 W, 280.00 W, 100 %, 0x0000000000000004
5, 2026/09/07 20:22:39.961, 76, 1485 MHz, 279.91 W, 280.00 W, 100 %, 0x0000000000000004
0, 2026/09/07 20:22:41.962, 75, 1500 MHz, 276.03 W, 280.00 W, 76 %, 0x0000000000000004
1, 2026/09/07 20:22:41.963, 73, 1485 MHz, 279.91 W, 280.00 W, 100 %, 0x0000000000000004
2, 2026/09/07 20:22:41.963, 80, 1560 MHz, 279.60 W, 280.00 W, 100 %, 0x0000000000000020
3, 2026/09/07 20:22:41.964, 75, 1320 MHz, 260.96 W, 280.00 W, 100 %, 0x0000000000000020
4, 2026/09/07 20:22:41.965, 79, 1455 MHz, 279.94 W, 280.00 W, 100 %, 0x0000000000000004
5, 2026/09/07 20:22:41.965, 78, 1560 MHz, 279.27 W, 280.00 W, 100 %, 0x0000000000000004
0, 2026/09/07 20:22:43.966, 77, 1470 MHz, 277.63 W, 280.00 W, 100 %, 0x0000000000000020
1, 2026/09/07 20:22:43.967, 73, 1545 MHz, 279.75 W, 280.00 W, 100 %, 0x0000000000000004
2, 2026/09/07 20:22:43.968, 79, 1500 MHz, 279.56 W, 280.00 W, 100 %, 0x0000000000000004
3, 2026/09/07 20:22:43.968, 75, 1395 MHz, 250.06 W, 280.00 W, 100 %, 0x0000000000000020
4, 2026/09/07 20:22:43.969, 80, 1395 MHz, 278.82 W, 280.00 W, 100 %, 0x0000000000000004
5, 2026/09/07 20:22:43.970, 77, 1455 MHz, 279.53 W, 280.00 W, 100 %, 0x0000000000000004
0, 2026/09/07 20:22:45.971, 75, 1395 MHz, 278.60 W, 280.00 W, 100 %, 0x0000000000000004
1, 2026/09/07 20:22:45.972, 73, 1440 MHz, 278.77 W, 280.00 W, 100 %, 0x0000000000000004
2, 2026/09/07 20:22:45.972, 79, 1515 MHz, 269.14 W, 280.00 W, 100 %, 0x0000000000000020
3, 2026/09/07 20:22:45.973, 75, 1290 MHz, 252.81 W, 280.00 W, 100 %, 0x0000000000000020
4, 2026/09/07 20:22:45.973, 79, 1440 MHz, 279.61 W, 280.00 W, 100 %, 0x0000000000000004
5, 2026/09/07 20:22:45.974, 77, 1560 MHz, 277.12 W, 280.00 W, 100 %, 0x0000000000000004
0, 2026/09/07 20:22:47.975, 74, 1410 MHz, 275.09 W, 280.00 W, 78 %, 0x0000000000000020
1, 2026/09/07 20:22:47.976, 75, 1545 MHz, 276.93 W, 280.00 W, 100 %, 0x0000000000000004
2, 2026/09/07 20:22:47.976, 79, 1455 MHz, 280.02 W, 280.00 W, 100 %, 0x0000000000000004
3, 2026/09/07 20:22:47.977, 75, 1350 MHz, 251.20 W, 280.00 W, 100 %, 0x0000000000000020
4, 2026/09/07 20:22:47.978, 80, 1560 MHz, 277.00 W, 280.00 W, 100 %, 0x0000000000000004
5, 2026/09/07 20:22:47.978, 78, 1440 MHz, 280.43 W, 280.00 W, 100 %, 0x0000000000000004
0, 2026/09/07 20:22:49.979, 77, 1485 MHz, 276.73 W, 280.00 W, 100 %, 0x0000000000000020
1, 2026/09/07 20:22:49.983, 74, 1455 MHz, 279.67 W, 280.00 W, 100 %, 0x0000000000000004
2, 2026/09/07 20:22:49.984, 79, 1395 MHz, 272.86 W, 280.00 W, 74 %, 0x0000000000000020
3, 2026/09/07 20:22:49.985, 75, 1320 MHz, 251.88 W, 280.00 W, 100 %, 0x0000000000000020
4, 2026/09/07 20:22:49.986, 80, 1395 MHz, 280.42 W, 280.00 W, 100 %, 0x0000000000000004
5, 2026/09/07 20:22:49.986, 77, 1440 MHz, 279.69 W, 280.00 W, 100 %, 0x0000000000000004
0, 2026/09/07 20:22:51.990, 75, 1380 MHz, 280.39 W, 280.00 W, 100 %, 0x0000000000000004
1, 2026/09/07 20:22:51.991, 74, 1560 MHz, 277.01 W, 280.00 W, 77 %, 0x0000000000000004
2, 2026/09/07 20:22:51.992, 79, 1485 MHz, 267.93 W, 280.00 W, 100 %, 0x0000000000000004
3, 2026/09/07 20:22:51.992, 75, 1305 MHz, 256.26 W, 280.00 W, 100 %, 0x0000000000000020
4, 2026/09/07 20:22:51.993, 80, 1410 MHz, 279.64 W, 280.00 W, 100 %, 0x0000000000000004
5, 2026/09/07 20:22:51.993, 76, 1530 MHz, 277.61 W, 280.00 W, 100 %, 0x0000000000000020
0, 2026/09/07 20:22:53.994, 75, 1410 MHz, 275.67 W, 280.00 W, 77 %, 0x0000000000000024
1, 2026/09/07 20:22:53.995, 76, 1395 MHz, 280.00 W, 280.00 W, 100 %, 0x0000000000000004
2, 2026/09/07 20:22:53.996, 80, 1500 MHz, 271.97 W, 280.00 W, 100 %, 0x0000000000000020
3, 2026/09/07 20:22:53.997, 75, 1305 MHz, 256.33 W, 280.00 W, 100 %, 0x0000000000000020
4, 2026/09/07 20:22:53.997, 81, 1530 MHz, 280.09 W, 280.00 W, 100 %, 0x0000000000000004
5, 2026/09/07 20:22:53.998, 79, 1395 MHz, 279.47 W, 280.00 W, 100 %, 0x0000000000000004
0, 2026/09/07 20:22:55.999, 76, 1395 MHz, 274.75 W, 280.00 W, 100 %, 0x0000000000000004
1, 2026/09/07 20:22:56.000, 74, 1425 MHz, 279.60 W, 280.00 W, 100 %, 0x0000000000000004
2, 2026/09/07 20:22:56.001, 79, 1455 MHz, 268.30 W, 280.00 W, 100 %, 0x0000000000000020
3, 2026/09/07 20:22:56.002, 75, 1320 MHz, 249.38 W, 280.00 W, 77 %, 0x0000000000000020
4, 2026/09/07 20:22:56.002, 80, 1380 MHz, 280.10 W, 280.00 W, 100 %, 0x0000000000000004
5, 2026/09/07 20:22:56.003, 77, 1425 MHz, 279.72 W, 280.00 W, 100 %, 0x0000000000000004
0, 2026/09/07 20:22:58.004, 75, 1680 MHz, 278.58 W, 280.00 W, 100 %, 0x0000000000000004
1, 2026/09/07 20:22:58.005, 75, 1545 MHz, 277.32 W, 280.00 W, 100 %, 0x0000000000000004
2, 2026/09/07 20:22:58.005, 80, 1470 MHz, 269.58 W, 280.00 W, 100 %, 0x0000000000000020
3, 2026/09/07 20:22:58.006, 75, 1305 MHz, 246.04 W, 280.00 W, 100 %, 0x0000000000000020
4, 2026/09/07 20:22:58.006, 82, 1425 MHz, 279.42 W, 280.00 W, 100 %, 0x0000000000000004
5, 2026/09/07 20:22:58.007, 78, 1560 MHz, 277.18 W, 280.00 W, 100 %, 0x0000000000000004
0, 2026/09/07 20:23:00.008, 76, 1440 MHz, 270.91 W, 280.00 W, 100 %, 0x0000000000000020
1, 2026/09/07 20:23:00.009, 74, 1440 MHz, 279.47 W, 280.00 W, 100 %, 0x0000000000000004
2, 2026/09/07 20:23:00.009, 80, 1470 MHz, 275.56 W, 280.00 W, 100 %, 0x0000000000000004
3, 2026/09/07 20:23:00.010, 75, 1215 MHz, 248.04 W, 280.00 W, 100 %, 0x0000000000000020
4, 2026/09/07 20:23:00.011, 83, 1545 MHz, 278.26 W, 280.00 W, 100 %, 0x0000000000000004
5, 2026/09/07 20:23:00.011, 78, 1425 MHz, 280.52 W, 280.00 W, 100 %, 0x0000000000000004
0, 2026/09/07 20:23:02.012, 76, 1335 MHz, 277.62 W, 280.00 W, 100 %, 0x0000000000000020
1, 2026/09/07 20:23:02.013, 74, 1710 MHz, 279.79 W, 280.00 W, 100 %, 0x0000000000000004
2, 2026/09/07 20:23:02.014, 80, 1440 MHz, 272.16 W, 280.00 W, 75 %, 0x0000000000000020
3, 2026/09/07 20:23:02.015, 75, 1200 MHz, 252.12 W, 280.00 W, 100 %, 0x0000000000000020
4, 2026/09/07 20:23:02.015, 81, 1380 MHz, 279.99 W, 280.00 W, 100 %, 0x0000000000000004
5, 2026/09/07 20:23:02.016, 77, 1665 MHz, 277.11 W, 280.00 W, 78 %, 0x0000000000000004
0, 2026/09/07 20:23:04.016, 75, 1395 MHz, 277.22 W, 280.00 W, 100 %, 0x0000000000000004
1, 2026/09/07 20:23:04.017, 76, 1530 MHz, 280.76 W, 280.00 W, 100 %, 0x0000000000000004
2, 2026/09/07 20:23:04.018, 80, 1440 MHz, 267.41 W, 280.00 W, 100 %, 0x0000000000000020
3, 2026/09/07 20:23:04.018, 75, 1110 MHz, 253.22 W, 280.00 W, 100 %, 0x0000000000000020
4, 2026/09/07 20:23:04.019, 82, 1365 MHz, 280.54 W, 280.00 W, 100 %, 0x0000000000000004
5, 2026/09/07 20:23:04.020, 79, 1425 MHz, 280.29 W, 280.00 W, 100 %, 0x0000000000000004
0, 2026/09/07 20:23:06.021, 77, 1425 MHz, 272.95 W, 280.00 W, 100 %, 0x0000000000000020
1, 2026/09/07 20:23:06.022, 74, 1440 MHz, 277.26 W, 280.00 W, 100 %, 0x0000000000000004
2, 2026/09/07 20:23:06.022, 79, 1440 MHz, 269.82 W, 280.00 W, 100 %, 0x0000000000000020
3, 2026/09/07 20:23:06.023, 75, 1290 MHz, 255.00 W, 280.00 W, 100 %, 0x0000000000000020
4, 2026/09/07 20:23:06.024, 81, 1365 MHz, 279.43 W, 280.00 W, 100 %, 0x0000000000000004
5, 2026/09/07 20:23:06.024, 77, 1410 MHz, 279.77 W, 280.00 W, 100 %, 0x0000000000000004
0, 2026/09/07 20:23:08.025, 72, 1920 MHz, 238.37 W, 280.00 W, 0 %, 0x0000000000000000
1, 2026/09/07 20:23:08.026, 68, 1905 MHz, 173.39 W, 280.00 W, 0 %, 0x0000000000000000
2, 2026/09/07 20:23:08.026, 79, 1860 MHz, 263.62 W, 280.00 W, 0 %, 0x0000000000000024
3, 2026/09/07 20:23:08.028, 71, 1905 MHz, 199.37 W, 280.00 W, 0 %, 0x0000000000000000
4, 2026/09/07 20:23:08.028, 78, 1890 MHz, 250.88 W, 280.00 W, 0 %, 0x0000000000000004
5, 2026/09/07 20:23:08.029, 73, 1875 MHz, 250.84 W, 280.00 W, 0 %, 0x0000000000000004
0, 2026/09/07 20:23:10.029, 67, 1695 MHz, 175.01 W, 280.00 W, 0 %, 0x0000000000000000
1, 2026/09/07 20:23:10.030, 63, 1695 MHz, 143.08 W, 280.00 W, 0 %, 0x0000000000000000
2, 2026/09/07 20:23:10.030, 70, 1695 MHz, 159.74 W, 280.00 W, 0 %, 0x0000000000000000
3, 2026/09/07 20:23:10.031, 68, 1695 MHz, 166.78 W, 280.00 W, 0 %, 0x0000000000000000
4, 2026/09/07 20:23:10.031, 72, 1695 MHz, 171.66 W, 280.00 W, 0 %, 0x0000000000000000
5, 2026/09/07 20:23:10.032, 66, 1695 MHz, 157.65 W, 280.00 W, 0 %, 0x0000000000000000
0, 2026/09/07 20:23:12.033, 63, 1695 MHz, 144.85 W, 280.00 W, 0 %, 0x0000000000000000
1, 2026/09/07 20:23:12.033, 61, 1695 MHz, 128.71 W, 280.00 W, 0 %, 0x0000000000000000
2, 2026/09/07 20:23:12.034, 65, 1695 MHz, 134.91 W, 280.00 W, 0 %, 0x0000000000000000
3, 2026/09/07 20:23:12.034, 65, 1695 MHz, 140.20 W, 280.00 W, 0 %, 0x0000000000000000
4, 2026/09/07 20:23:12.035, 64, 1695 MHz, 137.30 W, 280.00 W, 0 %, 0x0000000000000000
5, 2026/09/07 20:23:12.035, 63, 1695 MHz, 133.33 W, 280.00 W, 0 %, 0x0000000000000000
0, 2026/09/07 20:23:14.036, 70, 1470 MHz, 280.50 W, 280.00 W, 100 %, 0x0000000000000004
1, 2026/09/07 20:23:14.037, 68, 1605 MHz, 278.73 W, 280.00 W, 100 %, 0x0000000000000004
2, 2026/09/07 20:23:14.037, 71, 1530 MHz, 279.64 W, 280.00 W, 100 %, 0x0000000000000004
3, 2026/09/07 20:23:14.038, 73, 1455 MHz, 280.94 W, 280.00 W, 100 %, 0x0000000000000004
4, 2026/09/07 20:23:14.039, 68, 1515 MHz, 280.30 W, 280.00 W, 100 %, 0x0000000000000004
5, 2026/09/07 20:23:14.039, 70, 1590 MHz, 280.66 W, 280.00 W, 100 %, 0x0000000000000004
0, 2026/09/07 20:23:16.040, 71, 1440 MHz, 279.39 W, 280.00 W, 100 %, 0x0000000000000004
1, 2026/09/07 20:23:16.041, 71, 1500 MHz, 280.55 W, 280.00 W, 100 %, 0x0000000000000004
2, 2026/09/07 20:23:16.042, 74, 1605 MHz, 277.55 W, 280.00 W, 100 %, 0x0000000000000004
3, 2026/09/07 20:23:16.042, 74, 1395 MHz, 272.95 W, 280.00 W, 77 %, 0x0000000000000020
4, 2026/09/07 20:23:16.043, 71, 1560 MHz, 279.70 W, 280.00 W, 100 %, 0x0000000000000004
5, 2026/09/07 20:23:16.043, 71, 1500 MHz, 279.48 W, 280.00 W, 100 %, 0x0000000000000004
0, 2026/09/07 20:23:18.044, 73, 1560 MHz, 277.26 W, 280.00 W, 100 %, 0x0000000000000004
1, 2026/09/07 20:23:18.045, 71, 1500 MHz, 280.13 W, 280.00 W, 100 %, 0x0000000000000004
2, 2026/09/07 20:23:18.045, 75, 1530 MHz, 279.88 W, 280.00 W, 100 %, 0x0000000000000004
3, 2026/09/07 20:23:18.046, 75, 1335 MHz, 251.52 W, 280.00 W, 100 %, 0x0000000000000020
4, 2026/09/07 20:23:18.047, 73, 1590 MHz, 277.37 W, 280.00 W, 100 %, 0x0000000000000004
5, 2026/09/07 20:23:18.047, 73, 1575 MHz, 277.25 W, 280.00 W, 100 %, 0x0000000000000004
0, 2026/09/07 20:23:20.048, 74, 1425 MHz, 280.00 W, 280.00 W, 100 %, 0x0000000000000004
1, 2026/09/07 20:23:20.049, 73, 1575 MHz, 276.93 W, 280.00 W, 100 %, 0x0000000000000004
2, 2026/09/07 20:23:20.050, 74, 1740 MHz, 278.21 W, 280.00 W, 87 %, 0x0000000000000004
3, 2026/09/07 20:23:20.051, 74, 1305 MHz, 255.56 W, 280.00 W, 100 %, 0x0000000000000020
4, 2026/09/07 20:23:20.052, 72, 1500 MHz, 280.14 W, 280.00 W, 100 %, 0x0000000000000004
5, 2026/09/07 20:23:20.053, 74, 1500 MHz, 280.18 W, 280.00 W, 100 %, 0x0000000000000004
0, 2026/09/07 20:23:22.054, 74, 1515 MHz, 279.67 W, 280.00 W, 100 %, 0x0000000000000004
1, 2026/09/07 20:23:22.054, 73, 1485 MHz, 280.49 W, 280.00 W, 100 %, 0x0000000000000004
2, 2026/09/07 20:23:22.055, 78, 1500 MHz, 279.45 W, 280.00 W, 100 %, 0x0000000000000004
3, 2026/09/07 20:23:22.056, 74, 1635 MHz, 256.34 W, 280.00 W, 99 %, 0x0000000000000020
4, 2026/09/07 20:23:22.057, 73, 1590 MHz, 277.43 W, 280.00 W, 74 %, 0x0000000000000004
5, 2026/09/07 20:23:22.057, 74, 1590 MHz, 276.90 W, 280.00 W, 76 %, 0x0000000000000004
0, 2026/09/07 20:23:24.058, 77, 1515 MHz, 279.91 W, 280.00 W, 100 %, 0x0000000000000004
1, 2026/09/07 20:23:24.059, 72, 1545 MHz, 277.30 W, 280.00 W, 95 %, 0x0000000000000004
2, 2026/09/07 20:23:24.060, 77, 1500 MHz, 279.51 W, 280.00 W, 100 %, 0x0000000000000004
3, 2026/09/07 20:23:24.060, 75, 1365 MHz, 251.79 W, 280.00 W, 100 %, 0x0000000000000020
4, 2026/09/07 20:23:24.061, 73, 1470 MHz, 279.40 W, 280.00 W, 100 %, 0x0000000000000004
5, 2026/09/07 20:23:24.061, 76, 1455 MHz, 279.86 W, 280.00 W, 100 %, 0x0000000000000004
0, 2026/09/07 20:23:26.062, 76, 1440 MHz, 277.26 W, 280.00 W, 100 %, 0x0000000000000004
1, 2026/09/07 20:23:26.063, 75, 1485 MHz, 279.94 W, 280.00 W, 100 %, 0x0000000000000004
2, 2026/09/07 20:23:26.064, 80, 1560 MHz, 276.96 W, 280.00 W, 100 %, 0x0000000000000020
3, 2026/09/07 20:23:26.064, 75, 1185 MHz, 246.56 W, 280.00 W, 100 %, 0x0000000000000020
4, 2026/09/07 20:23:26.065, 76, 1575 MHz, 279.61 W, 280.00 W, 100 %, 0x0000000000000004
5, 2026/09/07 20:23:26.065, 76, 1455 MHz, 279.29 W, 280.00 W, 100 %, 0x0000000000000004
0, 2026/09/07 20:23:28.066, 74, 1410 MHz, 269.18 W, 280.00 W, 87 %, 0x0000000000000020
1, 2026/09/07 20:23:28.067, 74, 1470 MHz, 279.92 W, 280.00 W, 100 %, 0x0000000000000004
2, 2026/09/07 20:23:28.067, 79, 1485 MHz, 273.94 W, 280.00 W, 100 %, 0x0000000000000020
3, 2026/09/07 20:23:28.068, 75, 1335 MHz, 247.99 W, 280.00 W, 76 %, 0x0000000000000020
4, 2026/09/07 20:23:28.068, 75, 1470 MHz, 279.14 W, 280.00 W, 100 %, 0x0000000000000004
5, 2026/09/07 20:23:28.069, 77, 1575 MHz, 277.03 W, 280.00 W, 100 %, 0x0000000000000004
0, 2026/09/07 20:23:30.070, 76, 1425 MHz, 273.89 W, 280.00 W, 100 %, 0x0000000000000020
1, 2026/09/07 20:23:30.071, 75, 1560 MHz, 277.39 W, 280.00 W, 100 %, 0x0000000000000004
2, 2026/09/07 20:23:30.072, 79, 1380 MHz, 276.48 W, 280.00 W, 100 %, 0x0000000000000020
3, 2026/09/07 20:23:30.073, 75, 1290 MHz, 244.83 W, 280.00 W, 100 %, 0x0000000000000020
4, 2026/09/07 20:23:30.073, 77, 1560 MHz, 277.05 W, 280.00 W, 100 %, 0x0000000000000004
5, 2026/09/07 20:23:30.074, 76, 1470 MHz, 280.02 W, 280.00 W, 100 %, 0x0000000000000004
0, 2026/09/07 20:23:32.075, 76, 1545 MHz, 277.49 W, 280.00 W, 100 %, 0x0000000000000004
1, 2026/09/07 20:23:32.076, 75, 1455 MHz, 280.30 W, 280.00 W, 100 %, 0x0000000000000004
2, 2026/09/07 20:23:32.076, 79, 1485 MHz, 273.20 W, 280.00 W, 100 %, 0x0000000000000004
3, 2026/09/07 20:23:32.077, 75, 1095 MHz, 248.00 W, 280.00 W, 100 %, 0x0000000000000020
4, 2026/09/07 20:23:32.078, 76, 1485 MHz, 279.43 W, 280.00 W, 100 %, 0x0000000000000004
5, 2026/09/07 20:23:32.078, 76, 1635 MHz, 279.63 W, 280.00 W, 100 %, 0x0000000000000004
0, 2026/09/07 20:23:34.079, 76, 1425 MHz, 266.43 W, 280.00 W, 100 %, 0x0000000000000020
1, 2026/09/07 20:23:34.080, 75, 1470 MHz, 279.05 W, 280.00 W, 100 %, 0x0000000000000004
2, 2026/09/07 20:23:34.081, 80, 1470 MHz, 267.91 W, 280.00 W, 100 %, 0x0000000000000004
3, 2026/09/07 20:23:34.081, 75, 1200 MHz, 249.14 W, 280.00 W, 100 %, 0x0000000000000020
4, 2026/09/07 20:23:34.082, 76, 1545 MHz, 277.18 W, 280.00 W, 77 %, 0x0000000000000004
5, 2026/09/07 20:23:34.082, 78, 1575 MHz, 280.05 W, 280.00 W, 100 %, 0x0000000000000004
0, 2026/09/07 20:23:36.084, 75, 1380 MHz, 271.62 W, 280.00 W, 77 %, 0x0000000000000020
1, 2026/09/07 20:23:36.085, 76, 1425 MHz, 277.08 W, 280.00 W, 100 %, 0x0000000000000004
2, 2026/09/07 20:23:36.085, 79, 1455 MHz, 262.73 W, 280.00 W, 100 %, 0x0000000000000020
3, 2026/09/07 20:23:36.086, 75, 1215 MHz, 251.39 W, 280.00 W, 100 %, 0x0000000000000020
4, 2026/09/07 20:23:36.087, 79, 1425 MHz, 279.84 W, 280.00 W, 100 %, 0x0000000000000004
5, 2026/09/07 20:23:36.087, 77, 1485 MHz, 279.48 W, 280.00 W, 100 %, 0x0000000000000004
0, 2026/09/07 20:23:38.088, 76, 1440 MHz, 268.62 W, 280.00 W, 100 %, 0x0000000000000020
1, 2026/09/07 20:23:38.089, 75, 1545 MHz, 277.99 W, 280.00 W, 100 %, 0x0000000000000024
2, 2026/09/07 20:23:38.090, 79, 1485 MHz, 272.94 W, 280.00 W, 100 %, 0x0000000000000024
3, 2026/09/07 20:23:38.091, 75, 1110 MHz, 243.11 W, 280.00 W, 100 %, 0x0000000000000020
4, 2026/09/07 20:23:38.091, 78, 1470 MHz, 279.71 W, 280.00 W, 100 %, 0x0000000000000004
5, 2026/09/07 20:23:38.092, 77, 1455 MHz, 280.04 W, 280.00 W, 100 %, 0x0000000000000004
0, 2026/09/07 20:23:40.093, 76, 1365 MHz, 277.39 W, 280.00 W, 100 %, 0x0000000000000020
1, 2026/09/07 20:23:40.093, 75, 1410 MHz, 270.06 W, 280.00 W, 100 %, 0x0000000000000004
2, 2026/09/07 20:23:40.094, 79, 1380 MHz, 272.72 W, 280.00 W, 100 %, 0x0000000000000020
3, 2026/09/07 20:23:40.095, 75, 1620 MHz, 250.57 W, 280.00 W, 100 %, 0x0000000000000020
4, 2026/09/07 20:23:40.096, 79, 1560 MHz, 276.94 W, 280.00 W, 100 %, 0x0000000000000004
5, 2026/09/07 20:23:40.096, 77, 1395 MHz, 277.38 W, 280.00 W, 100 %, 0x0000000000000004
0, 2026/09/07 20:23:42.097, 75, 1680 MHz, 273.86 W, 280.00 W, 100 %, 0x0000000000000004
1, 2026/09/07 20:23:42.098, 74, 1440 MHz, 279.96 W, 280.00 W, 100 %, 0x0000000000000004
2, 2026/09/07 20:23:42.098, 79, 1425 MHz, 263.37 W, 280.00 W, 100 %, 0x0000000000000020
3, 2026/09/07 20:23:42.099, 75, 1275 MHz, 241.24 W, 280.00 W, 100 %, 0x0000000000000020
4, 2026/09/07 20:23:42.100, 78, 1575 MHz, 278.10 W, 280.00 W, 83 %, 0x0000000000000004
5, 2026/09/07 20:23:42.100, 78, 1545 MHz, 278.11 W, 280.00 W, 76 %, 0x0000000000000004
0, 2026/09/07 20:23:44.101, 76, 1410 MHz, 268.42 W, 280.00 W, 100 %, 0x0000000000000020
1, 2026/09/07 20:23:44.102, 75, 1530 MHz, 279.46 W, 280.00 W, 100 %, 0x0000000000000004
2, 2026/09/07 20:23:44.103, 79, 1395 MHz, 272.49 W, 280.00 W, 100 %, 0x0000000000000020
3, 2026/09/07 20:23:44.104, 75, 1305 MHz, 246.58 W, 280.00 W, 100 %, 0x0000000000000020
4, 2026/09/07 20:23:44.105, 80, 1395 MHz, 280.17 W, 280.00 W, 100 %, 0x0000000000000004
5, 2026/09/07 20:23:44.105, 79, 1440 MHz, 280.65 W, 280.00 W, 100 %, 0x0000000000000004
0, 2026/09/07 20:23:46.106, 76, 1395 MHz, 274.94 W, 280.00 W, 100 %, 0x0000000000000004
1, 2026/09/07 20:23:46.107, 74, 1395 MHz, 279.63 W, 280.00 W, 100 %, 0x0000000000000004
2, 2026/09/07 20:23:46.108, 80, 1425 MHz, 264.61 W, 280.00 W, 100 %, 0x0000000000000020
3, 2026/09/07 20:23:46.108, 75, 1170 MHz, 246.50 W, 280.00 W, 100 %, 0x0000000000000020
4, 2026/09/07 20:23:46.109, 79, 1440 MHz, 279.70 W, 280.00 W, 100 %, 0x0000000000000004
5, 2026/09/07 20:23:46.109, 77, 1455 MHz, 279.93 W, 280.00 W, 100 %, 0x0000000000000004
0, 2026/09/07 20:23:48.110, 76, 1395 MHz, 275.55 W, 280.00 W, 100 %, 0x0000000000000004
1, 2026/09/07 20:23:48.111, 74, 1365 MHz, 280.24 W, 280.00 W, 100 %, 0x0000000000000004
2, 2026/09/07 20:23:48.112, 79, 1425 MHz, 265.59 W, 280.00 W, 100 %, 0x0000000000000020
3, 2026/09/07 20:23:48.112, 75, 1455 MHz, 246.54 W, 280.00 W, 100 %, 0x0000000000000020
4, 2026/09/07 20:23:48.113, 80, 1545 MHz, 277.66 W, 280.00 W, 100 %, 0x0000000000000004
5, 2026/09/07 20:23:48.114, 78, 1560 MHz, 277.40 W, 280.00 W, 100 %, 0x0000000000000004
0, 2026/09/07 20:23:50.115, 76, 1395 MHz, 264.69 W, 280.00 W, 100 %, 0x0000000000000024
1, 2026/09/07 20:23:50.115, 74, 1530 MHz, 270.13 W, 280.00 W, 77 %, 0x0000000000000004
2, 2026/09/07 20:23:50.116, 79, 1440 MHz, 265.48 W, 280.00 W, 100 %, 0x0000000000000020
3, 2026/09/07 20:23:50.117, 75, 1320 MHz, 235.74 W, 280.00 W, 86 %, 0x0000000000000020
4, 2026/09/07 20:23:50.117, 80, 1380 MHz, 280.50 W, 280.00 W, 100 %, 0x0000000000000004
5, 2026/09/07 20:23:50.118, 77, 1440 MHz, 280.51 W, 280.00 W, 100 %, 0x0000000000000004
0, 2026/09/07 20:23:52.118, 76, 1500 MHz, 273.74 W, 280.00 W, 100 %, 0x0000000000000004
1, 2026/09/07 20:23:52.119, 74, 1440 MHz, 278.89 W, 280.00 W, 100 %, 0x0000000000000004
2, 2026/09/07 20:23:52.120, 79, 1395 MHz, 273.62 W, 280.00 W, 100 %, 0x0000000000000020
3, 2026/09/07 20:23:52.121, 75, 1290 MHz, 239.80 W, 280.00 W, 100 %, 0x0000000000000020
4, 2026/09/07 20:23:52.121, 82, 1455 MHz, 279.05 W, 280.00 W, 100 %, 0x0000000000000004
5, 2026/09/07 20:23:52.122, 78, 1350 MHz, 279.57 W, 280.00 W, 100 %, 0x0000000000000004
0, 2026/09/07 20:23:54.123, 76, 1380 MHz, 269.26 W, 280.00 W, 100 %, 0x0000000000000020
1, 2026/09/07 20:23:54.124, 74, 1380 MHz, 277.97 W, 280.00 W, 100 %, 0x0000000000000004
2, 2026/09/07 20:23:54.124, 80, 1425 MHz, 269.13 W, 280.00 W, 99 %, 0x0000000000000020
3, 2026/09/07 20:23:54.125, 75, 1095 MHz, 247.01 W, 280.00 W, 100 %, 0x0000000000000020
4, 2026/09/07 20:23:54.126, 80, 1395 MHz, 280.03 W, 280.00 W, 100 %, 0x0000000000000004
5, 2026/09/07 20:23:54.126, 77, 1425 MHz, 279.42 W, 280.00 W, 100 %, 0x0000000000000004
0, 2026/09/07 20:23:56.127, 76, 1305 MHz, 275.32 W, 280.00 W, 100 %, 0x0000000000000020
1, 2026/09/07 20:23:56.128, 75, 1440 MHz, 269.58 W, 280.00 W, 100 %, 0x0000000000000004
2, 2026/09/07 20:23:56.129, 80, 1440 MHz, 267.32 W, 280.00 W, 100 %, 0x0000000000000020
3, 2026/09/07 20:23:56.129, 75, 1095 MHz, 246.94 W, 280.00 W, 100 %, 0x0000000000000020
4, 2026/09/07 20:23:56.130, 81, 1545 MHz, 277.40 W, 280.00 W, 77 %, 0x0000000000000004
5, 2026/09/07 20:23:56.131, 78, 1545 MHz, 277.34 W, 280.00 W, 100 %, 0x0000000000000004
0, 2026/09/07 20:23:58.132, 76, 1380 MHz, 278.32 W, 280.00 W, 100 %, 0x0000000000000004
1, 2026/09/07 20:23:58.132, 76, 1515 MHz, 278.28 W, 280.00 W, 100 %, 0x0000000000000020
2, 2026/09/07 20:23:58.133, 80, 1395 MHz, 273.52 W, 280.00 W, 100 %, 0x0000000000000020
3, 2026/09/07 20:23:58.134, 75, 1260 MHz, 242.37 W, 280.00 W, 100 %, 0x0000000000000020
4, 2026/09/07 20:23:58.134, 82, 1365 MHz, 279.70 W, 280.00 W, 100 %, 0x0000000000000004
5, 2026/09/07 20:23:58.135, 78, 1560 MHz, 278.67 W, 280.00 W, 85 %, 0x0000000000000004
0, 2026/09/07 20:24:00.136, 76, 1410 MHz, 271.73 W, 280.00 W, 77 %, 0x0000000000000020
1, 2026/09/07 20:24:00.137, 75, 1425 MHz, 280.24 W, 280.00 W, 100 %, 0x0000000000000004
2, 2026/09/07 20:24:00.138, 79, 1395 MHz, 257.84 W, 280.00 W, 100 %, 0x0000000000000020
3, 2026/09/07 20:24:00.139, 75, 1080 MHz, 247.49 W, 280.00 W, 100 %, 0x0000000000000020
4, 2026/09/07 20:24:00.139, 81, 1395 MHz, 279.63 W, 280.00 W, 100 %, 0x0000000000000004
5, 2026/09/07 20:24:00.140, 77, 1455 MHz, 280.27 W, 280.00 W, 100 %, 0x0000000000000004
0, 2026/09/07 20:24:02.141, 77, 1350 MHz, 271.06 W, 280.00 W, 100 %, 0x0000000000000004
1, 2026/09/07 20:24:02.142, 74, 1725 MHz, 277.74 W, 280.00 W, 77 %, 0x0000000000000004
2, 2026/09/07 20:24:02.142, 79, 1440 MHz, 264.49 W, 280.00 W, 78 %, 0x0000000000000020
3, 2026/09/07 20:24:02.143, 75, 1095 MHz, 247.46 W, 280.00 W, 100 %, 0x0000000000000020
4, 2026/09/07 20:24:02.143, 82, 1530 MHz, 277.43 W, 280.00 W, 87 %, 0x0000000000000004
5, 2026/09/07 20:24:02.144, 78, 1560 MHz, 280.06 W, 280.00 W, 100 %, 0x0000000000000004
0, 2026/09/07 20:24:04.145, 75, 1395 MHz, 271.98 W, 280.00 W, 86 %, 0x0000000000000020
1, 2026/09/07 20:24:04.146, 74, 1425 MHz, 280.11 W, 280.00 W, 100 %, 0x0000000000000004
2, 2026/09/07 20:24:04.146, 80, 1425 MHz, 264.73 W, 280.00 W, 100 %, 0x0000000000000020
3, 2026/09/07 20:24:04.147, 75, 1035 MHz, 243.68 W, 280.00 W, 100 %, 0x0000000000000020
4, 2026/09/07 20:24:04.148, 82, 1335 MHz, 280.63 W, 280.00 W, 100 %, 0x0000000000000004
5, 2026/09/07 20:24:04.149, 78, 1560 MHz, 277.90 W, 280.00 W, 100 %, 0x0000000000000004
0, 2026/09/07 20:24:06.150, 76, 1425 MHz, 270.55 W, 280.00 W, 100 %, 0x0000000000000020
1, 2026/09/07 20:24:06.151, 75, 1515 MHz, 271.33 W, 280.00 W, 100 %, 0x0000000000000020
2, 2026/09/07 20:24:06.151, 80, 1380 MHz, 271.89 W, 280.00 W, 100 %, 0x0000000000000020
3, 2026/09/07 20:24:06.152, 75, 1275 MHz, 243.81 W, 280.00 W, 100 %, 0x0000000000000020
4, 2026/09/07 20:24:06.153, 81, 1395 MHz, 279.47 W, 280.00 W, 100 %, 0x0000000000000004
5, 2026/09/07 20:24:06.153, 77, 1440 MHz, 280.43 W, 280.00 W, 100 %, 0x0000000000000004
0, 2026/09/07 20:24:08.154, 76, 1305 MHz, 276.95 W, 280.00 W, 100 %, 0x0000000000000020
1, 2026/09/07 20:24:08.155, 75, 1380 MHz, 279.83 W, 280.00 W, 100 %, 0x0000000000000004
2, 2026/09/07 20:24:08.156, 80, 1440 MHz, 260.02 W, 280.00 W, 100 %, 0x0000000000000020
3, 2026/09/07 20:24:08.157, 75, 1080 MHz, 244.90 W, 280.00 W, 100 %, 0x0000000000000020
4, 2026/09/07 20:24:08.157, 82, 1530 MHz, 277.50 W, 280.00 W, 100 %, 0x0000000000000004
5, 2026/09/07 20:24:08.158, 76, 1440 MHz, 279.98 W, 280.00 W, 100 %, 0x0000000000000004
0, 2026/09/07 20:24:10.159, 76, 1470 MHz, 276.23 W, 280.00 W, 100 %, 0x0000000000000004
1, 2026/09/07 20:24:10.160, 76, 1350 MHz, 280.06 W, 280.00 W, 100 %, 0x0000000000000004
2, 2026/09/07 20:24:10.160, 80, 1380 MHz, 273.52 W, 280.00 W, 100 %, 0x0000000000000020
3, 2026/09/07 20:24:10.161, 75, 1095 MHz, 246.74 W, 280.00 W, 100 %, 0x0000000000000020
4, 2026/09/07 20:24:10.162, 81, 1545 MHz, 278.01 W, 280.00 W, 77 %, 0x0000000000000004
5, 2026/09/07 20:24:10.163, 78, 1560 MHz, 279.94 W, 280.00 W, 100 %, 0x0000000000000004
0, 2026/09/07 20:24:12.164, 76, 1425 MHz, 268.71 W, 280.00 W, 100 %, 0x0000000000000020
1, 2026/09/07 20:24:12.165, 74, 1425 MHz, 279.91 W, 280.00 W, 100 %, 0x0000000000000004
2, 2026/09/07 20:24:12.165, 80, 1455 MHz, 268.46 W, 280.00 W, 77 %, 0x0000000000000020
3, 2026/09/07 20:24:12.166, 75, 960 MHz, 235.24 W, 280.00 W, 100 %, 0x0000000000000020
4, 2026/09/07 20:24:12.166, 83, 1410 MHz, 279.98 W, 280.00 W, 100 %, 0x0000000000000004
5, 2026/09/07 20:24:12.167, 77, 1425 MHz, 280.28 W, 280.00 W, 100 %, 0x0000000000000004
0, 2026/09/07 20:24:14.168, 72, 1920 MHz, 241.03 W, 280.00 W, 0 %, 0x0000000000000000
1, 2026/09/07 20:24:14.169, 68, 1905 MHz, 182.97 W, 280.00 W, 0 %, 0x0000000000000000
2, 2026/09/07 20:24:14.169, 74, 1890 MHz, 185.32 W, 280.00 W, 0 %, 0x0000000000000024
3, 2026/09/07 20:24:14.170, 72, 1905 MHz, 214.91 W, 280.00 W, 0 %, 0x0000000000000000
4, 2026/09/07 20:24:14.170, 76, 1905 MHz, 212.18 W, 280.00 W, 0 %, 0x0000000000000024
5, 2026/09/07 20:24:14.171, 70, 1890 MHz, 182.00 W, 280.00 W, 0 %, 0x0000000000000000
0, 2026/09/07 20:24:16.171, 67, 1695 MHz, 175.86 W, 280.00 W, 0 %, 0x0000000000000000
1, 2026/09/07 20:24:16.172, 62, 1695 MHz, 146.80 W, 280.00 W, 0 %, 0x0000000000000000
2, 2026/09/07 20:24:16.173, 67, 1695 MHz, 151.33 W, 280.00 W, 0 %, 0x0000000000000000
3, 2026/09/07 20:24:16.173, 69, 1695 MHz, 168.72 W, 280.00 W, 0 %, 0x0000000000000000
4, 2026/09/07 20:24:16.173, 70, 1695 MHz, 171.55 W, 280.00 W, 0 %, 0x0000000000000000
5, 2026/09/07 20:24:16.174, 64, 1695 MHz, 146.53 W, 280.00 W, 0 %, 0x0000000000000000
0, 2026/09/07 20:24:18.175, 63, 1695 MHz, 145.15 W, 280.00 W, 0 %, 0x0000000000000000
1, 2026/09/07 20:24:18.175, 60, 1695 MHz, 130.91 W, 280.00 W, 0 %, 0x0000000000000000
2, 2026/09/07 20:24:18.176, 64, 1695 MHz, 134.61 W, 280.00 W, 0 %, 0x0000000000000000
3, 2026/09/07 20:24:18.176, 65, 1695 MHz, 140.90 W, 280.00 W, 0 %, 0x0000000000000000
4, 2026/09/07 20:24:18.177, 63, 1695 MHz, 137.20 W, 280.00 W, 0 %, 0x0000000000000000
5, 2026/09/07 20:24:18.177, 62, 1695 MHz, 131.66 W, 280.00 W, 0 %, 0x0000000000000000
0, 2026/09/07 20:24:20.178, 61, 1695 MHz, 140.74 W, 280.00 W, 0 %, 0x0000000000000000
1, 2026/09/07 20:24:20.179, 59, 1695 MHz, 126.57 W, 280.00 W, 0 %, 0x0000000000000000
2, 2026/09/07 20:24:20.179, 62, 1695 MHz, 129.28 W, 280.00 W, 0 %, 0x0000000000000000
3, 2026/09/07 20:24:20.180, 64, 1695 MHz, 139.07 W, 280.00 W, 0 %, 0x0000000000000000
4, 2026/09/07 20:24:20.180, 60, 1695 MHz, 133.14 W, 280.00 W, 0 %, 0x0000000000000000
5, 2026/09/07 20:24:20.180, 61, 1695 MHz, 127.98 W, 280.00 W, 0 %, 0x0000000000000000
0, 2026/09/07 20:24:22.181, 59, 1695 MHz, 134.93 W, 280.00 W, 0 %, 0x0000000000000000
1, 2026/09/07 20:24:22.182, 58, 1695 MHz, 123.29 W, 280.00 W, 0 %, 0x0000000000000000
2, 2026/09/07 20:24:22.182, 61, 1695 MHz, 125.00 W, 280.00 W, 0 %, 0x0000000000000000
3, 2026/09/07 20:24:22.183, 63, 1695 MHz, 136.42 W, 280.00 W, 0 %, 0x0000000000000000
4, 2026/09/07 20:24:22.183, 58, 1695 MHz, 130.52 W, 280.00 W, 0 %, 0x0000000000000000
5, 2026/09/07 20:24:22.184, 60, 1695 MHz, 124.97 W, 280.00 W, 0 %, 0x0000000000000000
0, 2026/09/07 20:24:24.185, 59, 1695 MHz, 130.97 W, 280.00 W, 0 %, 0x0000000000000000
1, 2026/09/07 20:24:24.185, 58, 1695 MHz, 121.48 W, 280.00 W, 0 %, 0x0000000000000000
2, 2026/09/07 20:24:24.186, 60, 1695 MHz, 122.32 W, 280.00 W, 0 %, 0x0000000000000000
3, 2026/09/07 20:24:24.186, 62, 1695 MHz, 132.27 W, 280.00 W, 0 %, 0x0000000000000000
4, 2026/09/07 20:24:24.187, 57, 1695 MHz, 127.82 W, 280.00 W, 0 %, 0x0000000000000000
5, 2026/09/07 20:24:24.187, 59, 1695 MHz, 122.88 W, 280.00 W, 0 %, 0x0000000000000000
0, 2026/09/07 20:24:26.188, 58, 1695 MHz, 129.10 W, 280.00 W, 0 %, 0x0000000000000000
1, 2026/09/07 20:24:26.189, 57, 1695 MHz, 120.13 W, 280.00 W, 0 %, 0x0000000000000000
2, 2026/09/07 20:24:26.189, 60, 1695 MHz, 120.56 W, 280.00 W, 0 %, 0x0000000000000000
3, 2026/09/07 20:24:26.190, 62, 1695 MHz, 128.94 W, 280.00 W, 0 %, 0x0000000000000000
4, 2026/09/07 20:24:26.190, 56, 1695 MHz, 126.16 W, 280.00 W, 0 %, 0x0000000000000000
5, 2026/09/07 20:24:26.190, 58, 1695 MHz, 121.67 W, 280.00 W, 0 %, 0x0000000000000000
0, 2026/09/07 20:24:28.191, 57, 1695 MHz, 127.73 W, 280.00 W, 0 %, 0x0000000000000000
1, 2026/09/07 20:24:28.192, 56, 1695 MHz, 118.94 W, 280.00 W, 0 %, 0x0000000000000000
2, 2026/09/07 20:24:28.192, 59, 1695 MHz, 119.46 W, 280.00 W, 0 %, 0x0000000000000000
3, 2026/09/07 20:24:28.193, 62, 1695 MHz, 126.88 W, 280.00 W, 0 %, 0x0000000000000000
4, 2026/09/07 20:24:28.193, 56, 1695 MHz, 125.26 W, 280.00 W, 0 %, 0x0000000000000000
5, 2026/09/07 20:24:28.194, 58, 1695 MHz, 120.96 W, 280.00 W, 0 %, 0x0000000000000000
0, 2026/09/07 20:24:30.194, 57, 1695 MHz, 127.17 W, 280.00 W, 0 %, 0x0000000000000000
1, 2026/09/07 20:24:30.195, 51, 270 MHz, 93.23 W, 280.00 W, 0 %, 0x0000000000000001
2, 2026/09/07 20:24:30.196, 59, 345 MHz, 112.55 W, 280.00 W, 0 %, 0x0000000000000001
3, 2026/09/07 20:24:30.197, 61, 1695 MHz, 125.65 W, 280.00 W, 0 %, 0x0000000000000000
4, 2026/09/07 20:24:30.197, 55, 1695 MHz, 124.36 W, 280.00 W, 0 %, 0x0000000000000000
5, 2026/09/07 20:24:30.198, 57, 1695 MHz, 114.23 W, 280.00 W, 0 %, 0x0000000000000001
0, 2026/09/07 20:24:32.199, 51, 240 MHz, 97.64 W, 280.00 W, 0 %, 0x0000000000000001
1, 2026/09/07 20:24:32.200, 49, 210 MHz, 26.20 W, 280.00 W, 0 %, 0x0000000000000001
2, 2026/09/07 20:24:32.202, 52, 210 MHz, 30.81 W, 280.00 W, 0 %, 0x0000000000000001
3, 2026/09/07 20:24:32.203, 55, 210 MHz, 87.60 W, 280.00 W, 0 %, 0x0000000000000001
4, 2026/09/07 20:24:32.204, 49, 210 MHz, 80.85 W, 280.00 W, 0 %, 0x0000000000000001
5, 2026/09/07 20:24:32.206, 52, 210 MHz, 32.41 W, 280.00 W, 0 %, 0x0000000000000001
0, 2026/09/07 20:24:34.207, 49, 210 MHz, 29.09 W, 280.00 W, 0 %, 0x0000000000000001
1, 2026/09/07 20:24:34.208, 48, 210 MHz, 23.64 W, 280.00 W, 0 %, 0x0000000000000001
2, 2026/09/07 20:24:34.209, 49, 210 MHz, 28.04 W, 280.00 W, 0 %, 0x0000000000000001
3, 2026/09/07 20:24:34.210, 53, 210 MHz, 30.22 W, 280.00 W, 0 %, 0x0000000000000001
4, 2026/09/07 20:24:34.211, 47, 210 MHz, 29.80 W, 280.00 W, 0 %, 0x0000000000000001
5, 2026/09/07 20:24:34.212, 49, 210 MHz, 29.69 W, 280.00 W, 0 %, 0x0000000000000001
0, 2026/09/07 20:24:36.213, 47, 210 MHz, 26.79 W, 280.00 W, 0 %, 0x0000000000000001
1, 2026/09/07 20:24:36.214, 47, 210 MHz, 22.33 W, 280.00 W, 0 %, 0x0000000000000001
2, 2026/09/07 20:24:36.215, 48, 210 MHz, 26.81 W, 280.00 W, 0 %, 0x0000000000000001
3, 2026/09/07 20:24:36.217, 51, 210 MHz, 29.34 W, 280.00 W, 0 %, 0x0000000000000001
4, 2026/09/07 20:24:36.218, 45, 210 MHz, 28.57 W, 280.00 W, 0 %, 0x0000000000000001
5, 2026/09/07 20:24:36.219, 48, 210 MHz, 28.68 W, 280.00 W, 0 %, 0x0000000000000001
0, 2026/09/07 20:24:38.221, 46, 210 MHz, 26.05 W, 280.00 W, 0 %, 0x0000000000000001
1, 2026/09/07 20:24:38.221, 46, 210 MHz, 21.65 W, 280.00 W, 0 %, 0x0000000000000001
2, 2026/09/07 20:24:38.222, 46, 210 MHz, 26.02 W, 280.00 W, 0 %, 0x0000000000000001
3, 2026/09/07 20:24:38.224, 50, 210 MHz, 27.54 W, 280.00 W, 0 %, 0x0000000000000001
4, 2026/09/07 20:24:38.225, 43, 210 MHz, 28.39 W, 280.00 W, 0 %, 0x0000000000000001
5, 2026/09/07 20:24:38.226, 47, 210 MHz, 27.51 W, 280.00 W, 0 %, 0x0000000000000001
