timestamp, index, memory.used [MiB], utilization.gpu [%], clocks.current.sm [MHz], clocks.current.memory [MHz], power.draw [W], temperature.gpu, clocks_event_reasons.active
2026/09/12 02:11:55.753, 0, 1, 0, 210, 405, 22.13, 36, 0x0000000000000001
2026/09/12 02:11:55.760, 1, 1, 0, 210, 405, 19.52, 37, 0x0000000000000001
2026/09/12 02:11:55.767, 2, 1, 0, 210, 405, 21.31, 36, 0x0000000000000001
2026/09/12 02:11:55.773, 3, 15172, 96, 1560, 9501, 263.05, 75, 0x0000000000000020
2026/09/12 02:11:55.779, 4, 1, 0, 210, 405, 24.42, 37, 0x0000000000000001
2026/09/12 02:11:55.785, 5, 1, 0, 210, 405, 22.17, 36, 0x0000000000000001
2026/09/12 02:11:56.292, 0, 1, 0, 210, 405, 22.27, 36, 0x0000000000000001
2026/09/12 02:11:56.292, 1, 1, 0, 210, 405, 19.45, 37, 0x0000000000000001
2026/09/12 02:11:56.292, 2, 1, 0, 210, 405, 21.28, 36, 0x0000000000000001
2026/09/12 02:11:56.292, 3, 15172, 96, 1560, 9501, 277.96, 75, 0x0000000000000020
2026/09/12 02:11:56.292, 4, 1, 0, 210, 405, 24.23, 36, 0x0000000000000001
2026/09/12 02:11:56.292, 5, 1, 0, 210, 405, 22.17, 36, 0x0000000000000001
2026/09/12 02:11:56.792, 0, 1, 0, 210, 405, 22.27, 36, 0x0000000000000001
2026/09/12 02:11:56.793, 1, 1, 0, 210, 405, 19.45, 37, 0x0000000000000001
2026/09/12 02:11:56.793, 2, 1, 0, 210, 405, 21.28, 36, 0x0000000000000001
2026/09/12 02:11:56.793, 3, 15172, 96, 1560, 9501, 276.58, 75, 0x0000000000000020
2026/09/12 02:11:56.793, 4, 1, 0, 210, 405, 24.23, 36, 0x0000000000000001
2026/09/12 02:11:56.793, 5, 1, 0, 210, 405, 22.17, 36, 0x0000000000000001
2026/09/12 02:11:57.293, 0, 1, 0, 210, 405, 22.14, 36, 0x0000000000000001
2026/09/12 02:11:57.293, 1, 4, 0, 210, 405, 19.44, 37, 0x0000000000000001
2026/09/12 02:11:57.300, 2, 1, 0, 210, 405, 21.20, 36, 0x0000000000000001
2026/09/12 02:11:57.300, 3, 15172, 96, 1560, 9501, 276.73, 75, 0x0000000000000020
2026/09/12 02:11:57.300, 4, 1, 0, 210, 405, 24.23, 36, 0x0000000000000001
2026/09/12 02:11:57.300, 5, 1, 0, 210, 405, 22.27, 36, 0x0000000000000001
2026/09/12 02:11:57.801, 0, 1, 0, 210, 405, 23.48, 36, 0x0000000000000001
2026/09/12 02:11:57.801, 1, 688, 1, 1695, 9751, 22.19, 37, 0x0000000000000000
2026/09/12 02:11:57.801, 2, 1, 0, 210, 405, 22.41, 37, 0x0000000000000001
2026/09/12 02:11:57.801, 3, 15170, 96, 1560, 9501, 278.14, 75, 0x0000000000000020
2026/09/12 02:11:57.802, 4, 1, 0, 210, 405, 25.33, 37, 0x0000000000000001
2026/09/12 02:11:57.802, 5, 1, 0, 210, 405, 23.06, 37, 0x0000000000000001
2026/09/12 02:11:58.302, 0, 1, 0, 210, 405, 26.09, 36, 0x0000000000000001
2026/09/12 02:11:58.302, 1, 688, 100, 1485, 9501, 109.93, 47, 0x0000000000000004
2026/09/12 02:11:58.303, 2, 1, 0, 210, 405, 26.73, 37, 0x0000000000000001
2026/09/12 02:11:58.303, 3, 15172, 99, 1410, 9501, 258.27, 75, 0x0000000000000020
2026/09/12 02:11:58.303, 4, 1, 0, 210, 405, 29.82, 37, 0x0000000000000001
2026/09/12 02:11:58.303, 5, 1, 0, 210, 405, 26.56, 37, 0x0000000000000001
2026/09/12 02:11:58.803, 0, 1, 0, 210, 405, 31.03, 37, 0x0000000000000001
2026/09/12 02:11:58.804, 1, 688, 100, 1500, 9501, 236.38, 51, 0x0000000000000004
2026/09/12 02:11:58.804, 2, 1, 0, 210, 405, 27.40, 37, 0x0000000000000001
2026/09/12 02:11:58.804, 3, 15172, 96, 1605, 9501, 258.69, 75, 0x0000000000000024
2026/09/12 02:11:58.804, 4, 1, 0, 210, 405, 30.72, 37, 0x0000000000000001
2026/09/12 02:11:58.805, 5, 1, 0, 210, 405, 27.21, 37, 0x0000000000000001
2026/09/12 02:11:59.305, 0, 1, 0, 210, 405, 31.03, 37, 0x0000000000000001
2026/09/12 02:11:59.305, 1, 688, 99, 1515, 9501, 279.87, 52, 0x0000000000000004
2026/09/12 02:11:59.305, 2, 1, 0, 210, 405, 27.40, 37, 0x0000000000000001
2026/09/12 02:11:59.305, 3, 15172, 96, 1545, 9501, 275.64, 75, 0x0000000000000004
2026/09/12 02:11:59.306, 4, 1, 0, 210, 405, 30.72, 37, 0x0000000000000001
2026/09/12 02:11:59.306, 5, 1, 0, 210, 405, 27.21, 37, 0x0000000000000001
2026/09/12 02:11:59.806, 0, 1, 0, 210, 405, 23.98, 36, 0x0000000000000001
2026/09/12 02:11:59.806, 1, 2736, 100, 1410, 9501, 279.76, 53, 0x0000000000000004
2026/09/12 02:11:59.806, 2, 1, 0, 210, 405, 22.72, 36, 0x0000000000000001
2026/09/12 02:11:59.806, 3, 15172, 96, 1545, 9501, 277.31, 75, 0x0000000000000020
2026/09/12 02:11:59.807, 4, 1, 0, 210, 405, 25.93, 37, 0x0000000000000001
2026/09/12 02:11:59.807, 5, 1, 0, 210, 405, 23.30, 37, 0x0000000000000001
2026/09/12 02:12:00.307, 0, 1, 0, 210, 405, 23.98, 36, 0x0000000000000001
2026/09/12 02:12:00.307, 1, 2736, 100, 1875, 9501, 276.41, 52, 0x0000000000000004
2026/09/12 02:12:00.308, 2, 1, 0, 210, 405, 22.72, 36, 0x0000000000000001
2026/09/12 02:12:00.308, 3, 15172, 96, 1545, 9501, 274.91, 75, 0x0000000000000020
2026/09/12 02:12:00.308, 4, 1, 0, 210, 405, 25.93, 37, 0x0000000000000001
2026/09/12 02:12:00.308, 5, 1, 0, 210, 405, 23.30, 37, 0x0000000000000001
2026/09/12 02:12:00.808, 0, 1, 0, 210, 405, 22.62, 36, 0x0000000000000001
2026/09/12 02:12:00.809, 1, 1, 0, 1950, 9501, 219.35, 48, 0x0000000000000000
2026/09/12 02:12:00.809, 2, 1, 0, 210, 405, 21.59, 36, 0x0000000000000001
2026/09/12 02:12:00.809, 3, 14878, 97, 1545, 9501, 274.67, 75, 0x0000000000000020
2026/09/12 02:12:00.809, 4, 1, 0, 210, 405, 24.58, 37, 0x0000000000000001
2026/09/12 02:12:00.809, 5, 1, 0, 210, 405, 22.51, 36, 0x0000000000000001
2026/09/12 02:12:01.310, 0, 4, 0, 210, 405, 22.62, 36, 0x0000000000000001
2026/09/12 02:12:01.311, 1, 4, 0, 1950, 9751, 161.99, 48, 0x0000000000000000
2026/09/12 02:12:01.311, 2, 4, 0, 210, 405, 21.59, 36, 0x0000000000000001
2026/09/12 02:12:01.313, 3, 14880, 91, 1635, 9501, 261.97, 75, 0x0000000000000004
2026/09/12 02:12:01.314, 4, 1, 0, 210, 405, 24.58, 37, 0x0000000000000001
2026/09/12 02:12:01.314, 5, 1, 0, 210, 405, 22.51, 36, 0x0000000000000001
2026/09/12 02:12:01.815, 0, 1, 0, 210, 405, 26.38, 37, 0x0000000000000001
2026/09/12 02:12:01.816, 1, 4, 0, 1950, 9751, 138.94, 48, 0x0000000000000000
2026/09/12 02:12:01.816, 2, 1, 0, 210, 405, 24.92, 36, 0x0000000000000001
2026/09/12 02:12:01.816, 3, 14880, 92, 1635, 9501, 267.09, 75, 0x0000000000000004
2026/09/12 02:12:01.816, 4, 1, 0, 210, 405, 27.83, 37, 0x0000000000000001
2026/09/12 02:12:01.816, 5, 1, 0, 210, 405, 24.94, 37, 0x0000000000000001
2026/09/12 02:12:02.317, 0, 1, 0, 210, 405, 28.51, 37, 0x0000000000000001
2026/09/12 02:12:02.317, 1, 4, 0, 1695, 9751, 132.65, 47, 0x0000000000000000
2026/09/12 02:12:02.317, 2, 1, 0, 210, 405, 26.50, 37, 0x0000000000000001
2026/09/12 02:12:02.318, 3, 14882, 93, 1635, 9501, 280.07, 75, 0x0000000000000024
2026/09/12 02:12:02.318, 4, 1, 0, 210, 405, 29.68, 37, 0x0000000000000001
2026/09/12 02:12:02.318, 5, 1, 0, 210, 405, 26.34, 37, 0x0000000000000001
2026/09/12 02:12:02.818, 0, 1, 0, 210, 405, 33.67, 36, 0x0000000000000001
2026/09/12 02:12:02.818, 1, 4, 0, 1695, 9751, 130.12, 46, 0x0000000000000001
2026/09/12 02:12:02.818, 2, 1, 0, 210, 405, 30.33, 37, 0x0000000000000001
2026/09/12 02:12:02.819, 3, 14884, 96, 1635, 9501, 279.48, 75, 0x0000000000000004
2026/09/12 02:12:02.819, 4, 1, 0, 210, 405, 34.08, 37, 0x0000000000000001
2026/09/12 02:12:02.819, 5, 1, 0, 210, 405, 29.63, 37, 0x0000000000000001
2026/09/12 02:12:03.319, 0, 1, 0, 210, 405, 33.62, 37, 0x0000000000000001
2026/09/12 02:12:03.319, 1, 4, 0, 1695, 9751, 130.12, 46, 0x0000000000000001
2026/09/12 02:12:03.320, 2, 1, 0, 210, 405, 30.27, 37, 0x0000000000000001
2026/09/12 02:12:03.320, 3, 15122, 88, 1665, 9501, 279.99, 75, 0x0000000000000024
2026/09/12 02:12:03.320, 4, 1, 0, 210, 405, 34.03, 37, 0x0000000000000001
2026/09/12 02:12:03.320, 5, 1, 0, 210, 405, 29.58, 37, 0x0000000000000001
2026/09/12 02:12:03.820, 0, 1, 0, 210, 405, 33.62, 37, 0x0000000000000001
2026/09/12 02:12:03.821, 1, 4, 0, 510, 5001, 87.85, 44, 0x0000000000000001
2026/09/12 02:12:03.821, 2, 1, 0, 210, 405, 30.27, 37, 0x0000000000000001
2026/09/12 02:12:03.821, 3, 15172, 61, 1440, 9501, 266.82, 75, 0x0000000000000020
2026/09/12 02:12:03.821, 4, 1, 0, 210, 405, 34.03, 37, 0x0000000000000001
2026/09/12 02:12:03.822, 5, 1, 0, 210, 405, 29.58, 37, 0x0000000000000001
2026/09/12 02:12:04.322, 0, 1, 0, 210, 405, 23.62, 37, 0x0000000000000001
2026/09/12 02:12:04.322, 1, 4, 0, 510, 5001, 87.85, 44, 0x0000000000000001
2026/09/12 02:12:04.322, 2, 1, 0, 210, 405, 22.26, 37, 0x0000000000000001
2026/09/12 02:12:04.323, 3, 15172, 96, 1545, 9501, 261.85, 75, 0x0000000000000020
2026/09/12 02:12:04.323, 4, 1, 0, 210, 405, 25.90, 37, 0x0000000000000001
2026/09/12 02:12:04.323, 5, 1, 0, 210, 405, 23.09, 37, 0x0000000000000001
2026/09/12 02:12:04.823, 0, 1, 0, 210, 405, 23.62, 37, 0x0000000000000001
2026/09/12 02:12:04.824, 1, 4, 0, 300, 810, 67.11, 42, 0x0000000000000001
2026/09/12 02:12:04.824, 2, 1, 0, 210, 405, 22.26, 37, 0x0000000000000001
2026/09/12 02:12:04.824, 3, 15172, 96, 1545, 9501, 268.77, 75, 0x0000000000000020
2026/09/12 02:12:04.824, 4, 1, 0, 210, 405, 25.90, 37, 0x0000000000000001
2026/09/12 02:12:04.824, 5, 1, 0, 210, 405, 23.09, 37, 0x0000000000000001
2026/09/12 02:12:05.325, 0, 1, 0, 210, 405, 22.49, 36, 0x0000000000000001
2026/09/12 02:12:05.325, 1, 4, 0, 300, 810, 67.11, 42, 0x0000000000000001
2026/09/12 02:12:05.325, 2, 1, 0, 210, 405, 21.49, 36, 0x0000000000000001
2026/09/12 02:12:05.325, 3, 15172, 96, 1560, 9501, 273.14, 75, 0x0000000000000020
2026/09/12 02:12:05.325, 4, 1, 0, 210, 405, 24.62, 37, 0x0000000000000004
2026/09/12 02:12:05.325, 5, 1, 0, 210, 405, 22.38, 36, 0x0000000000000001
2026/09/12 02:12:05.826, 0, 1, 0, 210, 405, 22.49, 36, 0x0000000000000001
2026/09/12 02:12:05.826, 1, 4, 0, 210, 810, 36.54, 41, 0x0000000000000001
2026/09/12 02:12:05.826, 2, 1, 0, 210, 405, 21.49, 36, 0x0000000000000001
2026/09/12 02:12:05.826, 3, 15172, 96, 1560, 9501, 275.72, 75, 0x0000000000000020
2026/09/12 02:12:05.826, 4, 1, 0, 210, 405, 24.62, 37, 0x0000000000000004
2026/09/12 02:12:05.826, 5, 1, 0, 210, 405, 22.38, 36, 0x0000000000000001
2026/09/12 02:12:06.326, 0, 1, 0, 210, 405, 22.19, 36, 0x0000000000000001
2026/09/12 02:12:06.327, 1, 4, 0, 210, 810, 36.54, 41, 0x0000000000000001
2026/09/12 02:12:06.327, 2, 1, 0, 210, 405, 21.43, 36, 0x0000000000000001
2026/09/12 02:12:06.327, 3, 15172, 96, 1560, 9501, 277.58, 75, 0x0000000000000020
2026/09/12 02:12:06.327, 4, 1, 0, 210, 405, 24.33, 36, 0x0000000000000004
2026/09/12 02:12:06.328, 5, 1, 0, 210, 405, 22.48, 36, 0x0000000000000001
2026/09/12 02:12:06.828, 0, 1, 0, 210, 405, 22.19, 36, 0x0000000000000001
2026/09/12 02:12:06.828, 1, 4, 0, 210, 405, 22.69, 41, 0x0000000000000001
2026/09/12 02:12:06.828, 2, 1, 0, 210, 405, 21.43, 36, 0x0000000000000001
2026/09/12 02:12:06.828, 3, 14878, 0, 1725, 9501, 265.34, 72, 0x0000000000000024
2026/09/12 02:12:06.829, 4, 1, 0, 210, 405, 24.33, 36, 0x0000000000000004
2026/09/12 02:12:06.829, 5, 1, 0, 210, 405, 22.48, 36, 0x0000000000000001
2026/09/12 02:12:07.329, 0, 1, 0, 210, 405, 22.13, 36, 0x0000000000000001
2026/09/12 02:12:07.329, 1, 4, 0, 210, 405, 22.69, 41, 0x0000000000000001
2026/09/12 02:12:07.330, 2, 1, 0, 210, 405, 21.62, 36, 0x0000000000000001
2026/09/12 02:12:07.330, 3, 14880, 93, 1635, 9501, 262.62, 75, 0x0000000000000004
2026/09/12 02:12:07.330, 4, 1, 0, 210, 405, 24.33, 36, 0x0000000000000004
2026/09/12 02:12:07.330, 5, 1, 0, 210, 405, 22.37, 36, 0x0000000000000001
2026/09/12 02:12:07.831, 0, 1, 0, 210, 405, 22.13, 36, 0x0000000000000001
2026/09/12 02:12:07.831, 1, 4, 0, 210, 405, 20.30, 40, 0x0000000000000001
2026/09/12 02:12:07.831, 2, 1, 0, 210, 405, 21.62, 36, 0x0000000000000001
2026/09/12 02:12:07.831, 3, 14882, 96, 1500, 9501, 265.42, 74, 0x0000000000000004
2026/09/12 02:12:07.831, 4, 1, 0, 210, 405, 24.33, 36, 0x0000000000000004
2026/09/12 02:12:07.831, 5, 1, 0, 210, 405, 22.37, 36, 0x0000000000000001
2026/09/12 02:12:08.332, 0, 1, 0, 210, 405, 22.22, 36, 0x0000000000000001
2026/09/12 02:12:08.332, 1, 4, 0, 210, 405, 20.30, 40, 0x0000000000000001
2026/09/12 02:12:08.332, 2, 1, 0, 210, 405, 21.68, 36, 0x0000000000000001
2026/09/12 02:12:08.332, 3, 14884, 89, 1650, 9501, 279.70, 75, 0x0000000000000004
2026/09/12 02:12:08.332, 4, 1, 0, 210, 405, 24.30, 36, 0x0000000000000004
2026/09/12 02:12:08.332, 5, 1, 0, 210, 405, 22.25, 36, 0x0000000000000001
2026/09/12 02:12:08.833, 0, 1, 0, 210, 405, 22.22, 36, 0x0000000000000001
2026/09/12 02:12:08.833, 1, 4, 0, 210, 405, 19.69, 40, 0x0000000000000001
2026/09/12 02:12:08.833, 2, 1, 0, 210, 405, 21.68, 36, 0x0000000000000001
2026/09/12 02:12:08.833, 3, 14884, 94, 1560, 9501, 277.75, 74, 0x0000000000000004
2026/09/12 02:12:08.833, 4, 1, 0, 210, 405, 24.30, 36, 0x0000000000000004
2026/09/12 02:12:08.834, 5, 1, 0, 210, 405, 22.25, 36, 0x0000000000000001
2026/09/12 02:12:09.334, 0, 1, 0, 210, 405, 22.05, 36, 0x0000000000000001
2026/09/12 02:12:09.334, 1, 4, 0, 210, 405, 19.69, 40, 0x0000000000000001
2026/09/12 02:12:09.334, 2, 1, 0, 210, 405, 21.68, 36, 0x0000000000000001
2026/09/12 02:12:09.335, 3, 15170, 91, 1770, 9501, 280.24, 75, 0x0000000000000004
2026/09/12 02:12:09.335, 4, 1, 0, 210, 405, 24.33, 36, 0x0000000000000004
2026/09/12 02:12:09.335, 5, 1, 0, 210, 405, 22.41, 36, 0x0000000000000001
2026/09/12 02:12:09.835, 0, 1, 0, 210, 405, 22.46, 36, 0x0000000000000001
2026/09/12 02:12:09.836, 1, 4, 0, 210, 405, 19.59, 39, 0x0000000000000001
2026/09/12 02:12:09.836, 2, 1, 0, 210, 405, 21.68, 36, 0x0000000000000001
2026/09/12 02:12:09.836, 3, 15172, 98, 1590, 9501, 263.24, 76, 0x0000000000000020
2026/09/12 02:12:09.836, 4, 1, 0, 210, 405, 24.33, 36, 0x0000000000000004
2026/09/12 02:12:09.836, 5, 1, 0, 210, 405, 22.41, 36, 0x0000000000000001
2026/09/12 02:12:10.337, 0, 1, 0, 210, 405, 22.46, 36, 0x0000000000000001
2026/09/12 02:12:10.337, 1, 4, 0, 210, 405, 19.59, 39, 0x0000000000000001
2026/09/12 02:12:10.337, 2, 1, 0, 210, 405, 21.80, 36, 0x0000000000000001
2026/09/12 02:12:10.337, 3, 15172, 96, 1575, 9501, 264.89, 75, 0x0000000000000020
2026/09/12 02:12:10.337, 4, 1, 0, 210, 405, 24.36, 36, 0x0000000000000004
2026/09/12 02:12:10.338, 5, 1, 0, 210, 405, 22.31, 36, 0x0000000000000001
2026/09/12 02:12:10.838, 0, 1, 0, 210, 405, 22.50, 36, 0x0000000000000001
2026/09/12 02:12:10.838, 1, 4, 0, 210, 405, 19.47, 39, 0x0000000000000001
2026/09/12 02:12:10.838, 2, 1, 0, 210, 405, 21.80, 36, 0x0000000000000001
2026/09/12 02:12:10.839, 3, 15172, 96, 1575, 9501, 277.73, 75, 0x0000000000000004
2026/09/12 02:12:10.839, 4, 1, 0, 210, 405, 24.36, 36, 0x0000000000000004
2026/09/12 02:12:10.839, 5, 1, 0, 210, 405, 22.31, 36, 0x0000000000000001
2026/09/12 02:12:11.339, 0, 1, 0, 210, 405, 22.50, 36, 0x0000000000000001
2026/09/12 02:12:11.340, 1, 4, 0, 210, 405, 19.47, 39, 0x0000000000000001
2026/09/12 02:12:11.340, 2, 1, 0, 210, 405, 21.53, 36, 0x0000000000000001
2026/09/12 02:12:11.340, 3, 15172, 96, 1575, 9501, 279.29, 75, 0x0000000000000020
2026/09/12 02:12:11.340, 4, 1, 0, 210, 405, 24.24, 36, 0x0000000000000004
2026/09/12 02:12:11.340, 5, 1, 0, 210, 405, 22.23, 36, 0x0000000000000001
2026/09/12 02:12:11.841, 0, 1, 0, 210, 405, 22.10, 36, 0x0000000000000001
2026/09/12 02:12:11.841, 1, 4, 0, 210, 405, 19.39, 39, 0x0000000000000001
2026/09/12 02:12:11.841, 2, 1, 0, 210, 405, 21.53, 36, 0x0000000000000001
2026/09/12 02:12:11.841, 3, 15172, 97, 1560, 9501, 279.31, 75, 0x0000000000000004
2026/09/12 02:12:11.842, 4, 1, 0, 210, 405, 24.24, 36, 0x0000000000000004
2026/09/12 02:12:11.842, 5, 1, 0, 210, 405, 22.23, 36, 0x0000000000000001
2026/09/12 02:12:12.342, 0, 1, 0, 210, 405, 22.10, 36, 0x0000000000000001
2026/09/12 02:12:12.342, 1, 4, 0, 210, 405, 19.39, 39, 0x0000000000000001
2026/09/12 02:12:12.342, 2, 1, 0, 210, 405, 21.34, 36, 0x0000000000000001
2026/09/12 02:12:12.342, 3, 14878, 96, 1560, 9501, 279.57, 75, 0x0000000000000020
2026/09/12 02:12:12.342, 4, 1, 0, 210, 405, 24.23, 36, 0x0000000000000001
2026/09/12 02:12:12.342, 5, 1, 0, 210, 405, 22.22, 36, 0x0000000000000001
2026/09/12 02:12:12.843, 0, 1, 0, 210, 405, 21.96, 36, 0x0000000000000001
2026/09/12 02:12:12.843, 1, 4, 0, 210, 405, 19.41, 39, 0x0000000000000001
2026/09/12 02:12:12.843, 2, 1, 0, 210, 405, 21.34, 36, 0x0000000000000001
2026/09/12 02:12:12.843, 3, 14880, 63, 1680, 9501, 261.11, 75, 0x0000000000000020
2026/09/12 02:12:12.843, 4, 1, 0, 210, 405, 24.23, 36, 0x0000000000000001
2026/09/12 02:12:12.844, 5, 1, 0, 210, 405, 22.22, 36, 0x0000000000000001
2026/09/12 02:12:13.344, 0, 1, 0, 210, 405, 21.96, 36, 0x0000000000000001
2026/09/12 02:12:13.344, 1, 4, 0, 210, 405, 19.41, 39, 0x0000000000000001
2026/09/12 02:12:13.344, 2, 1, 0, 210, 405, 21.27, 36, 0x0000000000000001
2026/09/12 02:12:13.345, 3, 14882, 88, 1665, 9501, 264.44, 75, 0x0000000000000004
2026/09/12 02:12:13.345, 4, 1, 0, 210, 405, 24.50, 36, 0x0000000000000004
2026/09/12 02:12:13.345, 5, 1, 0, 210, 405, 22.13, 36, 0x0000000000000001
2026/09/12 02:12:13.845, 0, 1, 0, 210, 405, 22.09, 36, 0x0000000000000001
2026/09/12 02:12:13.846, 1, 4, 0, 210, 405, 19.28, 39, 0x0000000000000001
2026/09/12 02:12:13.846, 2, 1, 0, 210, 405, 21.27, 36, 0x0000000000000001
2026/09/12 02:12:13.846, 3, 14884, 89, 1665, 9501, 278.86, 74, 0x0000000000000004
2026/09/12 02:12:13.846, 4, 1, 0, 210, 405, 24.50, 36, 0x0000000000000004
2026/09/12 02:12:13.846, 5, 1, 0, 210, 405, 22.13, 36, 0x0000000000000001
2026/09/12 02:12:14.347, 0, 1, 0, 210, 405, 22.09, 36, 0x0000000000000001
2026/09/12 02:12:14.347, 1, 4, 0, 210, 405, 19.28, 39, 0x0000000000000001
2026/09/12 02:12:14.347, 2, 1, 0, 210, 405, 21.36, 36, 0x0000000000000001
2026/09/12 02:12:14.347, 3, 14884, 87, 1650, 9501, 279.42, 75, 0x0000000000000024
2026/09/12 02:12:14.348, 4, 1, 0, 210, 405, 24.30, 36, 0x0000000000000004
2026/09/12 02:12:14.348, 5, 1, 0, 210, 405, 22.15, 36, 0x0000000000000001
2026/09/12 02:12:14.848, 0, 1, 0, 210, 405, 22.25, 36, 0x0000000000000001
2026/09/12 02:12:14.848, 1, 4, 0, 210, 405, 19.30, 39, 0x0000000000000001
2026/09/12 02:12:14.849, 2, 1, 0, 210, 405, 21.36, 36, 0x0000000000000001
2026/09/12 02:12:14.849, 3, 14872, 91, 1620, 9501, 279.38, 75, 0x0000000000000004
2026/09/12 02:12:14.849, 4, 1, 0, 210, 405, 24.30, 36, 0x0000000000000004
2026/09/12 02:12:14.849, 5, 1, 0, 210, 405, 22.15, 36, 0x0000000000000001
2026/09/12 02:12:15.349, 0, 1, 0, 210, 405, 22.25, 36, 0x0000000000000001
2026/09/12 02:12:15.350, 1, 4, 0, 210, 405, 19.30, 39, 0x0000000000000001
2026/09/12 02:12:15.350, 2, 1, 0, 210, 405, 21.50, 36, 0x0000000000000001
2026/09/12 02:12:15.350, 3, 15162, 2, 1455, 9501, 262.89, 73, 0x0000000000000024
2026/09/12 02:12:15.350, 4, 1, 0, 210, 405, 24.13, 36, 0x0000000000000004
2026/09/12 02:12:15.350, 5, 1, 0, 210, 405, 22.26, 36, 0x0000000000000001
2026/09/12 02:12:15.851, 0, 1, 0, 210, 405, 22.19, 36, 0x0000000000000001
2026/09/12 02:12:15.851, 1, 4, 0, 210, 405, 19.37, 39, 0x0000000000000001
2026/09/12 02:12:15.851, 2, 1, 0, 210, 405, 21.50, 36, 0x0000000000000001
2026/09/12 02:12:15.851, 3, 15162, 96, 1590, 9501, 261.33, 75, 0x0000000000000024
2026/09/12 02:12:15.852, 4, 1, 0, 210, 405, 24.13, 36, 0x0000000000000004
2026/09/12 02:12:15.852, 5, 1, 0, 210, 405, 22.26, 36, 0x0000000000000001
2026/09/12 02:12:16.352, 0, 1, 0, 210, 405, 22.19, 36, 0x0000000000000001
2026/09/12 02:12:16.352, 1, 4, 0, 210, 405, 19.37, 39, 0x0000000000000001
2026/09/12 02:12:16.353, 2, 1, 0, 210, 405, 21.41, 36, 0x0000000000000001
2026/09/12 02:12:16.353, 3, 15162, 97, 1560, 9501, 267.90, 75, 0x0000000000000020
2026/09/12 02:12:16.353, 4, 1, 0, 210, 405, 24.43, 36, 0x0000000000000001
2026/09/12 02:12:16.353, 5, 1, 0, 210, 405, 22.18, 36, 0x0000000000000001
2026/09/12 02:12:16.853, 0, 1, 0, 210, 405, 22.29, 36, 0x0000000000000001
2026/09/12 02:12:16.854, 1, 4, 0, 210, 405, 19.32, 39, 0x0000000000000001
2026/09/12 02:12:16.854, 2, 1, 0, 210, 405, 21.41, 36, 0x0000000000000001
2026/09/12 02:12:16.854, 3, 15162, 95, 1560, 9501, 278.72, 75, 0x0000000000000020
2026/09/12 02:12:16.854, 4, 1, 0, 210, 405, 24.43, 36, 0x0000000000000001
2026/09/12 02:12:16.854, 5, 1, 0, 210, 405, 22.18, 36, 0x0000000000000001
2026/09/12 02:12:17.355, 0, 1, 0, 210, 405, 22.29, 36, 0x0000000000000001
2026/09/12 02:12:17.355, 1, 4, 0, 210, 405, 19.32, 39, 0x0000000000000001
2026/09/12 02:12:17.355, 2, 1, 0, 210, 405, 21.38, 36, 0x0000000000000001
2026/09/12 02:12:17.355, 3, 15162, 84, 1590, 9501, 274.23, 75, 0x0000000000000020
2026/09/12 02:12:17.356, 4, 1, 0, 210, 405, 24.26, 36, 0x0000000000000004
2026/09/12 02:12:17.356, 5, 1, 0, 210, 405, 22.08, 36, 0x0000000000000001
2026/09/12 02:12:17.856, 0, 1, 0, 210, 405, 22.57, 36, 0x0000000000000001
2026/09/12 02:12:17.856, 1, 4, 0, 210, 405, 19.36, 38, 0x0000000000000001
2026/09/12 02:12:17.857, 2, 1, 0, 210, 405, 21.38, 36, 0x0000000000000001
2026/09/12 02:12:17.857, 3, 15162, 96, 1575, 9501, 276.36, 75, 0x0000000000000020
2026/09/12 02:12:17.857, 4, 1, 0, 210, 405, 24.26, 36, 0x0000000000000004
2026/09/12 02:12:17.857, 5, 1, 0, 210, 405, 22.08, 36, 0x0000000000000001
2026/09/12 02:12:18.358, 0, 1, 0, 210, 405, 22.57, 36, 0x0000000000000001
2026/09/12 02:12:18.358, 1, 4, 0, 210, 405, 19.36, 38, 0x0000000000000001
2026/09/12 02:12:18.358, 2, 1, 0, 210, 405, 21.39, 36, 0x0000000000000001
2026/09/12 02:12:18.358, 3, 15162, 55, 1890, 9501, 274.69, 73, 0x0000000000000020
2026/09/12 02:12:18.358, 4, 1, 0, 210, 405, 24.13, 36, 0x0000000000000001
2026/09/12 02:12:18.359, 5, 1, 0, 210, 405, 22.18, 36, 0x0000000000000001
2026/09/12 02:12:18.859, 0, 1, 0, 210, 405, 22.44, 36, 0x0000000000000001
2026/09/12 02:12:18.859, 1, 4, 0, 210, 405, 19.37, 38, 0x0000000000000001
2026/09/12 02:12:18.859, 2, 1, 0, 210, 405, 21.39, 36, 0x0000000000000001
2026/09/12 02:12:18.859, 3, 15162, 99, 1575, 9501, 254.57, 75, 0x0000000000000020
2026/09/12 02:12:18.859, 4, 1, 0, 210, 405, 24.13, 36, 0x0000000000000001
2026/09/12 02:12:18.860, 5, 1, 0, 210, 405, 22.18, 36, 0x0000000000000001
2026/09/12 02:12:19.360, 0, 1, 0, 210, 405, 22.44, 36, 0x0000000000000001
2026/09/12 02:12:19.360, 1, 4, 0, 210, 405, 19.37, 38, 0x0000000000000001
2026/09/12 02:12:19.360, 2, 1, 0, 210, 405, 21.29, 36, 0x0000000000000001
2026/09/12 02:12:19.361, 3, 15162, 95, 1620, 9501, 256.41, 75, 0x0000000000000004
2026/09/12 02:12:19.361, 4, 1, 0, 210, 405, 24.32, 36, 0x0000000000000004
2026/09/12 02:12:19.361, 5, 1, 0, 210, 405, 22.21, 36, 0x0000000000000001
2026/09/12 02:12:19.861, 0, 1, 0, 210, 405, 22.33, 36, 0x0000000000000001
2026/09/12 02:12:19.862, 1, 4, 0, 210, 405, 19.29, 38, 0x0000000000000001
2026/09/12 02:12:19.862, 2, 1, 0, 210, 405, 21.29, 36, 0x0000000000000001
2026/09/12 02:12:19.862, 3, 15162, 96, 1560, 9501, 277.59, 74, 0x0000000000000004
2026/09/12 02:12:19.862, 4, 1, 0, 210, 405, 24.32, 36, 0x0000000000000004
2026/09/12 02:12:19.862, 5, 1, 0, 210, 405, 22.21, 36, 0x0000000000000001
2026/09/12 02:12:20.363, 0, 1, 0, 210, 405, 22.33, 36, 0x0000000000000001
2026/09/12 02:12:20.363, 1, 4, 0, 210, 405, 19.35, 38, 0x0000000000000001
2026/09/12 02:12:20.390, 2, 1, 0, 210, 405, 21.40, 36, 0x0000000000000001
2026/09/12 02:12:20.390, 3, 15162, 96, 1590, 9501, 279.80, 75, 0x0000000000000004
2026/09/12 02:12:20.390, 4, 1, 0, 210, 405, 24.42, 36, 0x0000000000000001
2026/09/12 02:12:20.391, 5, 1, 0, 210, 405, 22.17, 36, 0x0000000000000001
2026/09/12 02:12:20.891, 0, 1, 0, 210, 405, 22.43, 35, 0x0000000000000001
2026/09/12 02:12:20.891, 1, 4, 0, 210, 405, 19.35, 38, 0x0000000000000001
2026/09/12 02:12:20.891, 2, 1, 0, 210, 405, 21.39, 36, 0x0000000000000001
2026/09/12 02:12:20.892, 3, 15162, 96, 1560, 9501, 278.77, 74, 0x0000000000000004
2026/09/12 02:12:20.892, 4, 1, 0, 210, 405, 24.42, 36, 0x0000000000000001
2026/09/12 02:12:20.892, 5, 1, 0, 210, 405, 22.17, 36, 0x0000000000000001
2026/09/12 02:12:21.392, 0, 1, 0, 210, 405, 22.43, 35, 0x0000000000000001
2026/09/12 02:12:21.393, 1, 4, 0, 210, 405, 19.49, 38, 0x0000000000000001
2026/09/12 02:12:21.393, 2, 1, 0, 210, 405, 21.39, 36, 0x0000000000000001
2026/09/12 02:12:21.393, 3, 14880, 96, 1590, 9501, 279.93, 75, 0x0000000000000004
2026/09/12 02:12:21.393, 4, 1, 0, 210, 405, 24.37, 36, 0x0000000000000004
2026/09/12 02:12:21.393, 5, 1, 0, 210, 405, 22.11, 36, 0x0000000000000001
2026/09/12 02:12:21.894, 0, 1, 0, 210, 405, 22.27, 35, 0x0000000000000001
2026/09/12 02:12:21.894, 1, 4, 0, 210, 405, 19.49, 38, 0x0000000000000001
2026/09/12 02:12:21.894, 2, 1, 0, 210, 405, 21.37, 36, 0x0000000000000001
2026/09/12 02:12:21.894, 3, 14880, 93, 1635, 9501, 268.12, 75, 0x0000000000000004
2026/09/12 02:12:21.894, 4, 1, 0, 210, 405, 24.37, 36, 0x0000000000000004
2026/09/12 02:12:21.895, 5, 1, 0, 210, 405, 22.11, 36, 0x0000000000000001
2026/09/12 02:12:22.395, 0, 1, 0, 210, 405, 22.27, 35, 0x0000000000000001
2026/09/12 02:12:22.395, 1, 4, 0, 210, 405, 19.43, 38, 0x0000000000000001
2026/09/12 02:12:22.395, 2, 1, 0, 210, 405, 21.37, 36, 0x0000000000000001
2026/09/12 02:12:22.396, 3, 14882, 94, 1545, 9501, 270.97, 75, 0x0000000000000004
2026/09/12 02:12:22.396, 4, 1, 0, 210, 405, 24.30, 36, 0x0000000000000004
2026/09/12 02:12:22.396, 5, 1, 0, 210, 405, 22.04, 36, 0x0000000000000001
2026/09/12 02:12:22.896, 0, 1, 0, 210, 405, 22.26, 35, 0x0000000000000001
2026/09/12 02:12:22.897, 1, 4, 0, 210, 405, 19.43, 38, 0x0000000000000001
2026/09/12 02:12:22.897, 2, 1, 0, 210, 405, 21.32, 36, 0x0000000000000001
2026/09/12 02:12:22.897, 3, 14884, 95, 1620, 9501, 279.86, 75, 0x0000000000000004
2026/09/12 02:12:22.897, 4, 1, 0, 210, 405, 24.30, 36, 0x0000000000000004
2026/09/12 02:12:22.897, 5, 1, 0, 210, 405, 22.04, 36, 0x0000000000000001
2026/09/12 02:12:23.398, 0, 1, 0, 210, 405, 22.26, 35, 0x0000000000000001
2026/09/12 02:12:23.398, 1, 4, 0, 210, 405, 19.46, 38, 0x0000000000000001
2026/09/12 02:12:23.398, 2, 1, 0, 210, 405, 21.32, 36, 0x0000000000000001
2026/09/12 02:12:23.398, 3, 14886, 92, 1590, 9501, 276.84, 75, 0x0000000000000020
2026/09/12 02:12:23.398, 4, 1, 0, 210, 405, 24.30, 36, 0x0000000000000004
2026/09/12 02:12:23.399, 5, 1, 0, 210, 405, 22.12, 36, 0x0000000000000001
2026/09/12 02:12:23.899, 0, 1, 0, 210, 405, 22.38, 35, 0x0000000000000001
2026/09/12 02:12:23.899, 1, 4, 0, 210, 405, 19.46, 38, 0x0000000000000001
2026/09/12 02:12:23.899, 2, 1, 0, 210, 405, 21.19, 36, 0x0000000000000001
2026/09/12 02:12:23.900, 3, 15160, 92, 1620, 9501, 278.41, 74, 0x0000000000000020
2026/09/12 02:12:23.900, 4, 1, 0, 210, 405, 24.30, 36, 0x0000000000000004
2026/09/12 02:12:23.900, 5, 1, 0, 210, 405, 22.12, 36, 0x0000000000000001
2026/09/12 02:12:24.400, 0, 1, 0, 210, 405, 22.38, 35, 0x0000000000000001
2026/09/12 02:12:24.400, 1, 4, 0, 210, 405, 19.53, 38, 0x0000000000000001
2026/09/12 02:12:24.400, 2, 1, 0, 210, 405, 21.19, 36, 0x0000000000000001
2026/09/12 02:12:24.401, 3, 15162, 96, 1590, 9501, 263.48, 75, 0x0000000000000004
2026/09/12 02:12:24.401, 4, 1, 0, 210, 405, 24.14, 36, 0x0000000000000004
2026/09/12 02:12:24.401, 5, 1, 0, 210, 405, 22.17, 36, 0x0000000000000001
2026/09/12 02:12:24.901, 0, 1, 0, 210, 405, 25.17, 36, 0x0000000000000001
2026/09/12 02:12:24.901, 1, 4, 0, 210, 405, 19.53, 38, 0x0000000000000001
2026/09/12 02:12:24.901, 2, 1, 0, 210, 405, 23.61, 36, 0x0000000000000001
2026/09/12 02:12:24.902, 3, 15162, 96, 1530, 9501, 264.67, 75, 0x0000000000000020
2026/09/12 02:12:24.902, 4, 1, 0, 210, 405, 24.14, 36, 0x0000000000000004
2026/09/12 02:12:24.902, 5, 1, 0, 210, 405, 22.17, 36, 0x0000000000000001
2026/09/12 02:12:25.402, 0, 1, 0, 210, 405, 27.81, 36, 0x0000000000000001
2026/09/12 02:12:25.403, 1, 358, 5, 1695, 9501, 35.99, 42, 0x0000000000000000
2026/09/12 02:12:25.403, 2, 1, 0, 210, 405, 25.57, 36, 0x0000000000000001
2026/09/12 02:12:25.403, 3, 15162, 96, 1560, 9501, 272.94, 74, 0x0000000000000020
2026/09/12 02:12:25.403, 4, 1, 0, 210, 405, 29.01, 37, 0x0000000000000001
2026/09/12 02:12:25.403, 5, 1, 0, 210, 405, 24.12, 36, 0x0000000000000001
2026/09/12 02:12:25.904, 0, 1, 0, 210, 405, 28.47, 36, 0x0000000000000001
2026/09/12 02:12:25.904, 1, 1552, 1, 1695, 9501, 54.81, 43, 0x0000000000000000
2026/09/12 02:12:25.904, 2, 1, 0, 210, 405, 26.09, 36, 0x0000000000000001
2026/09/12 02:12:25.905, 3, 15162, 95, 1605, 9501, 276.60, 75, 0x0000000000000024
2026/09/12 02:12:25.905, 4, 1, 0, 210, 405, 29.27, 37, 0x0000000000000001
2026/09/12 02:12:25.905, 5, 1, 0, 210, 405, 25.71, 36, 0x0000000000000001
2026/09/12 02:12:26.405, 0, 1, 0, 210, 405, 28.47, 36, 0x0000000000000001
2026/09/12 02:12:26.406, 1, 1552, 0, 1695, 9501, 107.67, 43, 0x0000000000000000
2026/09/12 02:12:26.406, 2, 1, 0, 210, 405, 26.09, 36, 0x0000000000000001
2026/09/12 02:12:26.406, 3, 15162, 95, 1575, 9501, 279.15, 74, 0x0000000000000004
2026/09/12 02:12:26.406, 4, 1, 0, 210, 405, 29.27, 37, 0x0000000000000001
2026/09/12 02:12:26.406, 5, 1, 0, 210, 405, 26.10, 36, 0x0000000000000001
2026/09/12 02:12:26.907, 0, 1, 0, 210, 405, 23.74, 36, 0x0000000000000001
2026/09/12 02:12:26.907, 1, 5876, 1, 1695, 9501, 107.81, 44, 0x0000000000000000
2026/09/12 02:12:26.907, 2, 1, 0, 210, 405, 22.35, 36, 0x0000000000000001
2026/09/12 02:12:26.907, 3, 14878, 0, 1905, 9501, 265.23, 72, 0x0000000000000024
2026/09/12 02:12:26.907, 4, 1, 0, 210, 405, 25.68, 37, 0x0000000000000001
2026/09/12 02:12:26.908, 5, 1, 0, 210, 405, 26.10, 36, 0x0000000000000001
2026/09/12 02:12:27.408, 0, 1, 0, 210, 405, 23.74, 36, 0x0000000000000001
2026/09/12 02:12:27.408, 1, 5876, 52, 1695, 9501, 107.94, 44, 0x0000000000000000
2026/09/12 02:12:27.408, 2, 1, 0, 210, 405, 22.35, 36, 0x0000000000000001
2026/09/12 02:12:27.409, 3, 14880, 89, 1665, 9501, 265.57, 75, 0x0000000000000004
2026/09/12 02:12:27.409, 4, 1, 0, 210, 405, 25.68, 37, 0x0000000000000001
2026/09/12 02:12:27.409, 5, 1, 0, 210, 405, 23.17, 36, 0x0000000000000001
2026/09/12 02:12:27.909, 0, 1, 0, 210, 405, 22.59, 35, 0x0000000000000001
2026/09/12 02:12:27.910, 1, 6684, 48, 1935, 9501, 118.66, 46, 0x0000000000000000
2026/09/12 02:12:27.910, 2, 1, 0, 210, 405, 21.34, 36, 0x0000000000000001
2026/09/12 02:12:27.910, 3, 14880, 94, 1605, 9501, 268.63, 74, 0x0000000000000004
2026/09/12 02:12:27.910, 4, 1, 0, 210, 405, 24.51, 36, 0x0000000000000001
2026/09/12 02:12:27.910, 5, 1, 0, 210, 405, 22.53, 36, 0x0000000000000001
2026/09/12 02:12:28.411, 0, 1, 0, 210, 405, 22.59, 35, 0x0000000000000001
2026/09/12 02:12:28.411, 1, 7644, 49, 1935, 9501, 132.65, 46, 0x0000000000000000
2026/09/12 02:12:28.411, 2, 1, 0, 210, 405, 21.34, 36, 0x0000000000000001
2026/09/12 02:12:28.411, 3, 14882, 90, 1650, 9501, 280.06, 75, 0x0000000000000004
2026/09/12 02:12:28.411, 4, 1, 0, 210, 405, 24.51, 36, 0x0000000000000001
2026/09/12 02:12:28.412, 5, 1, 0, 210, 405, 22.53, 36, 0x0000000000000001
2026/09/12 02:12:28.939, 0, 1, 0, 210, 405, 22.36, 35, 0x0000000000000001
2026/09/12 02:12:28.939, 1, 9514, 51, 1935, 9501, 138.05, 46, 0x0000000000000000
2026/09/12 02:12:28.939, 2, 1, 0, 210, 405, 21.02, 36, 0x0000000000000001
2026/09/12 02:12:28.939, 3, 14884, 94, 1605, 9501, 277.26, 74, 0x0000000000000004
2026/09/12 02:12:28.939, 4, 1, 0, 210, 405, 24.30, 36, 0x0000000000000001
2026/09/12 02:12:28.940, 5, 1, 0, 210, 405, 22.45, 36, 0x0000000000000001
2026/09/12 02:12:29.440, 0, 1, 0, 210, 405, 22.36, 35, 0x0000000000000001
2026/09/12 02:12:29.440, 1, 9516, 44, 1935, 9501, 174.10, 50, 0x0000000000000000
2026/09/12 02:12:29.440, 2, 1, 0, 210, 405, 21.02, 36, 0x0000000000000001
2026/09/12 02:12:29.441, 3, 14886, 90, 1650, 9501, 279.73, 75, 0x0000000000000004
2026/09/12 02:12:29.441, 4, 1, 0, 210, 405, 24.30, 36, 0x0000000000000001
2026/09/12 02:12:29.441, 5, 1, 0, 210, 405, 22.45, 36, 0x0000000000000001
2026/09/12 02:12:29.941, 0, 1, 0, 210, 405, 22.38, 35, 0x0000000000000001
2026/09/12 02:12:29.942, 1, 9516, 0, 1950, 9501, 207.03, 48, 0x0000000000000000
2026/09/12 02:12:29.942, 2, 1, 0, 210, 405, 21.02, 35, 0x0000000000000001
2026/09/12 02:12:29.942, 3, 15162, 100, 1575, 9501, 268.00, 77, 0x0000000000000004
2026/09/12 02:12:29.942, 4, 1, 0, 210, 405, 24.46, 36, 0x0000000000000001
2026/09/12 02:12:29.942, 5, 1, 0, 210, 405, 22.38, 36, 0x0000000000000001
2026/09/12 02:12:30.443, 0, 1, 0, 210, 405, 22.38, 35, 0x0000000000000001
2026/09/12 02:12:30.443, 1, 5892, 9, 1950, 9501, 178.93, 47, 0x0000000000000000
2026/09/12 02:12:30.443, 2, 1, 0, 210, 405, 21.02, 35, 0x0000000000000001
2026/09/12 02:12:30.443, 3, 15162, 96, 1515, 9501, 262.16, 74, 0x0000000000000020
2026/09/12 02:12:30.444, 4, 1, 0, 210, 405, 24.46, 36, 0x0000000000000001
2026/09/12 02:12:30.444, 5, 1, 0, 210, 405, 22.38, 36, 0x0000000000000001
2026/09/12 02:12:30.944, 0, 1, 0, 210, 405, 22.42, 35, 0x0000000000000001
2026/09/12 02:12:30.944, 1, 6022, 0, 1950, 9501, 136.11, 47, 0x0000000000000000
2026/09/12 02:12:30.945, 2, 1, 0, 210, 405, 21.14, 35, 0x0000000000000001
2026/09/12 02:12:30.945, 3, 15162, 96, 1560, 9501, 269.61, 74, 0x0000000000000020
2026/09/12 02:12:30.945, 4, 1, 0, 210, 405, 24.37, 36, 0x0000000000000001
2026/09/12 02:12:30.945, 5, 1, 0, 210, 405, 22.38, 36, 0x0000000000000001
2026/09/12 02:12:31.445, 0, 1, 0, 210, 405, 22.42, 35, 0x0000000000000001
2026/09/12 02:12:31.446, 1, 6022, 0, 1950, 9501, 135.00, 47, 0x0000000000000000
2026/09/12 02:12:31.446, 2, 1, 0, 210, 405, 21.14, 35, 0x0000000000000001
2026/09/12 02:12:31.446, 3, 15162, 96, 1590, 9501, 275.25, 74, 0x0000000000000024
2026/09/12 02:12:31.446, 4, 1, 0, 210, 405, 24.37, 36, 0x0000000000000001
2026/09/12 02:12:31.446, 5, 1, 0, 210, 405, 22.38, 36, 0x0000000000000001
2026/09/12 02:12:31.947, 0, 1, 0, 210, 405, 22.21, 35, 0x0000000000000001
2026/09/12 02:12:31.947, 1, 6022, 0, 1695, 9501, 125.23, 46, 0x0000000000000000
2026/09/12 02:12:31.947, 2, 1, 0, 210, 405, 21.08, 35, 0x0000000000000001
2026/09/12 02:12:31.947, 3, 15162, 96, 1575, 9501, 279.26, 74, 0x0000000000000004
2026/09/12 02:12:31.948, 4, 1, 0, 210, 405, 24.27, 36, 0x0000000000000001
2026/09/12 02:12:31.948, 5, 1, 0, 210, 405, 22.39, 36, 0x0000000000000001
2026/09/12 02:12:32.448, 0, 1, 0, 210, 405, 22.21, 35, 0x0000000000000001
2026/09/12 02:12:32.448, 1, 6022, 0, 1695, 9501, 122.78, 46, 0x0000000000000000
2026/09/12 02:12:32.449, 2, 1, 0, 210, 405, 21.08, 35, 0x0000000000000001
2026/09/12 02:12:32.449, 3, 15162, 96, 1575, 9501, 279.76, 74, 0x0000000000000024
2026/09/12 02:12:32.449, 4, 1, 0, 210, 405, 24.27, 36, 0x0000000000000001
2026/09/12 02:12:32.449, 5, 1, 0, 210, 405, 22.39, 36, 0x0000000000000001
2026/09/12 02:12:32.949, 0, 1, 0, 210, 405, 22.20, 35, 0x0000000000000001
2026/09/12 02:12:32.950, 1, 6022, 0, 1695, 9501, 107.55, 46, 0x0000000000000000
2026/09/12 02:12:32.950, 2, 1, 0, 210, 405, 21.18, 35, 0x0000000000000001
2026/09/12 02:12:32.950, 3, 14878, 85, 1695, 9501, 263.01, 74, 0x0000000000000004
2026/09/12 02:12:32.950, 4, 1, 0, 210, 405, 24.38, 36, 0x0000000000000001
2026/09/12 02:12:32.951, 5, 1, 0, 210, 405, 22.38, 36, 0x0000000000000001
2026/09/12 02:12:33.451, 0, 1, 0, 210, 405, 22.20, 35, 0x0000000000000001
2026/09/12 02:12:33.451, 1, 6322, 62, 1680, 9501, 114.90, 50, 0x0000000000000004
2026/09/12 02:12:33.451, 2, 1, 0, 210, 405, 21.18, 35, 0x0000000000000001
2026/09/12 02:12:33.452, 3, 14880, 90, 1650, 9501, 265.55, 75, 0x0000000000000004
2026/09/12 02:12:33.452, 4, 1, 0, 210, 405, 24.38, 36, 0x0000000000000001
2026/09/12 02:12:33.452, 5, 1, 0, 210, 405, 22.38, 36, 0x0000000000000001
2026/09/12 02:12:33.952, 0, 1, 0, 210, 405, 22.31, 35, 0x0000000000000001
2026/09/12 02:12:33.953, 1, 6338, 2, 1935, 9501, 180.93, 50, 0x0000000000000004
2026/09/12 02:12:33.953, 2, 1, 0, 210, 405, 21.33, 35, 0x0000000000000001
2026/09/12 02:12:33.953, 3, 14882, 88, 1665, 9501, 279.65, 74, 0x0000000000000004
2026/09/12 02:12:33.953, 4, 1, 0, 210, 405, 24.39, 36, 0x0000000000000001
2026/09/12 02:12:33.953, 5, 1, 0, 210, 405, 22.34, 36, 0x0000000000000001
2026/09/12 02:12:34.454, 0, 1, 0, 210, 405, 22.31, 35, 0x0000000000000001
2026/09/12 02:12:34.454, 1, 6338, 0, 1935, 9501, 193.06, 48, 0x0000000000000000
2026/09/12 02:12:34.454, 2, 1, 0, 210, 405, 21.33, 35, 0x0000000000000001
2026/09/12 02:12:34.454, 3, 14884, 91, 1650, 9501, 279.94, 75, 0x0000000000000004
2026/09/12 02:12:34.455, 4, 1, 0, 210, 405, 24.39, 36, 0x0000000000000001
2026/09/12 02:12:34.455, 5, 1, 0, 210, 405, 22.34, 36, 0x0000000000000001
2026/09/12 02:12:34.955, 0, 1, 0, 210, 405, 22.20, 35, 0x0000000000000001
2026/09/12 02:12:34.955, 1, 21798, 0, 1935, 9501, 136.15, 48, 0x0000000000000000
2026/09/12 02:12:34.956, 2, 1, 0, 210, 405, 21.23, 35, 0x0000000000000001
2026/09/12 02:12:34.956, 3, 14884, 92, 1650, 9501, 279.75, 74, 0x0000000000000004
2026/09/12 02:12:34.956, 4, 1, 0, 210, 405, 24.28, 36, 0x0000000000000001
2026/09/12 02:12:34.956, 5, 1, 0, 210, 405, 22.22, 36, 0x0000000000000001
2026/09/12 02:12:35.456, 0, 1, 0, 210, 405, 22.20, 35, 0x0000000000000001
2026/09/12 02:12:35.457, 1, 21868, 0, 1935, 9501, 135.53, 48, 0x0000000000000000
2026/09/12 02:12:35.457, 2, 1, 0, 210, 405, 21.23, 35, 0x0000000000000001
2026/09/12 02:12:35.457, 3, 15174, 0, 1905, 9501, 267.06, 72, 0x0000000000000024
2026/09/12 02:12:35.457, 4, 1, 0, 210, 405, 24.28, 36, 0x0000000000000001
2026/09/12 02:12:35.457, 5, 1, 0, 210, 405, 22.22, 36, 0x0000000000000001
2026/09/12 02:12:35.957, 0, 1, 0, 210, 405, 22.16, 35, 0x0000000000000001
2026/09/12 02:12:35.957, 1, 21900, 64, 1935, 9501, 177.18, 53, 0x0000000000000004
2026/09/12 02:12:35.958, 2, 1, 0, 210, 405, 21.28, 35, 0x0000000000000001
2026/09/12 02:12:35.958, 3, 15176, 96, 1560, 9501, 269.72, 76, 0x0000000000000004
2026/09/12 02:12:35.958, 4, 1, 0, 210, 405, 24.33, 36, 0x0000000000000001
2026/09/12 02:12:35.958, 5, 1, 0, 210, 405, 22.26, 36, 0x0000000000000001
2026/09/12 02:12:36.459, 0, 1, 0, 210, 405, 22.16, 35, 0x0000000000000001
2026/09/12 02:12:36.459, 1, 21958, 92, 1845, 9501, 238.52, 54, 0x0000000000000004
2026/09/12 02:12:36.459, 2, 1, 0, 210, 405, 21.28, 35, 0x0000000000000001
2026/09/12 02:12:36.459, 3, 15176, 97, 1560, 9501, 268.23, 74, 0x0000000000000020
2026/09/12 02:12:36.459, 4, 1, 0, 210, 405, 24.33, 36, 0x0000000000000001
2026/09/12 02:12:36.460, 5, 1, 0, 210, 405, 22.26, 36, 0x0000000000000001
2026/09/12 02:12:36.960, 0, 1, 0, 210, 405, 22.23, 35, 0x0000000000000001
2026/09/12 02:12:36.960, 1, 21974, 100, 1680, 9501, 258.42, 55, 0x0000000000000004
2026/09/12 02:12:36.960, 2, 1, 0, 210, 405, 21.37, 35, 0x0000000000000001
2026/09/12 02:12:36.961, 3, 15176, 97, 1575, 9501, 276.42, 74, 0x0000000000000020
2026/09/12 02:12:36.961, 4, 1, 0, 210, 405, 24.30, 36, 0x0000000000000001
2026/09/12 02:12:36.961, 5, 1, 0, 210, 405, 22.27, 36, 0x0000000000000001
2026/09/12 02:12:37.461, 0, 1, 0, 210, 405, 22.23, 35, 0x0000000000000001
2026/09/12 02:12:37.462, 1, 21988, 97, 1710, 9501, 257.89, 55, 0x0000000000000004
2026/09/12 02:12:37.462, 2, 1, 0, 210, 405, 21.37, 35, 0x0000000000000001
2026/09/12 02:12:37.462, 3, 15176, 97, 1575, 9501, 277.41, 74, 0x0000000000000020
2026/09/12 02:12:37.462, 4, 1, 0, 210, 405, 24.30, 36, 0x0000000000000001
2026/09/12 02:12:37.462, 5, 1, 0, 210, 405, 22.27, 36, 0x0000000000000001
2026/09/12 02:12:37.963, 0, 1, 0, 210, 405, 22.10, 35, 0x0000000000000001
2026/09/12 02:12:37.963, 1, 21968, 78, 1875, 9501, 255.58, 54, 0x0000000000000004
2026/09/12 02:12:37.963, 2, 1, 0, 210, 405, 21.18, 35, 0x0000000000000001
2026/09/12 02:12:37.963, 3, 15176, 96, 1575, 9501, 279.51, 74, 0x0000000000000004
2026/09/12 02:12:37.964, 4, 1, 0, 210, 405, 24.36, 36, 0x0000000000000001
2026/09/12 02:12:37.964, 5, 1, 0, 210, 405, 22.07, 36, 0x0000000000000001
2026/09/12 02:12:38.464, 0, 1, 0, 210, 405, 22.10, 35, 0x0000000000000001
2026/09/12 02:12:38.464, 1, 22028, 67, 1800, 9501, 253.87, 55, 0x0000000000000004
2026/09/12 02:12:38.465, 2, 1, 0, 210, 405, 21.18, 35, 0x0000000000000001
2026/09/12 02:12:38.465, 3, 15068, 71, 1860, 9501, 276.68, 73, 0x0000000000000004
2026/09/12 02:12:38.465, 4, 1, 0, 210, 405, 24.36, 36, 0x0000000000000001
2026/09/12 02:12:38.465, 5, 1, 0, 210, 405, 22.07, 36, 0x0000000000000001
2026/09/12 02:12:38.965, 0, 1, 0, 210, 405, 22.16, 35, 0x0000000000000001
2026/09/12 02:12:38.966, 1, 22036, 56, 1785, 9501, 247.85, 54, 0x0000000000000004
2026/09/12 02:12:38.966, 2, 1, 0, 210, 405, 21.26, 35, 0x0000000000000001
2026/09/12 02:12:38.966, 3, 15176, 99, 1575, 9501, 258.55, 75, 0x0000000000000020
2026/09/12 02:12:38.966, 4, 1, 0, 210, 405, 24.43, 36, 0x0000000000000001
2026/09/12 02:12:38.966, 5, 1, 0, 210, 405, 22.13, 35, 0x0000000000000001
2026/09/12 02:12:39.467, 0, 1, 0, 210, 405, 22.16, 35, 0x0000000000000001
2026/09/12 02:12:39.467, 1, 22078, 61, 1605, 9501, 243.07, 55, 0x0000000000000004
2026/09/12 02:12:39.467, 2, 1, 0, 210, 405, 21.26, 35, 0x0000000000000001
2026/09/12 02:12:39.467, 3, 15176, 94, 1605, 9501, 260.38, 75, 0x0000000000000004
2026/09/12 02:12:39.468, 4, 1, 0, 210, 405, 24.43, 36, 0x0000000000000001
2026/09/12 02:12:39.468, 5, 1, 0, 210, 405, 22.13, 35, 0x0000000000000001
2026/09/12 02:12:39.968, 0, 1, 0, 210, 405, 22.26, 35, 0x0000000000000001
2026/09/12 02:12:39.968, 1, 22100, 37, 1800, 9501, 233.83, 55, 0x0000000000000004
2026/09/12 02:12:39.969, 2, 1, 0, 210, 405, 21.48, 35, 0x0000000000000001
2026/09/12 02:12:39.969, 3, 15176, 96, 1560, 9501, 277.88, 74, 0x0000000000000004
2026/09/12 02:12:39.969, 4, 1, 0, 210, 405, 24.45, 36, 0x0000000000000001
2026/09/12 02:12:39.969, 5, 1, 0, 210, 405, 22.26, 35, 0x0000000000000001
2026/09/12 02:12:40.469, 0, 1, 0, 210, 405, 22.26, 35, 0x0000000000000001
2026/09/12 02:12:40.470, 1, 22140, 22, 1935, 9501, 223.18, 55, 0x0000000000000004
2026/09/12 02:12:40.470, 2, 1, 0, 210, 405, 21.48, 35, 0x0000000000000001
2026/09/12 02:12:40.470, 3, 15176, 96, 1605, 9501, 279.79, 75, 0x0000000000000004
2026/09/12 02:12:40.470, 4, 1, 0, 210, 405, 24.45, 36, 0x0000000000000001
2026/09/12 02:12:40.471, 5, 1, 0, 210, 405, 22.26, 35, 0x0000000000000001
2026/09/12 02:12:40.971, 0, 1, 0, 210, 405, 22.12, 35, 0x0000000000000001
2026/09/12 02:12:40.971, 1, 22238, 11, 1935, 9501, 195.39, 52, 0x0000000000000000
2026/09/12 02:12:40.971, 2, 1, 0, 210, 405, 21.37, 35, 0x0000000000000001
2026/09/12 02:12:40.971, 3, 14878, 0, 1905, 9501, 266.30, 72, 0x0000000000000004
2026/09/12 02:12:40.972, 4, 1, 0, 210, 405, 24.66, 36, 0x0000000000000001
2026/09/12 02:12:40.972, 5, 1, 0, 210, 405, 22.11, 35, 0x0000000000000001
2026/09/12 02:12:41.472, 0, 1, 0, 210, 405, 22.12, 35, 0x0000000000000001
2026/09/12 02:12:41.472, 1, 22294, 74, 1725, 9501, 210.61, 56, 0x0000000000000004
2026/09/12 02:12:41.473, 2, 1, 0, 210, 405, 21.37, 35, 0x0000000000000001
2026/09/12 02:12:41.473, 3, 14880, 90, 1650, 9501, 267.89, 75, 0x0000000000000004
2026/09/12 02:12:41.473, 4, 1, 0, 210, 405, 24.66, 36, 0x0000000000000001
2026/09/12 02:12:41.473, 5, 1, 0, 210, 405, 22.11, 35, 0x0000000000000001
2026/09/12 02:12:41.974, 0, 1, 0, 210, 405, 22.15, 35, 0x0000000000000001
2026/09/12 02:12:41.974, 1, 22312, 52, 1860, 9501, 240.75, 57, 0x0000000000000004
2026/09/12 02:12:41.974, 2, 1, 0, 210, 405, 21.42, 35, 0x0000000000000001
2026/09/12 02:12:41.974, 3, 14882, 95, 1620, 9501, 268.52, 74, 0x0000000000000004
2026/09/12 02:12:41.974, 4, 1, 0, 210, 405, 24.71, 36, 0x0000000000000001
2026/09/12 02:12:41.975, 5, 1, 0, 210, 405, 22.03, 35, 0x0000000000000001
2026/09/12 02:12:42.475, 0, 1, 0, 210, 405, 22.15, 35, 0x0000000000000001
2026/09/12 02:12:42.475, 1, 22332, 55, 1830, 9501, 249.20, 56, 0x0000000000000004
2026/09/12 02:12:42.475, 2, 1, 0, 210, 405, 21.42, 35, 0x0000000000000001
2026/09/12 02:12:42.475, 3, 14882, 91, 1650, 9501, 280.05, 75, 0x0000000000000004
2026/09/12 02:12:42.476, 4, 1, 0, 210, 405, 24.71, 36, 0x0000000000000001
2026/09/12 02:12:42.476, 5, 1, 0, 210, 405, 22.03, 35, 0x0000000000000001
2026/09/12 02:12:42.976, 0, 1, 0, 210, 405, 22.27, 35, 0x0000000000000001
2026/09/12 02:12:42.976, 1, 22384, 13, 1935, 9501, 228.50, 54, 0x0000000000000004
2026/09/12 02:12:42.977, 2, 1, 0, 210, 405, 21.52, 35, 0x0000000000000001
2026/09/12 02:12:42.977, 3, 14884, 94, 1605, 9501, 277.56, 74, 0x0000000000000004
2026/09/12 02:12:42.977, 4, 1, 0, 210, 405, 24.54, 36, 0x0000000000000001
2026/09/12 02:12:42.977, 5, 1, 0, 210, 405, 21.98, 35, 0x0000000000000001
2026/09/12 02:12:43.478, 0, 1, 0, 210, 405, 22.27, 35, 0x0000000000000001
2026/09/12 02:12:43.478, 1, 22620, 70, 1590, 9501, 222.01, 57, 0x0000000000000004
2026/09/12 02:12:43.478, 2, 1, 0, 210, 405, 21.52, 35, 0x0000000000000001
2026/09/12 02:12:43.478, 3, 14886, 91, 1650, 9501, 279.88, 75, 0x0000000000000004
2026/09/12 02:12:43.478, 4, 1, 0, 210, 405, 24.54, 36, 0x0000000000000001
2026/09/12 02:12:43.479, 5, 1, 0, 210, 405, 21.98, 35, 0x0000000000000001
2026/09/12 02:12:43.979, 0, 1, 0, 210, 405, 22.10, 35, 0x0000000000000001
2026/09/12 02:12:43.979, 1, 22620, 0, 1935, 9501, 185.36, 52, 0x0000000000000000
2026/09/12 02:12:43.979, 2, 1, 0, 210, 405, 21.30, 35, 0x0000000000000001
2026/09/12 02:12:43.979, 3, 15176, 100, 1530, 9501, 267.98, 77, 0x0000000000000004
2026/09/12 02:12:43.979, 4, 1, 0, 210, 405, 24.50, 36, 0x0000000000000001
2026/09/12 02:12:43.979, 5, 1, 0, 210, 405, 21.84, 35, 0x0000000000000001
2026/09/12 02:12:44.480, 0, 1, 0, 210, 405, 22.10, 35, 0x0000000000000001
2026/09/12 02:12:44.480, 1, 22620, 0, 1935, 9501, 154.98, 52, 0x0000000000000000
2026/09/12 02:12:44.480, 2, 1, 0, 210, 405, 21.30, 35, 0x0000000000000001
2026/09/12 02:12:44.480, 3, 15176, 97, 1515, 9501, 267.71, 74, 0x0000000000000020
2026/09/12 02:12:44.481, 4, 1, 0, 210, 405, 24.50, 36, 0x0000000000000001
2026/09/12 02:12:44.481, 5, 1, 0, 210, 405, 21.84, 35, 0x0000000000000001
2026/09/12 02:12:44.981, 0, 1, 0, 210, 405, 22.05, 35, 0x0000000000000001
2026/09/12 02:12:44.981, 1, 22620, 0, 1935, 9501, 139.42, 51, 0x0000000000000000
2026/09/12 02:12:44.982, 2, 1, 0, 210, 405, 21.23, 35, 0x0000000000000001
2026/09/12 02:12:44.982, 3, 15176, 96, 1575, 9501, 276.05, 74, 0x0000000000000020
2026/09/12 02:12:44.982, 4, 1, 0, 210, 405, 24.41, 36, 0x0000000000000001
2026/09/12 02:12:44.982, 5, 1, 0, 210, 405, 22.18, 35, 0x0000000000000001
2026/09/12 02:12:45.483, 0, 1, 0, 210, 405, 22.05, 35, 0x0000000000000001
2026/09/12 02:12:45.483, 1, 22620, 0, 1935, 9501, 139.42, 51, 0x0000000000000000
2026/09/12 02:12:45.483, 2, 1, 0, 210, 405, 21.23, 35, 0x0000000000000001
2026/09/12 02:12:45.483, 3, 15176, 97, 1530, 9501, 277.20, 74, 0x0000000000000004
2026/09/12 02:12:45.483, 4, 1, 0, 210, 405, 24.41, 36, 0x0000000000000001
2026/09/12 02:12:45.484, 5, 1, 0, 210, 405, 22.18, 35, 0x0000000000000001
2026/09/12 02:12:45.984, 0, 1, 0, 210, 405, 22.18, 35, 0x0000000000000001
2026/09/12 02:12:45.984, 1, 22620, 0, 1695, 9501, 129.72, 50, 0x0000000000000000
2026/09/12 02:12:45.984, 2, 1, 0, 210, 405, 21.31, 35, 0x0000000000000001
2026/09/12 02:12:45.985, 3, 14878, 15, 1665, 9501, 262.50, 73, 0x0000000000000024
2026/09/12 02:12:45.985, 4, 1, 0, 210, 405, 24.40, 36, 0x0000000000000001
2026/09/12 02:12:45.985, 5, 1, 0, 210, 405, 22.53, 35, 0x0000000000000001
2026/09/12 02:12:46.485, 0, 1, 0, 210, 405, 22.18, 35, 0x0000000000000001
2026/09/12 02:12:46.486, 1, 22620, 0, 1695, 9501, 129.72, 50, 0x0000000000000000
2026/09/12 02:12:46.486, 2, 1, 0, 210, 405, 21.31, 35, 0x0000000000000001
2026/09/12 02:12:46.486, 3, 14880, 89, 1665, 9501, 265.45, 74, 0x0000000000000004
2026/09/12 02:12:46.486, 4, 1, 0, 210, 405, 24.40, 36, 0x0000000000000001
2026/09/12 02:12:46.486, 5, 1, 0, 210, 405, 22.53, 35, 0x0000000000000001
2026/09/12 02:12:46.987, 0, 1, 0, 210, 405, 22.05, 35, 0x0000000000000001
2026/09/12 02:12:46.987, 1, 22620, 0, 1695, 9501, 119.41, 50, 0x0000000000000000
2026/09/12 02:12:46.987, 2, 1, 0, 210, 405, 21.33, 35, 0x0000000000000001
2026/09/12 02:12:46.987, 3, 14882, 95, 1620, 9501, 273.38, 73, 0x0000000000000004
2026/09/12 02:12:46.987, 4, 1, 0, 210, 405, 24.37, 36, 0x0000000000000001
2026/09/12 02:12:46.988, 5, 1, 0, 210, 405, 22.36, 35, 0x0000000000000001
2026/09/12 02:12:47.488, 0, 1, 0, 210, 405, 22.05, 35, 0x0000000000000001
2026/09/12 02:12:47.488, 1, 22620, 0, 1695, 9501, 119.41, 50, 0x0000000000000000
2026/09/12 02:12:47.489, 2, 1, 0, 210, 405, 21.33, 35, 0x0000000000000001
2026/09/12 02:12:47.489, 3, 14882, 92, 1665, 9501, 279.92, 75, 0x0000000000000004
2026/09/12 02:12:47.489, 4, 1, 0, 210, 405, 24.37, 36, 0x0000000000000001
2026/09/12 02:12:47.489, 5, 1, 0, 210, 405, 22.36, 35, 0x0000000000000001
2026/09/12 02:12:47.989, 0, 1, 0, 210, 405, 22.05, 35, 0x0000000000000001
2026/09/12 02:12:47.990, 1, 22620, 0, 1695, 9501, 109.66, 50, 0x0000000000000000
2026/09/12 02:12:47.990, 2, 1, 0, 210, 405, 21.31, 35, 0x0000000000000001
2026/09/12 02:12:47.990, 3, 14884, 92, 1620, 9501, 278.69, 74, 0x0000000000000004
2026/09/12 02:12:47.990, 4, 1, 0, 210, 405, 24.29, 36, 0x0000000000000001
2026/09/12 02:12:47.990, 5, 1, 0, 210, 405, 22.34, 35, 0x0000000000000001
2026/09/12 02:12:48.491, 0, 1, 0, 210, 405, 22.05, 35, 0x0000000000000001
2026/09/12 02:12:48.491, 1, 22620, 0, 1695, 9501, 109.66, 50, 0x0000000000000000
2026/09/12 02:12:48.491, 2, 1, 0, 210, 405, 21.31, 35, 0x0000000000000001
2026/09/12 02:12:48.491, 3, 15126, 70, 1875, 9501, 277.54, 74, 0x0000000000000004
2026/09/12 02:12:48.492, 4, 1, 0, 210, 405, 24.29, 36, 0x0000000000000001
2026/09/12 02:12:48.492, 5, 1, 0, 210, 405, 22.34, 35, 0x0000000000000001
2026/09/12 02:12:48.992, 0, 1, 0, 210, 405, 22.15, 35, 0x0000000000000001
2026/09/12 02:12:48.992, 1, 22620, 0, 1695, 9501, 109.43, 50, 0x0000000000000000
2026/09/12 02:12:48.993, 2, 1, 0, 210, 405, 21.45, 35, 0x0000000000000001
2026/09/12 02:12:48.993, 3, 15176, 96, 1605, 9501, 268.02, 76, 0x0000000000000020
2026/09/12 02:12:48.993, 4, 1, 0, 210, 405, 24.31, 36, 0x0000000000000001
2026/09/12 02:12:48.993, 5, 1, 0, 210, 405, 22.41, 35, 0x0000000000000001
2026/09/12 02:12:49.493, 0, 1, 0, 210, 405, 22.15, 35, 0x0000000000000001
2026/09/12 02:12:49.494, 1, 22620, 0, 1695, 9501, 109.43, 50, 0x0000000000000000
2026/09/12 02:12:49.494, 2, 1, 0, 210, 405, 21.45, 35, 0x0000000000000001
2026/09/12 02:12:49.494, 3, 15176, 96, 1530, 9501, 267.73, 74, 0x0000000000000004
2026/09/12 02:12:49.494, 4, 1, 0, 210, 405, 24.31, 36, 0x0000000000000001
2026/09/12 02:12:49.494, 5, 1, 0, 210, 405, 22.41, 35, 0x0000000000000001
2026/09/12 02:12:49.995, 0, 1, 0, 210, 405, 22.00, 35, 0x0000000000000001
2026/09/12 02:12:49.995, 1, 22620, 0, 1695, 9501, 109.41, 50, 0x0000000000000000
2026/09/12 02:12:49.995, 2, 1, 0, 210, 405, 21.52, 35, 0x0000000000000001
2026/09/12 02:12:49.995, 3, 15176, 96, 1575, 9501, 277.68, 74, 0x0000000000000020
2026/09/12 02:12:49.996, 4, 1, 0, 210, 405, 24.33, 36, 0x0000000000000001
2026/09/12 02:12:49.996, 5, 1, 0, 210, 405, 22.29, 35, 0x0000000000000001
2026/09/12 02:12:50.496, 0, 1, 0, 210, 405, 22.00, 35, 0x0000000000000001
2026/09/12 02:12:50.496, 1, 22620, 0, 1695, 9501, 109.41, 50, 0x0000000000000000
2026/09/12 02:12:50.497, 2, 1, 0, 210, 405, 21.52, 35, 0x0000000000000001
2026/09/12 02:12:50.497, 3, 15176, 96, 1560, 9501, 278.61, 74, 0x0000000000000004
2026/09/12 02:12:50.497, 4, 1, 0, 210, 405, 24.33, 36, 0x0000000000000001
2026/09/12 02:12:50.497, 5, 1, 0, 210, 405, 22.29, 35, 0x0000000000000001
2026/09/12 02:12:50.998, 0, 1, 0, 210, 405, 21.96, 35, 0x0000000000000001
2026/09/12 02:12:50.998, 1, 22620, 0, 1695, 9501, 109.32, 49, 0x0000000000000000
2026/09/12 02:12:50.998, 2, 1, 0, 210, 405, 21.21, 35, 0x0000000000000001
2026/09/12 02:12:50.998, 3, 15176, 96, 1575, 9501, 279.76, 74, 0x0000000000000024
2026/09/12 02:12:50.998, 4, 1, 0, 210, 405, 24.39, 36, 0x0000000000000001
2026/09/12 02:12:50.998, 5, 1, 0, 210, 405, 22.36, 35, 0x0000000000000001
2026/09/12 02:12:51.499, 0, 1, 0, 210, 405, 23.22, 35, 0x0000000000000001
2026/09/12 02:12:51.510, 1, 22620, 0, 1695, 9501, 113.83, 50, 0x0000000000000000
2026/09/12 02:12:51.510, 2, 1, 0, 210, 405, 22.28, 35, 0x0000000000000001
2026/09/12 02:12:51.510, 3, 15176, 96, 1560, 9501, 279.08, 74, 0x0000000000000004
2026/09/12 02:12:51.511, 4, 1, 0, 210, 405, 25.87, 36, 0x0000000000000001
2026/09/12 02:12:51.511, 5, 1, 0, 210, 405, 23.63, 36, 0x0000000000000001
2026/09/12 02:12:52.011, 0, 1, 0, 210, 405, 28.22, 35, 0x0000000000000001
2026/09/12 02:12:52.023, 1, 22620, 0, 1695, 9501, 115.89, 50, 0x0000000000000000
2026/09/12 02:12:52.023, 2, 1, 0, 210, 405, 26.27, 36, 0x0000000000000001
2026/09/12 02:12:52.023, 3, 14876, 0, 1905, 9501, 237.14, 71, 0x0000000000000000
2026/09/12 02:12:52.023, 4, 1, 0, 210, 405, 29.81, 36, 0x0000000000000001
2026/09/12 02:12:52.024, 5, 1, 0, 210, 405, 26.57, 36, 0x0000000000000001
2026/09/12 02:12:52.525, 0, 1, 0, 210, 405, 33.80, 36, 0x0000000000000001
2026/09/12 02:12:52.526, 1, 22620, 0, 1695, 9501, 115.89, 50, 0x0000000000000000
2026/09/12 02:12:52.526, 2, 1, 0, 210, 405, 30.13, 36, 0x0000000000000001
2026/09/12 02:12:52.526, 3, 344, 100, 1905, 9501, 190.82, 70, 0x0000000000000000
2026/09/12 02:12:52.526, 4, 1, 0, 210, 405, 33.84, 37, 0x0000000000000001
2026/09/12 02:12:52.526, 5, 1, 0, 210, 405, 29.61, 36, 0x0000000000000001
2026/09/12 02:12:53.027, 0, 1, 0, 210, 405, 33.69, 36, 0x0000000000000001
2026/09/12 02:12:53.027, 1, 22620, 85, 1620, 9501, 146.96, 55, 0x0000000000000004
2026/09/12 02:12:53.027, 2, 1, 0, 210, 405, 29.99, 36, 0x0000000000000001
2026/09/12 02:12:53.027, 3, 14160, 46, 1905, 9501, 178.40, 69, 0x0000000000000000
2026/09/12 02:12:53.028, 4, 1, 0, 210, 405, 33.69, 37, 0x0000000000000001
2026/09/12 02:12:53.028, 5, 1, 0, 210, 405, 29.52, 36, 0x0000000000000001
2026/09/12 02:12:53.528, 0, 1, 0, 210, 405, 33.69, 36, 0x0000000000000001
2026/09/12 02:12:53.529, 1, 22620, 79, 1800, 9501, 188.96, 56, 0x0000000000000004
2026/09/12 02:12:53.529, 2, 1, 0, 210, 405, 30.01, 36, 0x0000000000000001
2026/09/12 02:12:53.529, 3, 14160, 39, 1905, 9501, 177.77, 68, 0x0000000000000000
2026/09/12 02:12:53.529, 4, 1, 0, 210, 405, 33.68, 37, 0x0000000000000001
2026/09/12 02:12:53.529, 5, 1, 0, 210, 405, 29.43, 36, 0x0000000000000001
2026/09/12 02:12:54.030, 0, 1, 0, 210, 405, 33.69, 36, 0x0000000000000001
2026/09/12 02:12:54.030, 1, 22620, 87, 1785, 9501, 272.74, 58, 0x0000000000000004
2026/09/12 02:12:54.030, 2, 1, 0, 210, 405, 30.01, 36, 0x0000000000000001
2026/09/12 02:12:54.030, 3, 14160, 49, 1920, 9501, 173.31, 68, 0x0000000000000024
2026/09/12 02:12:54.031, 4, 1, 0, 210, 405, 33.68, 37, 0x0000000000000001
2026/09/12 02:12:54.031, 5, 1, 0, 210, 405, 29.43, 36, 0x0000000000000001
2026/09/12 02:12:54.531, 0, 1, 0, 210, 405, 23.30, 36, 0x0000000000000001
2026/09/12 02:12:54.531, 1, 22732, 100, 1635, 9501, 277.82, 59, 0x0000000000000004
2026/09/12 02:12:54.532, 2, 1, 0, 210, 405, 22.69, 36, 0x0000000000000001
2026/09/12 02:12:54.532, 3, 14160, 33, 1920, 9501, 172.25, 67, 0x0000000000000000
2026/09/12 02:12:54.533, 4, 1, 0, 210, 405, 25.30, 37, 0x0000000000000001
2026/09/12 02:12:54.533, 5, 1, 0, 210, 405, 23.16, 36, 0x0000000000000001
2026/09/12 02:12:55.033, 0, 1, 0, 210, 405, 23.30, 36, 0x0000000000000001
2026/09/12 02:12:55.034, 1, 22732, 100, 1635, 9501, 278.62, 59, 0x0000000000000004
2026/09/12 02:12:55.034, 2, 1, 0, 210, 405, 22.69, 36, 0x0000000000000001
2026/09/12 02:12:55.034, 3, 14160, 49, 1920, 9501, 171.57, 67, 0x0000000000000000
2026/09/12 02:12:55.034, 4, 1, 0, 210, 405, 25.30, 37, 0x0000000000000001
2026/09/12 02:12:55.034, 5, 1, 0, 210, 405, 23.16, 36, 0x0000000000000001
2026/09/12 02:12:55.534, 0, 1, 0, 210, 405, 22.15, 35, 0x0000000000000001
2026/09/12 02:12:55.535, 1, 22732, 100, 1650, 9501, 278.83, 60, 0x0000000000000004
2026/09/12 02:12:55.535, 2, 1, 0, 210, 405, 21.56, 35, 0x0000000000000001
2026/09/12 02:12:55.535, 3, 14160, 36, 1920, 9501, 171.23, 67, 0x0000000000000000
2026/09/12 02:12:55.535, 4, 1, 0, 210, 405, 24.47, 36, 0x0000000000000004
2026/09/12 02:12:55.536, 5, 1, 0, 210, 405, 22.57, 35, 0x0000000000000001
2026/09/12 02:12:56.036, 0, 1, 0, 210, 405, 22.15, 35, 0x0000000000000001
2026/09/12 02:12:56.036, 1, 22732, 100, 1635, 9501, 277.36, 60, 0x0000000000000004
2026/09/12 02:12:56.037, 2, 1, 0, 210, 405, 21.56, 35, 0x0000000000000001
2026/09/12 02:12:56.037, 3, 14160, 31, 1920, 9501, 170.97, 67, 0x0000000000000000
2026/09/12 02:12:56.037, 4, 1, 0, 210, 405, 24.47, 36, 0x0000000000000004
2026/09/12 02:12:56.037, 5, 1, 0, 210, 405, 22.57, 35, 0x0000000000000001
2026/09/12 02:12:56.537, 0, 1, 0, 210, 405, 21.96, 35, 0x0000000000000001
2026/09/12 02:12:56.538, 1, 22732, 100, 1635, 9501, 279.81, 60, 0x0000000000000004
2026/09/12 02:12:56.538, 2, 1, 0, 210, 405, 21.24, 35, 0x0000000000000001
2026/09/12 02:12:56.538, 3, 14160, 39, 1920, 9501, 170.77, 66, 0x0000000000000000
2026/09/12 02:12:56.538, 4, 1, 0, 210, 405, 24.19, 36, 0x0000000000000004
2026/09/12 02:12:56.539, 5, 1, 0, 210, 405, 22.48, 35, 0x0000000000000001
2026/09/12 02:12:57.039, 0, 1, 0, 210, 405, 21.96, 35, 0x0000000000000001
2026/09/12 02:12:57.039, 1, 22732, 100, 1635, 9501, 277.79, 60, 0x0000000000000004
2026/09/12 02:12:57.040, 2, 1, 0, 210, 405, 21.24, 35, 0x0000000000000001
2026/09/12 02:12:57.040, 3, 14160, 55, 1920, 9501, 170.59, 66, 0x0000000000000000
2026/09/12 02:12:57.040, 4, 1, 0, 210, 405, 24.19, 36, 0x0000000000000004
2026/09/12 02:12:57.040, 5, 1, 0, 210, 405, 22.48, 35, 0x0000000000000001
2026/09/12 02:12:57.540, 0, 1, 0, 210, 405, 22.00, 35, 0x0000000000000001
2026/09/12 02:12:57.541, 1, 22732, 100, 1650, 9501, 277.96, 61, 0x0000000000000004
2026/09/12 02:12:57.541, 2, 1, 0, 210, 405, 21.32, 35, 0x0000000000000001
2026/09/12 02:12:57.541, 3, 14180, 35, 1920, 9501, 170.35, 66, 0x0000000000000000
2026/09/12 02:12:57.541, 4, 1, 0, 210, 405, 24.22, 36, 0x0000000000000001
2026/09/12 02:12:57.541, 5, 1, 0, 210, 405, 22.48, 35, 0x0000000000000001
2026/09/12 02:12:58.042, 0, 1, 0, 210, 405, 22.00, 35, 0x0000000000000001
2026/09/12 02:12:58.042, 1, 22732, 100, 1635, 9501, 277.56, 61, 0x0000000000000004
2026/09/12 02:12:58.042, 2, 1, 0, 210, 405, 21.32, 35, 0x0000000000000001
2026/09/12 02:12:58.043, 3, 14180, 0, 1920, 9501, 169.78, 66, 0x0000000000000000
2026/09/12 02:12:58.043, 4, 1, 0, 210, 405, 24.22, 36, 0x0000000000000001
2026/09/12 02:12:58.043, 5, 1, 0, 210, 405, 22.48, 35, 0x0000000000000001
2026/09/12 02:12:58.543, 0, 1, 0, 210, 405, 22.18, 35, 0x0000000000000001
2026/09/12 02:12:58.544, 1, 22732, 100, 1650, 9501, 277.09, 61, 0x0000000000000004
2026/09/12 02:12:58.544, 2, 1, 0, 210, 405, 21.31, 35, 0x0000000000000001
2026/09/12 02:12:58.544, 3, 14236, 87, 1725, 9501, 199.10, 70, 0x0000000000000004
2026/09/12 02:12:58.544, 4, 1, 0, 210, 405, 24.55, 36, 0x0000000000000004
2026/09/12 02:12:58.544, 5, 1, 0, 210, 405, 22.64, 35, 0x0000000000000001
2026/09/12 02:12:59.045, 0, 1, 0, 210, 405, 22.18, 35, 0x0000000000000001
2026/09/12 02:12:59.045, 1, 22732, 95, 1635, 9501, 275.88, 61, 0x0000000000000004
2026/09/12 02:12:59.045, 2, 1, 0, 210, 405, 21.31, 35, 0x0000000000000001
2026/09/12 02:12:59.046, 3, 14242, 66, 1710, 9501, 250.10, 71, 0x0000000000000004
2026/09/12 02:12:59.046, 4, 1, 0, 210, 405, 24.55, 36, 0x0000000000000004
2026/09/12 02:12:59.046, 5, 1, 0, 210, 405, 22.64, 35, 0x0000000000000001
2026/09/12 02:12:59.546, 0, 1, 0, 210, 405, 22.07, 35, 0x0000000000000001
2026/09/12 02:12:59.547, 1, 22732, 100, 1650, 9501, 277.00, 61, 0x0000000000000004
2026/09/12 02:12:59.547, 2, 1, 0, 210, 405, 21.28, 35, 0x0000000000000001
2026/09/12 02:12:59.547, 3, 14246, 84, 1560, 9501, 280.70, 72, 0x0000000000000004
2026/09/12 02:12:59.547, 4, 1, 0, 210, 405, 24.38, 36, 0x0000000000000004
2026/09/12 02:12:59.547, 5, 1, 0, 210, 405, 22.49, 35, 0x0000000000000001
2026/09/12 02:13:00.048, 0, 1, 0, 210, 405, 22.07, 35, 0x0000000000000001
2026/09/12 02:13:00.048, 1, 22732, 100, 1650, 9501, 281.75, 61, 0x0000000000000004
2026/09/12 02:13:00.050, 2, 1, 0, 210, 405, 21.28, 35, 0x0000000000000001
2026/09/12 02:13:00.051, 3, 14246, 72, 1680, 9501, 276.98, 71, 0x0000000000000004
2026/09/12 02:13:00.051, 4, 1, 0, 210, 405, 24.38, 36, 0x0000000000000004
2026/09/12 02:13:00.051, 5, 1, 0, 210, 405, 22.49, 35, 0x0000000000000001
2026/09/12 02:13:00.551, 0, 1, 0, 210, 405, 22.10, 35, 0x0000000000000001
2026/09/12 02:13:00.552, 1, 22732, 100, 1650, 9501, 279.12, 62, 0x0000000000000004
2026/09/12 02:13:00.552, 2, 1, 0, 210, 405, 21.36, 35, 0x0000000000000001
2026/09/12 02:13:00.552, 3, 14246, 86, 1695, 9501, 280.20, 71, 0x0000000000000004
2026/09/12 02:13:00.552, 4, 1, 0, 210, 405, 24.41, 36, 0x0000000000000001
2026/09/12 02:13:00.552, 5, 1, 0, 210, 405, 22.33, 35, 0x0000000000000001
2026/09/12 02:13:01.053, 0, 1, 0, 210, 405, 22.10, 35, 0x0000000000000001
2026/09/12 02:13:01.053, 1, 22732, 100, 1635, 9501, 279.64, 62, 0x0000000000000004
2026/09/12 02:13:01.053, 2, 1, 0, 210, 405, 21.36, 35, 0x0000000000000001
2026/09/12 02:13:01.053, 3, 14246, 86, 1785, 9501, 278.92, 72, 0x0000000000000004
2026/09/12 02:13:01.054, 4, 1, 0, 210, 405, 24.41, 36, 0x0000000000000001
2026/09/12 02:13:01.054, 5, 1, 0, 210, 405, 22.33, 35, 0x0000000000000001
2026/09/12 02:13:01.554, 0, 1, 0, 210, 405, 22.22, 35, 0x0000000000000001
2026/09/12 02:13:01.554, 1, 22732, 100, 1635, 9501, 275.73, 62, 0x0000000000000004
2026/09/12 02:13:01.555, 2, 1, 0, 210, 405, 21.43, 35, 0x0000000000000001
2026/09/12 02:13:01.555, 3, 14246, 87, 1830, 9501, 278.94, 72, 0x0000000000000004
2026/09/12 02:13:01.555, 4, 1, 0, 210, 405, 24.65, 36, 0x0000000000000004
2026/09/12 02:13:01.555, 5, 1, 0, 210, 405, 22.30, 35, 0x0000000000000001
2026/09/12 02:13:02.055, 0, 1, 0, 210, 405, 22.22, 35, 0x0000000000000001
2026/09/12 02:13:02.056, 1, 22732, 100, 1620, 9501, 276.07, 62, 0x0000000000000004
2026/09/12 02:13:02.056, 2, 1, 0, 210, 405, 21.43, 35, 0x0000000000000001
2026/09/12 02:13:02.056, 3, 14246, 92, 1680, 9501, 279.31, 72, 0x0000000000000004
2026/09/12 02:13:02.056, 4, 1, 0, 210, 405, 24.65, 36, 0x0000000000000004
2026/09/12 02:13:02.056, 5, 1, 0, 210, 405, 22.30, 35, 0x0000000000000001
2026/09/12 02:13:02.557, 0, 1, 0, 210, 405, 22.02, 35, 0x0000000000000001
2026/09/12 02:13:02.557, 1, 22732, 100, 1650, 9501, 279.27, 62, 0x0000000000000004
2026/09/12 02:13:02.557, 2, 1, 0, 210, 405, 21.21, 35, 0x0000000000000001
2026/09/12 02:13:02.557, 3, 14246, 85, 1500, 9501, 278.25, 72, 0x0000000000000004
2026/09/12 02:13:02.558, 4, 1, 0, 210, 405, 24.42, 36, 0x0000000000000004
2026/09/12 02:13:02.558, 5, 1, 0, 210, 405, 22.19, 35, 0x0000000000000001
2026/09/12 02:13:03.058, 0, 1, 0, 210, 405, 22.02, 35, 0x0000000000000001
2026/09/12 02:13:03.058, 1, 22732, 100, 1635, 9501, 278.07, 62, 0x0000000000000004
2026/09/12 02:13:03.059, 2, 1, 0, 210, 405, 21.21, 35, 0x0000000000000001
2026/09/12 02:13:03.059, 3, 14246, 87, 1695, 9501, 278.46, 72, 0x0000000000000004
2026/09/12 02:13:03.059, 4, 1, 0, 210, 405, 24.42, 36, 0x0000000000000004
2026/09/12 02:13:03.059, 5, 1, 0, 210, 405, 22.19, 35, 0x0000000000000001
2026/09/12 02:13:03.560, 0, 1, 0, 210, 405, 22.00, 35, 0x0000000000000001
2026/09/12 02:13:03.560, 1, 22732, 100, 1635, 9501, 276.37, 62, 0x0000000000000004
2026/09/12 02:13:03.560, 2, 1, 0, 210, 405, 21.11, 35, 0x0000000000000001
2026/09/12 02:13:03.560, 3, 14246, 88, 1665, 9501, 279.06, 72, 0x0000000000000004
2026/09/12 02:13:03.560, 4, 1, 0, 210, 405, 24.41, 36, 0x0000000000000001
2026/09/12 02:13:03.561, 5, 1, 0, 210, 405, 22.20, 35, 0x0000000000000001
2026/09/12 02:13:04.061, 0, 1, 0, 210, 405, 22.00, 35, 0x0000000000000001
2026/09/12 02:13:04.061, 1, 22732, 100, 1650, 9501, 276.69, 63, 0x0000000000000004
2026/09/12 02:13:04.061, 2, 1, 0, 210, 405, 21.11, 35, 0x0000000000000001
2026/09/12 02:13:04.062, 3, 14246, 88, 1710, 9501, 278.75, 72, 0x0000000000000004
2026/09/12 02:13:04.062, 4, 1, 0, 210, 405, 24.41, 36, 0x0000000000000001
2026/09/12 02:13:04.062, 5, 1, 0, 210, 405, 22.20, 35, 0x0000000000000001
2026/09/12 02:13:04.562, 0, 1, 0, 210, 405, 22.12, 35, 0x0000000000000001
2026/09/12 02:13:04.562, 1, 22732, 100, 1650, 9501, 279.47, 63, 0x0000000000000004
2026/09/12 02:13:04.563, 2, 1, 0, 210, 405, 21.27, 35, 0x0000000000000001
2026/09/12 02:13:04.563, 3, 14246, 86, 1695, 9501, 278.84, 72, 0x0000000000000004
2026/09/12 02:13:04.563, 4, 1, 0, 210, 405, 24.71, 36, 0x0000000000000004
2026/09/12 02:13:04.563, 5, 1, 0, 210, 405, 22.18, 35, 0x0000000000000001
2026/09/12 02:13:05.063, 0, 1, 0, 210, 405, 22.12, 35, 0x0000000000000001
2026/09/12 02:13:05.064, 1, 22732, 100, 1605, 9501, 279.52, 63, 0x0000000000000004
2026/09/12 02:13:05.064, 2, 1, 0, 210, 405, 21.27, 35, 0x0000000000000001
2026/09/12 02:13:05.064, 3, 14246, 91, 1710, 9501, 279.24, 73, 0x0000000000000004
2026/09/12 02:13:05.064, 4, 1, 0, 210, 405, 24.71, 36, 0x0000000000000004
2026/09/12 02:13:05.064, 5, 1, 0, 210, 405, 22.18, 35, 0x0000000000000001
2026/09/12 02:13:05.565, 0, 1, 0, 210, 405, 21.94, 35, 0x0000000000000001
2026/09/12 02:13:05.565, 1, 22732, 95, 1635, 9501, 277.88, 62, 0x0000000000000004
2026/09/12 02:13:05.565, 2, 1, 0, 210, 405, 21.22, 35, 0x0000000000000001
2026/09/12 02:13:05.565, 3, 14246, 84, 1485, 9501, 279.99, 73, 0x0000000000000004
2026/09/12 02:13:05.566, 4, 1, 0, 210, 405, 24.50, 36, 0x0000000000000004
2026/09/12 02:13:05.566, 5, 1, 0, 210, 405, 22.03, 35, 0x0000000000000001
2026/09/12 02:13:06.066, 0, 1, 0, 210, 405, 21.94, 35, 0x0000000000000001
2026/09/12 02:13:06.067, 1, 22732, 86, 1635, 9501, 278.25, 62, 0x0000000000000004
2026/09/12 02:13:06.067, 2, 1, 0, 210, 405, 21.22, 35, 0x0000000000000001
2026/09/12 02:13:06.067, 3, 14246, 87, 1680, 9501, 278.19, 72, 0x0000000000000004
2026/09/12 02:13:06.067, 4, 1, 0, 210, 405, 24.50, 36, 0x0000000000000004
2026/09/12 02:13:06.067, 5, 1, 0, 210, 405, 22.03, 35, 0x0000000000000001
2026/09/12 02:13:06.568, 0, 1, 0, 210, 405, 21.94, 35, 0x0000000000000001
2026/09/12 02:13:06.568, 1, 22732, 100, 1620, 9501, 280.18, 61, 0x0000000000000004
2026/09/12 02:13:06.568, 2, 1, 0, 210, 405, 21.20, 35, 0x0000000000000001
2026/09/12 02:13:06.568, 3, 14246, 85, 1680, 9501, 279.60, 73, 0x0000000000000004
2026/09/12 02:13:06.568, 4, 1, 0, 210, 405, 24.48, 36, 0x0000000000000001
2026/09/12 02:13:06.569, 5, 1, 0, 210, 405, 21.99, 35, 0x0000000000000001
2026/09/12 02:13:07.069, 0, 1, 0, 210, 405, 21.94, 35, 0x0000000000000001
2026/09/12 02:13:07.069, 1, 22732, 100, 1620, 9501, 277.57, 62, 0x0000000000000004
2026/09/12 02:13:07.069, 2, 1, 0, 210, 405, 21.20, 35, 0x0000000000000001
2026/09/12 02:13:07.070, 3, 14246, 83, 1725, 9501, 278.49, 73, 0x0000000000000004
2026/09/12 02:13:07.070, 4, 1, 0, 210, 405, 24.48, 36, 0x0000000000000001
2026/09/12 02:13:07.070, 5, 1, 0, 210, 405, 21.99, 35, 0x0000000000000001
2026/09/12 02:13:07.570, 0, 1, 0, 210, 405, 22.23, 35, 0x0000000000000001
2026/09/12 02:13:07.571, 1, 22732, 100, 1635, 9501, 277.26, 62, 0x0000000000000004
2026/09/12 02:13:07.571, 2, 1, 0, 210, 405, 21.27, 35, 0x0000000000000001
2026/09/12 02:13:07.571, 3, 14246, 84, 1725, 9501, 278.77, 73, 0x0000000000000004
2026/09/12 02:13:07.571, 4, 1, 0, 210, 405, 24.71, 36, 0x0000000000000004
2026/09/12 02:13:07.571, 5, 1, 0, 210, 405, 22.04, 35, 0x0000000000000001
2026/09/12 02:13:08.072, 0, 1, 0, 210, 405, 22.23, 35, 0x0000000000000001
2026/09/12 02:13:08.072, 1, 22732, 100, 1650, 9501, 278.72, 62, 0x0000000000000004
2026/09/12 02:13:08.072, 2, 1, 0, 210, 405, 21.27, 35, 0x0000000000000001
2026/09/12 02:13:08.072, 3, 14246, 88, 1695, 9501, 279.80, 73, 0x0000000000000004
2026/09/12 02:13:08.073, 4, 1, 0, 210, 405, 24.71, 36, 0x0000000000000004
2026/09/12 02:13:08.073, 5, 1, 0, 210, 405, 22.04, 35, 0x0000000000000001
2026/09/12 02:13:08.573, 0, 1, 0, 210, 405, 22.22, 35, 0x0000000000000001
2026/09/12 02:13:08.573, 1, 22732, 55, 1620, 9501, 276.35, 62, 0x0000000000000004
2026/09/12 02:13:08.574, 2, 1, 0, 210, 405, 21.21, 35, 0x0000000000000001
2026/09/12 02:13:08.574, 3, 14246, 83, 1620, 9501, 278.74, 73, 0x0000000000000004
2026/09/12 02:13:08.574, 4, 1, 0, 210, 405, 24.56, 36, 0x0000000000000004
2026/09/12 02:13:08.574, 5, 1, 0, 210, 405, 21.96, 35, 0x0000000000000001
2026/09/12 02:13:09.075, 0, 1, 0, 210, 405, 22.22, 35, 0x0000000000000001
2026/09/12 02:13:09.075, 1, 22732, 100, 1635, 9501, 277.52, 63, 0x0000000000000004
2026/09/12 02:13:09.075, 2, 1, 0, 210, 405, 21.21, 35, 0x0000000000000001
2026/09/12 02:13:09.075, 3, 14246, 86, 1680, 9501, 279.22, 73, 0x0000000000000004
2026/09/12 02:13:09.075, 4, 1, 0, 210, 405, 24.56, 36, 0x0000000000000004
2026/09/12 02:13:09.076, 5, 1, 0, 210, 405, 21.96, 35, 0x0000000000000001
2026/09/12 02:13:09.576, 0, 1, 0, 210, 405, 22.20, 35, 0x0000000000000001
2026/09/12 02:13:09.576, 1, 22732, 100, 1545, 9501, 277.12, 62, 0x0000000000000004
2026/09/12 02:13:09.576, 2, 1, 0, 210, 405, 21.31, 35, 0x0000000000000001
2026/09/12 02:13:09.577, 3, 14246, 84, 1695, 9501, 279.38, 73, 0x0000000000000004
2026/09/12 02:13:09.577, 4, 1, 0, 210, 405, 24.62, 36, 0x0000000000000004
2026/09/12 02:13:09.577, 5, 1, 0, 210, 405, 21.92, 35, 0x0000000000000001
2026/09/12 02:13:10.077, 0, 1, 0, 210, 405, 22.20, 35, 0x0000000000000001
2026/09/12 02:13:10.078, 1, 22732, 100, 1545, 9501, 279.82, 62, 0x0000000000000004
2026/09/12 02:13:10.078, 2, 1, 0, 210, 405, 21.31, 35, 0x0000000000000001
2026/09/12 02:13:10.078, 3, 14246, 84, 1725, 9501, 279.18, 73, 0x0000000000000004
2026/09/12 02:13:10.078, 4, 1, 0, 210, 405, 24.62, 36, 0x0000000000000004
2026/09/12 02:13:10.078, 5, 1, 0, 210, 405, 21.92, 35, 0x0000000000000001
2026/09/12 02:13:10.579, 0, 1, 0, 210, 405, 22.35, 35, 0x0000000000000001
2026/09/12 02:13:10.579, 1, 22732, 100, 1620, 9501, 279.64, 63, 0x0000000000000004
2026/09/12 02:13:10.579, 2, 1, 0, 210, 405, 21.44, 35, 0x0000000000000001
2026/09/12 02:13:10.579, 3, 14248, 89, 1695, 9501, 278.84, 73, 0x0000000000000004
2026/09/12 02:13:10.580, 4, 1, 0, 210, 405, 24.47, 36, 0x0000000000000004
2026/09/12 02:13:10.580, 5, 1, 0, 210, 405, 21.88, 35, 0x0000000000000001
2026/09/12 02:13:11.080, 0, 1, 0, 210, 405, 22.35, 35, 0x0000000000000001
2026/09/12 02:13:11.080, 1, 22732, 100, 1590, 9501, 278.30, 63, 0x0000000000000004
2026/09/12 02:13:11.081, 2, 1, 0, 210, 405, 21.44, 35, 0x0000000000000001
2026/09/12 02:13:11.081, 3, 14248, 93, 1680, 9501, 280.05, 73, 0x0000000000000004
2026/09/12 02:13:11.081, 4, 1, 0, 210, 405, 24.47, 36, 0x0000000000000004
2026/09/12 02:13:11.081, 5, 1, 0, 210, 405, 21.88, 35, 0x0000000000000001
2026/09/12 02:13:11.581, 0, 1, 0, 210, 405, 22.22, 35, 0x0000000000000001
2026/09/12 02:13:11.582, 1, 22732, 100, 1620, 9501, 279.57, 64, 0x0000000000000004
2026/09/12 02:13:11.582, 2, 1, 0, 210, 405, 21.44, 35, 0x0000000000000001
2026/09/12 02:13:11.582, 3, 14252, 88, 1710, 9501, 278.39, 73, 0x0000000000000004
2026/09/12 02:13:11.582, 4, 1, 0, 210, 405, 24.45, 36, 0x0000000000000001
2026/09/12 02:13:11.582, 5, 1, 0, 210, 405, 21.79, 35, 0x0000000000000001
2026/09/12 02:13:12.083, 0, 1, 0, 210, 405, 22.22, 35, 0x0000000000000001
2026/09/12 02:13:12.083, 1, 22732, 100, 1515, 9501, 278.15, 64, 0x0000000000000004
2026/09/12 02:13:12.083, 2, 1, 0, 210, 405, 21.44, 35, 0x0000000000000001
2026/09/12 02:13:12.083, 3, 14252, 89, 1680, 9501, 279.14, 73, 0x0000000000000004
2026/09/12 02:13:12.084, 4, 1, 0, 210, 405, 24.45, 36, 0x0000000000000001
2026/09/12 02:13:12.084, 5, 1, 0, 210, 405, 21.79, 35, 0x0000000000000001
2026/09/12 02:13:12.584, 0, 1, 0, 210, 405, 22.19, 35, 0x0000000000000001
2026/09/12 02:13:12.584, 1, 22732, 100, 1560, 9501, 279.58, 63, 0x0000000000000004
2026/09/12 02:13:12.585, 2, 1, 0, 210, 405, 21.36, 35, 0x0000000000000001
2026/09/12 02:13:12.585, 3, 14252, 83, 1725, 9501, 279.06, 73, 0x0000000000000004
2026/09/12 02:13:12.585, 4, 1, 0, 210, 405, 24.70, 36, 0x0000000000000004
2026/09/12 02:13:12.585, 5, 1, 0, 210, 405, 21.89, 35, 0x0000000000000001
2026/09/12 02:13:13.085, 0, 1, 0, 210, 405, 22.19, 35, 0x0000000000000001
2026/09/12 02:13:13.086, 1, 22732, 77, 1605, 9501, 277.69, 63, 0x0000000000000004
2026/09/12 02:13:13.086, 2, 1, 0, 210, 405, 21.36, 35, 0x0000000000000001
2026/09/12 02:13:13.086, 3, 14252, 82, 1710, 9501, 278.15, 73, 0x0000000000000004
2026/09/12 02:13:13.086, 4, 1, 0, 210, 405, 24.70, 36, 0x0000000000000004
2026/09/12 02:13:13.086, 5, 1, 0, 210, 405, 21.89, 35, 0x0000000000000001
2026/09/12 02:13:13.587, 0, 1, 0, 210, 405, 22.26, 35, 0x0000000000000001
2026/09/12 02:13:13.587, 1, 22732, 100, 1620, 9501, 279.38, 64, 0x0000000000000004
2026/09/12 02:13:13.587, 2, 1, 0, 210, 405, 21.20, 35, 0x0000000000000001
2026/09/12 02:13:13.587, 3, 14252, 88, 1695, 9501, 279.68, 74, 0x0000000000000004
2026/09/12 02:13:13.588, 4, 1, 0, 210, 405, 24.53, 36, 0x0000000000000004
2026/09/12 02:13:13.588, 5, 1, 0, 210, 405, 22.07, 35, 0x0000000000000001
2026/09/12 02:13:14.088, 0, 1, 0, 210, 405, 22.26, 35, 0x0000000000000001
2026/09/12 02:13:14.088, 1, 22732, 100, 1620, 9501, 277.88, 64, 0x0000000000000004
2026/09/12 02:13:14.089, 2, 1, 0, 210, 405, 21.20, 35, 0x0000000000000001
2026/09/12 02:13:14.089, 3, 14252, 89, 1605, 9501, 280.24, 74, 0x0000000000000004
2026/09/12 02:13:14.089, 4, 1, 0, 210, 405, 24.53, 36, 0x0000000000000004
2026/09/12 02:13:14.089, 5, 1, 0, 210, 405, 22.07, 35, 0x0000000000000001
2026/09/12 02:13:14.590, 0, 1, 0, 210, 405, 22.16, 35, 0x0000000000000001
2026/09/12 02:13:14.590, 1, 22732, 100, 1620, 9501, 279.52, 65, 0x0000000000000004
2026/09/12 02:13:14.590, 2, 1, 0, 210, 405, 21.27, 35, 0x0000000000000001
2026/09/12 02:13:14.590, 3, 14254, 86, 1560, 9501, 279.29, 73, 0x0000000000000004
2026/09/12 02:13:14.590, 4, 1, 0, 210, 405, 24.48, 36, 0x0000000000000004
2026/09/12 02:13:14.591, 5, 1, 0, 210, 405, 22.02, 35, 0x0000000000000001
2026/09/12 02:13:15.091, 0, 1, 0, 210, 405, 22.16, 35, 0x0000000000000001
2026/09/12 02:13:15.091, 1, 22732, 100, 1605, 9501, 279.20, 65, 0x0000000000000004
2026/09/12 02:13:15.091, 2, 1, 0, 210, 405, 21.27, 35, 0x0000000000000001
2026/09/12 02:13:15.092, 3, 14254, 82, 1665, 9501, 279.45, 74, 0x0000000000000004
2026/09/12 02:13:15.092, 4, 1, 0, 210, 405, 24.48, 36, 0x0000000000000004
2026/09/12 02:13:15.092, 5, 1, 0, 210, 405, 22.02, 35, 0x0000000000000001
2026/09/12 02:13:15.592, 0, 1, 0, 210, 405, 22.24, 35, 0x0000000000000001
2026/09/12 02:13:15.593, 1, 22732, 100, 1620, 9501, 279.41, 65, 0x0000000000000004
2026/09/12 02:13:15.593, 2, 1, 0, 210, 405, 21.30, 35, 0x0000000000000001
2026/09/12 02:13:15.593, 3, 14254, 86, 1695, 9501, 278.91, 74, 0x0000000000000004
2026/09/12 02:13:15.593, 4, 1, 0, 210, 405, 24.78, 36, 0x0000000000000001
2026/09/12 02:13:15.593, 5, 1, 0, 210, 405, 22.02, 35, 0x0000000000000001
2026/09/12 02:13:16.094, 0, 1, 0, 210, 405, 22.24, 35, 0x0000000000000001
2026/09/12 02:13:16.094, 1, 22732, 100, 1605, 9501, 279.43, 65, 0x0000000000000004
2026/09/12 02:13:16.094, 2, 1, 0, 210, 405, 21.30, 35, 0x0000000000000001
2026/09/12 02:13:16.094, 3, 14254, 87, 1710, 9501, 278.76, 73, 0x0000000000000004
2026/09/12 02:13:16.094, 4, 1, 0, 210, 405, 24.78, 36, 0x0000000000000001
2026/09/12 02:13:16.095, 5, 1, 0, 210, 405, 22.02, 35, 0x0000000000000001
2026/09/12 02:13:16.595, 0, 1, 0, 210, 405, 22.42, 34, 0x0000000000000001
2026/09/12 02:13:16.595, 1, 22732, 100, 1605, 9501, 279.75, 65, 0x0000000000000004
2026/09/12 02:13:16.596, 2, 1, 0, 210, 405, 21.18, 35, 0x0000000000000001
2026/09/12 02:13:16.596, 3, 14254, 89, 1695, 9501, 280.32, 73, 0x0000000000000004
2026/09/12 02:13:16.596, 4, 1, 0, 210, 405, 24.72, 36, 0x0000000000000004
2026/09/12 02:13:16.596, 5, 1, 0, 210, 405, 22.09, 35, 0x0000000000000001
2026/09/12 02:13:17.096, 0, 1, 0, 210, 405, 22.42, 34, 0x0000000000000001
2026/09/12 02:13:17.097, 1, 22732, 100, 1590, 9501, 279.35, 65, 0x0000000000000004
2026/09/12 02:13:17.097, 2, 1, 0, 210, 405, 21.18, 35, 0x0000000000000001
2026/09/12 02:13:17.097, 3, 14254, 78, 1650, 9501, 281.57, 74, 0x0000000000000004
2026/09/12 02:13:17.097, 4, 1, 0, 210, 405, 24.72, 36, 0x0000000000000004
2026/09/12 02:13:17.097, 5, 1, 0, 210, 405, 22.09, 35, 0x0000000000000001
2026/09/12 02:13:17.598, 0, 1, 0, 210, 405, 22.25, 34, 0x0000000000000001
2026/09/12 02:13:17.598, 1, 22732, 100, 1590, 9501, 279.78, 65, 0x0000000000000004
2026/09/12 02:13:17.598, 2, 1, 0, 210, 405, 21.27, 35, 0x0000000000000001
2026/09/12 02:13:17.598, 3, 14254, 76, 1785, 9501, 278.12, 74, 0x0000000000000004
2026/09/12 02:13:17.599, 4, 1, 0, 210, 405, 24.40, 36, 0x0000000000000004
2026/09/12 02:13:17.599, 5, 1, 0, 210, 405, 22.00, 35, 0x0000000000000001
2026/09/12 02:13:18.099, 0, 1, 0, 210, 405, 22.25, 34, 0x0000000000000001
2026/09/12 02:13:18.099, 1, 22732, 100, 1590, 9501, 279.09, 64, 0x0000000000000004
2026/09/12 02:13:18.100, 2, 1, 0, 210, 405, 21.27, 35, 0x0000000000000001
2026/09/12 02:13:18.100, 3, 14254, 73, 1755, 9501, 279.30, 74, 0x0000000000000004
2026/09/12 02:13:18.100, 4, 1, 0, 210, 405, 24.40, 36, 0x0000000000000004
2026/09/12 02:13:18.100, 5, 1, 0, 210, 405, 22.00, 35, 0x0000000000000001
2026/09/12 02:13:18.600, 0, 1, 0, 210, 405, 22.18, 34, 0x0000000000000001
2026/09/12 02:13:18.601, 1, 22732, 100, 1620, 9501, 275.83, 65, 0x0000000000000004
2026/09/12 02:13:18.601, 2, 1, 0, 210, 405, 21.46, 35, 0x0000000000000001
2026/09/12 02:13:18.601, 3, 14254, 67, 1710, 9501, 278.04, 74, 0x0000000000000004
2026/09/12 02:13:18.601, 4, 1, 0, 210, 405, 24.63, 36, 0x0000000000000001
2026/09/12 02:13:18.602, 5, 1, 0, 210, 405, 22.12, 35, 0x0000000000000001
2026/09/12 02:13:19.102, 0, 1, 0, 210, 405, 22.18, 34, 0x0000000000000001
2026/09/12 02:13:19.102, 1, 22732, 100, 1620, 9501, 278.06, 65, 0x0000000000000004
2026/09/12 02:13:19.102, 2, 1, 0, 210, 405, 21.46, 35, 0x0000000000000001
2026/09/12 02:13:19.103, 3, 14254, 89, 1635, 9501, 280.31, 74, 0x0000000000000004
2026/09/12 02:13:19.103, 4, 1, 0, 210, 405, 24.63, 36, 0x0000000000000001
2026/09/12 02:13:19.103, 5, 1, 0, 210, 405, 22.12, 35, 0x0000000000000001
2026/09/12 02:13:19.603, 0, 1, 0, 210, 405, 22.28, 34, 0x0000000000000001
2026/09/12 02:13:19.604, 1, 22732, 100, 1620, 9501, 279.48, 65, 0x0000000000000004
2026/09/12 02:13:19.604, 2, 1, 0, 210, 405, 21.55, 35, 0x0000000000000001
2026/09/12 02:13:19.604, 3, 14254, 86, 1740, 9501, 279.02, 74, 0x0000000000000004
2026/09/12 02:13:19.604, 4, 1, 0, 210, 405, 24.71, 36, 0x0000000000000004
2026/09/12 02:13:19.604, 5, 1, 0, 210, 405, 22.27, 35, 0x0000000000000001
2026/09/12 02:13:20.105, 0, 1, 0, 210, 405, 22.28, 34, 0x0000000000000001
2026/09/12 02:13:20.105, 1, 22732, 100, 1620, 9501, 279.84, 66, 0x0000000000000004
2026/09/12 02:13:20.105, 2, 1, 0, 210, 405, 21.55, 35, 0x0000000000000001
2026/09/12 02:13:20.105, 3, 14254, 87, 1680, 9501, 280.05, 74, 0x0000000000000004
2026/09/12 02:13:20.105, 4, 1, 0, 210, 405, 24.71, 36, 0x0000000000000004
2026/09/12 02:13:20.106, 5, 1, 0, 210, 405, 22.27, 35, 0x0000000000000001
2026/09/12 02:13:20.606, 0, 1, 0, 210, 405, 22.13, 34, 0x0000000000000004
2026/09/12 02:13:20.606, 1, 22732, 100, 1620, 9501, 279.72, 66, 0x0000000000000004
2026/09/12 02:13:20.607, 2, 1, 0, 210, 405, 21.50, 35, 0x0000000000000001
2026/09/12 02:13:20.607, 3, 14254, 82, 1695, 9501, 279.39, 74, 0x0000000000000004
2026/09/12 02:13:20.607, 4, 1, 0, 210, 405, 24.53, 36, 0x0000000000000004
2026/09/12 02:13:20.607, 5, 1, 0, 210, 405, 22.22, 35, 0x0000000000000001
2026/09/12 02:13:21.107, 0, 1, 0, 210, 405, 22.13, 34, 0x0000000000000004
2026/09/12 02:13:21.108, 1, 22732, 100, 1605, 9501, 279.47, 66, 0x0000000000000004
2026/09/12 02:13:21.108, 2, 1, 0, 210, 405, 21.50, 35, 0x0000000000000001
2026/09/12 02:13:21.108, 3, 14254, 86, 1695, 9501, 278.93, 74, 0x0000000000000004
2026/09/12 02:13:21.108, 4, 1, 0, 210, 405, 24.53, 36, 0x0000000000000004
2026/09/12 02:13:21.108, 5, 1, 0, 210, 405, 22.22, 35, 0x0000000000000001
2026/09/12 02:13:21.609, 0, 1, 0, 210, 405, 22.20, 34, 0x0000000000000001
2026/09/12 02:13:21.609, 1, 22732, 100, 1605, 9501, 279.43, 66, 0x0000000000000004
2026/09/12 02:13:21.609, 2, 1, 0, 210, 405, 21.37, 35, 0x0000000000000001
2026/09/12 02:13:21.609, 3, 14254, 77, 1800, 9501, 279.56, 74, 0x0000000000000004
2026/09/12 02:13:21.610, 4, 1, 0, 210, 405, 24.84, 36, 0x0000000000000001
2026/09/12 02:13:21.610, 5, 1, 0, 210, 405, 22.13, 35, 0x0000000000000001
2026/09/12 02:13:22.110, 0, 1, 0, 210, 405, 22.20, 34, 0x0000000000000001
2026/09/12 02:13:22.110, 1, 22732, 100, 1605, 9501, 279.47, 66, 0x0000000000000004
2026/09/12 02:13:22.111, 2, 1, 0, 210, 405, 21.37, 35, 0x0000000000000001
2026/09/12 02:13:22.111, 3, 14254, 67, 1830, 9501, 279.01, 74, 0x0000000000000004
2026/09/12 02:13:22.111, 4, 1, 0, 210, 405, 24.84, 36, 0x0000000000000001
2026/09/12 02:13:22.111, 5, 1, 0, 210, 405, 22.13, 35, 0x0000000000000001
2026/09/12 02:13:22.611, 0, 1, 0, 210, 405, 22.31, 34, 0x0000000000000001
2026/09/12 02:13:22.612, 1, 22732, 100, 1605, 9501, 279.25, 66, 0x0000000000000004
2026/09/12 02:13:22.612, 2, 1, 0, 210, 405, 21.55, 35, 0x0000000000000001
2026/09/12 02:13:22.612, 3, 14254, 88, 1680, 9501, 280.02, 74, 0x0000000000000004
2026/09/12 02:13:22.612, 4, 1, 0, 210, 405, 24.87, 36, 0x0000000000000004
2026/09/12 02:13:22.612, 5, 1, 0, 210, 405, 22.09, 35, 0x0000000000000001
2026/09/12 02:13:23.113, 0, 1, 0, 210, 405, 22.31, 34, 0x0000000000000001
2026/09/12 02:13:23.113, 1, 22732, 100, 1605, 9501, 279.50, 66, 0x0000000000000004
2026/09/12 02:13:23.113, 2, 1, 0, 210, 405, 21.55, 35, 0x0000000000000001
2026/09/12 02:13:23.113, 3, 14254, 87, 1710, 9501, 278.93, 74, 0x0000000000000004
2026/09/12 02:13:23.114, 4, 1, 0, 210, 405, 24.87, 36, 0x0000000000000004
2026/09/12 02:13:23.114, 5, 1, 0, 210, 405, 22.09, 35, 0x0000000000000001
2026/09/12 02:13:23.614, 0, 1, 0, 210, 405, 22.13, 34, 0x0000000000000001
2026/09/12 02:13:23.614, 1, 22732, 100, 1605, 9501, 279.34, 66, 0x0000000000000004
2026/09/12 02:13:23.615, 2, 1, 0, 210, 405, 21.62, 35, 0x0000000000000001
2026/09/12 02:13:23.615, 3, 14254, 89, 1695, 9501, 279.42, 74, 0x0000000000000004
2026/09/12 02:13:23.615, 4, 1, 0, 210, 405, 24.53, 36, 0x0000000000000004
2026/09/12 02:13:23.615, 5, 1, 0, 210, 405, 22.00, 35, 0x0000000000000001
2026/09/12 02:13:24.116, 0, 1, 0, 210, 405, 22.13, 34, 0x0000000000000001
2026/09/12 02:13:24.116, 1, 22732, 100, 1605, 9501, 279.22, 66, 0x0000000000000004
2026/09/12 02:13:24.116, 2, 1, 0, 210, 405, 21.62, 35, 0x0000000000000001
2026/09/12 02:13:24.116, 3, 14254, 89, 1590, 9501, 280.43, 74, 0x0000000000000004
2026/09/12 02:13:24.116, 4, 1, 0, 210, 405, 24.53, 36, 0x0000000000000004
2026/09/12 02:13:24.117, 5, 1, 0, 210, 405, 22.00, 35, 0x0000000000000001
2026/09/12 02:13:24.617, 0, 1, 0, 210, 405, 22.16, 34, 0x0000000000000001
2026/09/12 02:13:24.617, 1, 22732, 100, 1605, 9501, 279.24, 66, 0x0000000000000004
2026/09/12 02:13:24.617, 2, 1, 0, 210, 405, 21.42, 35, 0x0000000000000001
2026/09/12 02:13:24.618, 3, 14254, 86, 1620, 9501, 278.87, 74, 0x0000000000000004
2026/09/12 02:13:24.618, 4, 1, 0, 210, 405, 24.77, 36, 0x0000000000000001
2026/09/12 02:13:24.618, 5, 1, 0, 210, 405, 22.06, 35, 0x0000000000000001
2026/09/12 02:13:25.118, 0, 1, 0, 210, 405, 22.16, 34, 0x0000000000000001
2026/09/12 02:13:25.118, 1, 22732, 100, 1605, 9501, 279.47, 66, 0x0000000000000004
2026/09/12 02:13:25.119, 2, 1, 0, 210, 405, 21.42, 35, 0x0000000000000001
2026/09/12 02:13:25.119, 3, 14254, 87, 1680, 9501, 279.31, 74, 0x0000000000000004
2026/09/12 02:13:25.119, 4, 1, 0, 210, 405, 24.77, 36, 0x0000000000000001
2026/09/12 02:13:25.119, 5, 1, 0, 210, 405, 22.06, 35, 0x0000000000000001
2026/09/12 02:13:25.620, 0, 1, 0, 210, 405, 22.37, 34, 0x0000000000000001
2026/09/12 02:13:25.620, 1, 22732, 100, 1605, 9501, 279.18, 66, 0x0000000000000004
2026/09/12 02:13:25.620, 2, 1, 0, 210, 405, 21.44, 35, 0x0000000000000001
2026/09/12 02:13:25.621, 3, 14254, 85, 1695, 9501, 279.44, 74, 0x0000000000000004
2026/09/12 02:13:25.621, 4, 1, 0, 210, 405, 24.76, 36, 0x0000000000000004
2026/09/12 02:13:25.621, 5, 1, 0, 210, 405, 22.26, 35, 0x0000000000000001
2026/09/12 02:13:26.121, 0, 1, 0, 210, 405, 22.37, 34, 0x0000000000000001
2026/09/12 02:13:26.122, 1, 22732, 100, 1605, 9501, 279.51, 67, 0x0000000000000004
2026/09/12 02:13:26.122, 2, 1, 0, 210, 405, 21.44, 35, 0x0000000000000001
2026/09/12 02:13:26.122, 3, 14254, 86, 1695, 9501, 278.77, 74, 0x0000000000000004
2026/09/12 02:13:26.122, 4, 1, 0, 210, 405, 24.76, 36, 0x0000000000000004
2026/09/12 02:13:26.122, 5, 1, 0, 210, 405, 22.26, 35, 0x0000000000000001
2026/09/12 02:13:26.623, 0, 1, 0, 210, 405, 22.39, 34, 0x0000000000000001
2026/09/12 02:13:26.623, 1, 22732, 100, 1605, 9501, 279.24, 66, 0x0000000000000004
2026/09/12 02:13:26.623, 2, 1, 0, 210, 405, 21.56, 35, 0x0000000000000001
2026/09/12 02:13:26.623, 3, 14254, 89, 1695, 9501, 279.32, 74, 0x0000000000000004
2026/09/12 02:13:26.623, 4, 1, 0, 210, 405, 24.63, 36, 0x0000000000000001
2026/09/12 02:13:26.624, 5, 1, 0, 210, 405, 22.13, 35, 0x0000000000000001
2026/09/12 02:13:27.124, 0, 1, 0, 210, 405, 22.39, 34, 0x0000000000000001
2026/09/12 02:13:27.124, 1, 22732, 100, 1545, 9501, 279.56, 66, 0x0000000000000004
2026/09/12 02:13:27.125, 2, 1, 0, 210, 405, 21.56, 35, 0x0000000000000001
2026/09/12 02:13:27.125, 3, 14254, 88, 1575, 9501, 280.65, 74, 0x0000000000000004
2026/09/12 02:13:27.125, 4, 1, 0, 210, 405, 24.63, 36, 0x0000000000000001
2026/09/12 02:13:27.125, 5, 1, 0, 210, 405, 22.13, 35, 0x0000000000000001
2026/09/12 02:13:27.625, 0, 1, 0, 210, 405, 22.38, 34, 0x0000000000000001
2026/09/12 02:13:27.626, 1, 22732, 100, 1560, 9501, 279.58, 66, 0x0000000000000004
2026/09/12 02:13:27.626, 2, 1, 0, 210, 405, 21.61, 35, 0x0000000000000001
2026/09/12 02:13:27.626, 3, 14254, 85, 1710, 9501, 278.61, 74, 0x0000000000000004
2026/09/12 02:13:27.626, 4, 1, 0, 210, 405, 24.85, 36, 0x0000000000000004
2026/09/12 02:13:27.626, 5, 1, 0, 210, 405, 21.97, 35, 0x0000000000000001
2026/09/12 02:13:28.127, 0, 1, 0, 210, 405, 22.38, 34, 0x0000000000000001
2026/09/12 02:13:28.127, 1, 22732, 100, 1545, 9501, 279.30, 66, 0x0000000000000004
2026/09/12 02:13:28.127, 2, 1, 0, 210, 405, 21.61, 35, 0x0000000000000001
2026/09/12 02:13:28.127, 3, 14254, 86, 1680, 9501, 279.25, 74, 0x0000000000000004
2026/09/12 02:13:28.128, 4, 1, 0, 210, 405, 24.85, 36, 0x0000000000000004
2026/09/12 02:13:28.128, 5, 1, 0, 210, 405, 21.97, 35, 0x0000000000000001
2026/09/12 02:13:28.628, 0, 1, 0, 210, 405, 22.43, 34, 0x0000000000000001
2026/09/12 02:13:28.628, 1, 22732, 100, 1560, 9501, 279.58, 66, 0x0000000000000004
2026/09/12 02:13:28.629, 2, 1, 0, 210, 405, 21.42, 35, 0x0000000000000001
2026/09/12 02:13:28.629, 3, 14254, 85, 1680, 9501, 279.02, 74, 0x0000000000000004
2026/09/12 02:13:28.629, 4, 1, 0, 210, 405, 24.78, 36, 0x0000000000000004
2026/09/12 02:13:28.629, 5, 1, 0, 210, 405, 22.06, 35, 0x0000000000000001
2026/09/12 02:13:29.130, 0, 1, 0, 210, 405, 22.43, 34, 0x0000000000000001
2026/09/12 02:13:29.130, 1, 22732, 100, 1530, 9501, 279.28, 66, 0x0000000000000004
2026/09/12 02:13:29.130, 2, 1, 0, 210, 405, 21.42, 35, 0x0000000000000001
2026/09/12 02:13:29.130, 3, 14254, 83, 1785, 9501, 278.73, 74, 0x0000000000000004
2026/09/12 02:13:29.130, 4, 1, 0, 210, 405, 24.78, 36, 0x0000000000000004
2026/09/12 02:13:29.131, 5, 1, 0, 210, 405, 22.06, 35, 0x0000000000000001
2026/09/12 02:13:29.631, 0, 1, 0, 210, 405, 22.25, 34, 0x0000000000000001
2026/09/12 02:13:29.631, 1, 22732, 100, 1605, 9501, 276.66, 67, 0x0000000000000004
2026/09/12 02:13:29.631, 2, 1, 0, 210, 405, 21.33, 35, 0x0000000000000001
2026/09/12 02:13:29.632, 3, 14254, 90, 1680, 9501, 279.70, 74, 0x0000000000000004
2026/09/12 02:13:29.632, 4, 1, 0, 210, 405, 24.67, 36, 0x0000000000000004
2026/09/12 02:13:29.632, 5, 1, 0, 210, 405, 22.07, 35, 0x0000000000000004
2026/09/12 02:13:30.132, 0, 1, 0, 210, 405, 22.25, 34, 0x0000000000000001
2026/09/12 02:13:30.133, 1, 22732, 100, 1590, 9501, 275.62, 66, 0x0000000000000004
2026/09/12 02:13:30.133, 2, 1, 0, 210, 405, 21.33, 35, 0x0000000000000001
2026/09/12 02:13:30.133, 3, 14254, 87, 1635, 9501, 279.38, 74, 0x0000000000000004
2026/09/12 02:13:30.133, 4, 1, 0, 210, 405, 24.67, 36, 0x0000000000000004
2026/09/12 02:13:30.133, 5, 1, 0, 210, 405, 22.07, 35, 0x0000000000000004
2026/09/12 02:13:30.634, 0, 1, 0, 210, 405, 22.22, 34, 0x0000000000000001
2026/09/12 02:13:30.634, 1, 22732, 100, 1605, 9501, 279.09, 67, 0x0000000000000004
2026/09/12 02:13:30.634, 2, 1, 0, 210, 405, 21.43, 35, 0x0000000000000001
2026/09/12 02:13:30.634, 3, 14254, 87, 1665, 9501, 279.31, 74, 0x0000000000000004
2026/09/12 02:13:30.635, 4, 1, 0, 210, 405, 24.65, 36, 0x0000000000000001
2026/09/12 02:13:30.635, 5, 1, 0, 210, 405, 22.04, 35, 0x0000000000000001
2026/09/12 02:13:31.135, 0, 1, 0, 210, 405, 22.22, 34, 0x0000000000000001
2026/09/12 02:13:31.136, 1, 22732, 100, 1590, 9501, 277.70, 67, 0x0000000000000004
2026/09/12 02:13:31.136, 2, 1, 0, 210, 405, 21.43, 35, 0x0000000000000001
2026/09/12 02:13:31.136, 3, 14254, 87, 1680, 9501, 279.32, 74, 0x0000000000000004
2026/09/12 02:13:31.136, 4, 1, 0, 210, 405, 24.65, 36, 0x0000000000000001
2026/09/12 02:13:31.136, 5, 1, 0, 210, 405, 22.04, 35, 0x0000000000000001
2026/09/12 02:13:31.637, 0, 1, 0, 210, 405, 22.30, 34, 0x0000000000000001
2026/09/12 02:13:31.637, 1, 22732, 100, 1605, 9501, 279.48, 67, 0x0000000000000004
2026/09/12 02:13:31.637, 2, 1, 0, 210, 405, 21.59, 35, 0x0000000000000001
2026/09/12 02:13:31.637, 3, 14254, 86, 1710, 9501, 279.03, 74, 0x0000000000000004
2026/09/12 02:13:31.637, 4, 1, 0, 210, 405, 24.59, 36, 0x0000000000000001
2026/09/12 02:13:31.638, 5, 1, 0, 210, 405, 22.07, 35, 0x0000000000000001
2026/09/12 02:13:32.138, 0, 1, 0, 210, 405, 22.30, 34, 0x0000000000000001
2026/09/12 02:13:32.138, 1, 22732, 100, 1590, 9501, 278.82, 67, 0x0000000000000004
2026/09/12 02:13:32.138, 2, 1, 0, 210, 405, 21.59, 35, 0x0000000000000001
2026/09/12 02:13:32.139, 3, 14254, 86, 1710, 9501, 279.27, 74, 0x0000000000000004
2026/09/12 02:13:32.139, 4, 1, 0, 210, 405, 24.59, 36, 0x0000000000000001
2026/09/12 02:13:32.139, 5, 1, 0, 210, 405, 22.07, 35, 0x0000000000000001
2026/09/12 02:13:32.639, 0, 1, 0, 210, 405, 22.35, 34, 0x0000000000000001
2026/09/12 02:13:32.640, 1, 22732, 100, 1605, 9501, 279.49, 67, 0x0000000000000004
2026/09/12 02:13:32.640, 2, 1, 0, 210, 405, 21.70, 35, 0x0000000000000001
2026/09/12 02:13:32.640, 3, 14254, 89, 1710, 9501, 279.04, 74, 0x0000000000000004
2026/09/12 02:13:32.640, 4, 1, 0, 210, 405, 24.64, 36, 0x0000000000000001
2026/09/12 02:13:32.640, 5, 1, 0, 210, 405, 22.06, 35, 0x0000000000000001
2026/09/12 02:13:33.141, 0, 1, 0, 210, 405, 22.35, 34, 0x0000000000000001
2026/09/12 02:13:33.141, 1, 22732, 100, 1605, 9501, 279.01, 67, 0x0000000000000004
2026/09/12 02:13:33.141, 2, 1, 0, 210, 405, 21.70, 35, 0x0000000000000001
2026/09/12 02:13:33.141, 3, 14254, 90, 1620, 9501, 280.34, 74, 0x0000000000000004
2026/09/12 02:13:33.142, 4, 1, 0, 210, 405, 24.64, 36, 0x0000000000000001
2026/09/12 02:13:33.142, 5, 1, 0, 210, 405, 22.06, 35, 0x0000000000000001
2026/09/12 02:13:33.642, 0, 1, 0, 210, 405, 22.48, 34, 0x0000000000000001
2026/09/12 02:13:33.642, 1, 22732, 100, 1605, 9501, 279.56, 68, 0x0000000000000004
2026/09/12 02:13:33.643, 2, 1, 0, 210, 405, 21.74, 35, 0x0000000000000001
2026/09/12 02:13:33.643, 3, 14254, 88, 1485, 9501, 278.07, 74, 0x0000000000000004
2026/09/12 02:13:33.643, 4, 1, 0, 210, 405, 24.90, 36, 0x0000000000000001
2026/09/12 02:13:33.643, 5, 1, 0, 210, 405, 22.02, 35, 0x0000000000000001
2026/09/12 02:13:34.143, 0, 1, 0, 210, 405, 22.48, 34, 0x0000000000000001
2026/09/12 02:13:34.144, 1, 22732, 100, 1605, 9501, 279.19, 67, 0x0000000000000004
2026/09/12 02:13:34.144, 2, 1, 0, 210, 405, 21.74, 35, 0x0000000000000001
2026/09/12 02:13:34.144, 3, 14254, 87, 1665, 9501, 279.21, 74, 0x0000000000000004
2026/09/12 02:13:34.144, 4, 1, 0, 210, 405, 24.90, 36, 0x0000000000000001
2026/09/12 02:13:34.144, 5, 1, 0, 210, 405, 22.02, 35, 0x0000000000000001
2026/09/12 02:13:34.645, 0, 1, 0, 210, 405, 22.28, 34, 0x0000000000000001
2026/09/12 02:13:34.645, 1, 22732, 100, 1620, 9501, 279.50, 68, 0x0000000000000004
2026/09/12 02:13:34.645, 2, 1, 0, 210, 405, 21.66, 35, 0x0000000000000001
2026/09/12 02:13:34.645, 3, 14254, 86, 1680, 9501, 279.08, 74, 0x0000000000000004
2026/09/12 02:13:34.646, 4, 1, 0, 210, 405, 24.82, 36, 0x0000000000000004
2026/09/12 02:13:34.646, 5, 1, 0, 210, 405, 21.96, 35, 0x0000000000000001
2026/09/12 02:13:35.146, 0, 1, 0, 210, 405, 22.28, 34, 0x0000000000000001
2026/09/12 02:13:35.146, 1, 22732, 100, 1620, 9501, 279.10, 68, 0x0000000000000004
2026/09/12 02:13:35.147, 2, 1, 0, 210, 405, 21.66, 35, 0x0000000000000001
2026/09/12 02:13:35.147, 3, 14254, 88, 1695, 9501, 279.14, 74, 0x0000000000000004
2026/09/12 02:13:35.147, 4, 1, 0, 210, 405, 24.82, 36, 0x0000000000000004
2026/09/12 02:13:35.147, 5, 1, 0, 210, 405, 21.96, 35, 0x0000000000000001
2026/09/12 02:13:35.647, 0, 1, 0, 210, 405, 22.23, 34, 0x0000000000000001
2026/09/12 02:13:35.648, 1, 22732, 100, 1605, 9501, 279.56, 68, 0x0000000000000004
2026/09/12 02:13:35.648, 2, 1, 0, 210, 405, 21.64, 35, 0x0000000000000001
2026/09/12 02:13:35.648, 3, 14254, 92, 1680, 9501, 279.49, 75, 0x0000000000000004
2026/09/12 02:13:35.648, 4, 1, 0, 210, 405, 24.51, 36, 0x0000000000000004
2026/09/12 02:13:35.649, 5, 1, 0, 210, 405, 22.05, 35, 0x0000000000000001
2026/09/12 02:13:36.149, 0, 1, 0, 210, 405, 22.23, 34, 0x0000000000000001
2026/09/12 02:13:36.149, 1, 22732, 100, 1605, 9501, 279.18, 68, 0x0000000000000004
2026/09/12 02:13:36.149, 2, 1, 0, 210, 405, 21.64, 35, 0x0000000000000001
2026/09/12 02:13:36.150, 3, 14254, 87, 1470, 9501, 279.60, 74, 0x0000000000000004
2026/09/12 02:13:36.150, 4, 1, 0, 210, 405, 24.51, 36, 0x0000000000000004
2026/09/12 02:13:36.150, 5, 1, 0, 210, 405, 22.05, 35, 0x0000000000000001
2026/09/12 02:13:36.650, 0, 1, 0, 210, 405, 22.33, 34, 0x0000000000000001
2026/09/12 02:13:36.650, 1, 22732, 100, 1605, 9501, 279.62, 68, 0x0000000000000004
2026/09/12 02:13:36.651, 2, 1, 0, 210, 405, 21.66, 35, 0x0000000000000001
2026/09/12 02:13:36.651, 3, 14254, 87, 1695, 9501, 279.33, 74, 0x0000000000000004
2026/09/12 02:13:36.651, 4, 1, 0, 210, 405, 24.66, 36, 0x0000000000000001
2026/09/12 02:13:36.651, 5, 1, 0, 210, 405, 22.12, 35, 0x0000000000000001
2026/09/12 02:13:37.152, 0, 1, 0, 210, 405, 22.33, 34, 0x0000000000000001
2026/09/12 02:13:37.152, 1, 22732, 100, 1590, 9501, 279.30, 68, 0x0000000000000004
2026/09/12 02:13:37.152, 2, 1, 0, 210, 405, 21.66, 35, 0x0000000000000001
2026/09/12 02:13:37.152, 3, 14254, 88, 1650, 9501, 279.71, 74, 0x0000000000000004
2026/09/12 02:13:37.152, 4, 1, 0, 210, 405, 24.66, 36, 0x0000000000000001
2026/09/12 02:13:37.153, 5, 1, 0, 210, 405, 22.12, 35, 0x0000000000000001
2026/09/12 02:13:37.653, 0, 1, 0, 210, 405, 22.15, 34, 0x0000000000000001
2026/09/12 02:13:37.653, 1, 22732, 100, 1605, 9501, 279.37, 68, 0x0000000000000004
2026/09/12 02:13:37.653, 2, 1, 0, 210, 405, 21.68, 35, 0x0000000000000001
2026/09/12 02:13:37.654, 3, 14254, 86, 1695, 9501, 278.96, 74, 0x0000000000000004
2026/09/12 02:13:37.654, 4, 1, 0, 210, 405, 24.78, 36, 0x0000000000000001
2026/09/12 02:13:37.654, 5, 1, 0, 210, 405, 22.01, 35, 0x0000000000000001
2026/09/12 02:13:38.154, 0, 1, 0, 210, 405, 22.15, 34, 0x0000000000000001
2026/09/12 02:13:38.154, 1, 22732, 100, 1605, 9501, 279.02, 68, 0x0000000000000004
2026/09/12 02:13:38.155, 2, 1, 0, 210, 405, 21.68, 35, 0x0000000000000001
2026/09/12 02:13:38.155, 3, 14254, 87, 1680, 9501, 278.91, 74, 0x0000000000000004
2026/09/12 02:13:38.155, 4, 1, 0, 210, 405, 24.78, 36, 0x0000000000000001
2026/09/12 02:13:38.155, 5, 1, 0, 210, 405, 22.01, 35, 0x0000000000000001
2026/09/12 02:13:38.655, 0, 1, 0, 210, 405, 22.11, 34, 0x0000000000000001
2026/09/12 02:13:38.655, 1, 22732, 100, 1590, 9501, 279.71, 68, 0x0000000000000004
2026/09/12 02:13:38.656, 2, 1, 0, 210, 405, 21.63, 34, 0x0000000000000001
2026/09/12 02:13:38.656, 3, 14254, 89, 1680, 9501, 279.68, 74, 0x0000000000000004
2026/09/12 02:13:38.656, 4, 1, 0, 210, 405, 24.71, 36, 0x0000000000000001
2026/09/12 02:13:38.656, 5, 1, 0, 210, 405, 22.13, 35, 0x0000000000000001
2026/09/12 02:13:39.157, 0, 1, 0, 210, 405, 22.11, 34, 0x0000000000000001
2026/09/12 02:13:39.157, 1, 22732, 100, 1590, 9501, 279.36, 68, 0x0000000000000004
2026/09/12 02:13:39.157, 2, 1, 0, 210, 405, 21.63, 34, 0x0000000000000001
2026/09/12 02:13:39.157, 3, 14254, 85, 1545, 9501, 278.33, 74, 0x0000000000000004
2026/09/12 02:13:39.157, 4, 1, 0, 210, 405, 24.71, 35, 0x0000000000000001
2026/09/12 02:13:39.158, 5, 1, 0, 210, 405, 22.13, 35, 0x0000000000000001
2026/09/12 02:13:39.658, 0, 1, 0, 210, 405, 22.24, 34, 0x0000000000000001
2026/09/12 02:13:39.658, 1, 22732, 100, 1590, 9501, 279.47, 68, 0x0000000000000004
2026/09/12 02:13:39.658, 2, 1, 0, 210, 405, 21.47, 34, 0x0000000000000001
2026/09/12 02:13:39.659, 3, 14254, 86, 1695, 9501, 279.20, 74, 0x0000000000000004
2026/09/12 02:13:39.659, 4, 1, 0, 210, 405, 24.70, 35, 0x0000000000000001
2026/09/12 02:13:39.659, 5, 1, 0, 210, 405, 22.35, 35, 0x0000000000000001
2026/09/12 02:13:40.159, 0, 1, 0, 210, 405, 22.24, 34, 0x0000000000000001
2026/09/12 02:13:40.160, 1, 22732, 100, 1590, 9501, 279.16, 68, 0x0000000000000004
2026/09/12 02:13:40.160, 2, 1, 0, 210, 405, 21.47, 34, 0x0000000000000001
2026/09/12 02:13:40.160, 3, 14254, 88, 1650, 9501, 279.25, 74, 0x0000000000000004
2026/09/12 02:13:40.160, 4, 1, 0, 210, 405, 24.70, 35, 0x0000000000000001
2026/09/12 02:13:40.160, 5, 1, 0, 210, 405, 22.35, 35, 0x0000000000000001
2026/09/12 02:13:40.661, 0, 1, 0, 210, 405, 22.14, 34, 0x0000000000000001
2026/09/12 02:13:40.661, 1, 22732, 100, 1590, 9501, 279.40, 68, 0x0000000000000004
2026/09/12 02:13:40.661, 2, 1, 0, 210, 405, 21.39, 34, 0x0000000000000001
2026/09/12 02:13:40.661, 3, 14254, 86, 1680, 9501, 279.14, 74, 0x0000000000000004
2026/09/12 02:13:40.662, 4, 1, 0, 210, 405, 24.58, 35, 0x0000000000000001
2026/09/12 02:13:40.662, 5, 1, 0, 210, 405, 22.33, 35, 0x0000000000000001
2026/09/12 02:13:41.162, 0, 1, 0, 210, 405, 22.14, 34, 0x0000000000000001
2026/09/12 02:13:41.162, 1, 22732, 100, 1590, 9501, 279.42, 68, 0x0000000000000004
2026/09/12 02:13:41.163, 2, 1, 0, 210, 405, 21.39, 34, 0x0000000000000001
2026/09/12 02:13:41.163, 3, 14254, 83, 1695, 9501, 278.77, 74, 0x0000000000000004
2026/09/12 02:13:41.163, 4, 1, 0, 210, 405, 24.58, 35, 0x0000000000000001
2026/09/12 02:13:41.163, 5, 1, 0, 210, 405, 22.33, 35, 0x0000000000000001
2026/09/12 02:13:41.664, 0, 1, 0, 210, 405, 22.09, 34, 0x0000000000000001
2026/09/12 02:13:41.664, 1, 22732, 100, 1590, 9501, 279.43, 68, 0x0000000000000004
2026/09/12 02:13:41.664, 2, 1, 0, 210, 405, 21.41, 34, 0x0000000000000001
2026/09/12 02:13:41.664, 3, 14254, 92, 1695, 9501, 279.47, 74, 0x0000000000000004
2026/09/12 02:13:41.664, 4, 1, 0, 210, 405, 24.84, 35, 0x0000000000000001
2026/09/12 02:13:41.665, 5, 1, 0, 210, 405, 22.33, 35, 0x0000000000000001
2026/09/12 02:13:42.165, 0, 1, 0, 210, 405, 22.09, 34, 0x0000000000000001
2026/09/12 02:13:42.165, 1, 22732, 100, 1590, 9501, 279.42, 68, 0x0000000000000004
2026/09/12 02:13:42.165, 2, 1, 0, 210, 405, 21.41, 34, 0x0000000000000001
2026/09/12 02:13:42.166, 3, 14254, 88, 1620, 9501, 279.70, 75, 0x0000000000000004
2026/09/12 02:13:42.166, 4, 1, 0, 210, 405, 24.84, 36, 0x0000000000000001
2026/09/12 02:13:42.166, 5, 1, 0, 210, 405, 22.33, 35, 0x0000000000000001
2026/09/12 02:13:42.666, 0, 1, 0, 210, 405, 22.12, 34, 0x0000000000000001
2026/09/12 02:13:42.667, 1, 22732, 100, 1590, 9501, 279.66, 68, 0x0000000000000004
2026/09/12 02:13:42.667, 2, 1, 0, 210, 405, 21.63, 34, 0x0000000000000001
2026/09/12 02:13:42.667, 3, 14254, 87, 1695, 9501, 278.36, 74, 0x0000000000000004
2026/09/12 02:13:42.667, 4, 1, 0, 210, 405, 24.97, 36, 0x0000000000000004
2026/09/12 02:13:42.667, 5, 1, 0, 210, 405, 22.32, 35, 0x0000000000000001
2026/09/12 02:13:43.168, 0, 1, 0, 210, 405, 22.12, 34, 0x0000000000000001
2026/09/12 02:13:43.168, 1, 22732, 100, 1590, 9501, 279.25, 68, 0x0000000000000004
2026/09/12 02:13:43.168, 2, 1, 0, 210, 405, 21.63, 34, 0x0000000000000001
2026/09/12 02:13:43.168, 3, 14254, 88, 1665, 9501, 279.50, 74, 0x0000000000000004
2026/09/12 02:13:43.169, 4, 1, 0, 210, 405, 24.97, 36, 0x0000000000000004
2026/09/12 02:13:43.169, 5, 1, 0, 210, 405, 22.32, 35, 0x0000000000000001
2026/09/12 02:13:43.669, 0, 1, 0, 210, 405, 21.88, 34, 0x0000000000000001
2026/09/12 02:13:43.669, 1, 22732, 100, 1590, 9501, 279.53, 68, 0x0000000000000004
2026/09/12 02:13:43.670, 2, 1, 0, 210, 405, 21.69, 34, 0x0000000000000001
2026/09/12 02:13:43.670, 3, 14254, 85, 1680, 9501, 279.30, 74, 0x0000000000000004
2026/09/12 02:13:43.670, 4, 1, 0, 210, 405, 24.75, 36, 0x0000000000000004
2026/09/12 02:13:43.670, 5, 1, 0, 210, 405, 22.18, 35, 0x0000000000000001
2026/09/12 02:13:44.170, 0, 1, 0, 210, 405, 21.88, 34, 0x0000000000000001
2026/09/12 02:13:44.171, 1, 22732, 100, 1605, 9501, 279.31, 68, 0x0000000000000004
2026/09/12 02:13:44.171, 2, 1, 0, 210, 405, 21.69, 34, 0x0000000000000001
2026/09/12 02:13:44.171, 3, 14254, 87, 1695, 9501, 278.93, 74, 0x0000000000000004
2026/09/12 02:13:44.171, 4, 1, 0, 210, 405, 24.75, 35, 0x0000000000000004
2026/09/12 02:13:44.171, 5, 1, 0, 210, 405, 22.18, 35, 0x0000000000000001
2026/09/12 02:13:44.672, 0, 1, 0, 210, 405, 21.90, 34, 0x0000000000000001
2026/09/12 02:13:44.672, 1, 22732, 100, 1605, 9501, 279.15, 69, 0x0000000000000004
2026/09/12 02:13:44.672, 2, 1, 0, 210, 405, 21.63, 34, 0x0000000000000001
2026/09/12 02:13:44.673, 3, 14254, 86, 1710, 9501, 279.37, 74, 0x0000000000000004
2026/09/12 02:13:44.673, 4, 1, 0, 210, 405, 24.82, 35, 0x0000000000000001
2026/09/12 02:13:44.673, 5, 1, 0, 210, 405, 22.21, 35, 0x0000000000000001
2026/09/12 02:13:45.173, 0, 1, 0, 210, 405, 21.90, 34, 0x0000000000000001
2026/09/12 02:13:45.173, 1, 22732, 100, 1590, 9501, 279.51, 68, 0x0000000000000004
2026/09/12 02:13:45.174, 2, 1, 0, 210, 405, 21.63, 34, 0x0000000000000001
2026/09/12 02:13:45.174, 3, 14254, 90, 1635, 9501, 280.46, 75, 0x0000000000000004
2026/09/12 02:13:45.174, 4, 1, 0, 210, 405, 24.82, 35, 0x0000000000000001
2026/09/12 02:13:45.174, 5, 1, 0, 210, 405, 22.21, 35, 0x0000000000000001
2026/09/12 02:13:45.675, 0, 1, 0, 210, 405, 22.13, 34, 0x0000000000000001
2026/09/12 02:13:45.675, 1, 22732, 100, 1590, 9501, 279.48, 69, 0x0000000000000004
2026/09/12 02:13:45.675, 2, 1, 0, 210, 405, 21.48, 34, 0x0000000000000001
2026/09/12 02:13:45.675, 3, 14254, 88, 1470, 9501, 279.09, 74, 0x0000000000000004
2026/09/12 02:13:45.675, 4, 1, 0, 210, 405, 24.80, 35, 0x0000000000000001
2026/09/12 02:13:45.675, 5, 1, 0, 210, 405, 22.32, 35, 0x0000000000000001
2026/09/12 02:13:46.175, 0, 1, 0, 210, 405, 22.13, 34, 0x0000000000000001
2026/09/12 02:13:46.176, 1, 22732, 100, 1590, 9501, 279.37, 69, 0x0000000000000004
2026/09/12 02:13:46.176, 2, 1, 0, 210, 405, 21.48, 34, 0x0000000000000001
2026/09/12 02:13:46.176, 3, 14254, 88, 1725, 9501, 279.32, 74, 0x0000000000000004
2026/09/12 02:13:46.176, 4, 1, 0, 210, 405, 24.80, 35, 0x0000000000000001
2026/09/12 02:13:46.176, 5, 1, 0, 210, 405, 22.32, 35, 0x0000000000000001
2026/09/12 02:13:46.677, 0, 1, 0, 210, 405, 21.95, 34, 0x0000000000000001
2026/09/12 02:13:46.677, 1, 22732, 100, 1590, 9501, 279.46, 69, 0x0000000000000004
2026/09/12 02:13:46.677, 2, 1, 0, 210, 405, 21.29, 34, 0x0000000000000001
2026/09/12 02:13:46.677, 3, 14254, 83, 1665, 9501, 279.53, 74, 0x0000000000000004
2026/09/12 02:13:46.678, 4, 1, 0, 210, 405, 24.77, 35, 0x0000000000000001
2026/09/12 02:13:46.678, 5, 1, 0, 210, 405, 22.17, 35, 0x0000000000000001
2026/09/12 02:13:47.178, 0, 1, 0, 210, 405, 21.95, 34, 0x0000000000000001
2026/09/12 02:13:47.178, 1, 22732, 100, 1500, 9501, 279.49, 68, 0x0000000000000004
2026/09/12 02:13:47.179, 2, 1, 0, 210, 405, 21.29, 34, 0x0000000000000001
2026/09/12 02:13:47.179, 3, 14254, 87, 1695, 9501, 278.63, 74, 0x0000000000000004
2026/09/12 02:13:47.179, 4, 1, 0, 210, 405, 24.77, 35, 0x0000000000000001
2026/09/12 02:13:47.179, 5, 1, 0, 210, 405, 22.17, 35, 0x0000000000000001
2026/09/12 02:13:47.679, 0, 1, 0, 210, 405, 21.95, 34, 0x0000000000000001
2026/09/12 02:13:47.680, 1, 22732, 100, 1530, 9501, 279.01, 68, 0x0000000000000004
2026/09/12 02:13:47.680, 2, 1, 0, 210, 405, 21.42, 34, 0x0000000000000001
2026/09/12 02:13:47.680, 3, 14254, 89, 1680, 9501, 279.43, 75, 0x0000000000000004
2026/09/12 02:13:47.680, 4, 1, 0, 210, 405, 24.89, 35, 0x0000000000000001
2026/09/12 02:13:47.681, 5, 1, 0, 210, 405, 22.15, 35, 0x0000000000000001
2026/09/12 02:13:48.181, 0, 1, 0, 210, 405, 21.95, 34, 0x0000000000000001
2026/09/12 02:13:48.181, 1, 22732, 100, 1545, 9501, 279.45, 68, 0x0000000000000004
2026/09/12 02:13:48.181, 2, 1, 0, 210, 405, 21.42, 34, 0x0000000000000001
2026/09/12 02:13:48.182, 3, 14254, 88, 1650, 9501, 280.09, 75, 0x0000000000000004
2026/09/12 02:13:48.182, 4, 1, 0, 210, 405, 24.89, 35, 0x0000000000000001
2026/09/12 02:13:48.182, 5, 1, 0, 210, 405, 22.15, 35, 0x0000000000000001
2026/09/12 02:13:48.682, 0, 1, 0, 210, 405, 22.10, 34, 0x0000000000000001
2026/09/12 02:13:48.683, 1, 22732, 100, 1515, 9501, 279.29, 68, 0x0000000000000004
2026/09/12 02:13:48.683, 2, 1, 0, 210, 405, 21.49, 34, 0x0000000000000001
2026/09/12 02:13:48.683, 3, 14254, 85, 1710, 9501, 279.66, 74, 0x0000000000000004
2026/09/12 02:13:48.683, 4, 1, 0, 210, 405, 24.77, 35, 0x0000000000000001
2026/09/12 02:13:48.683, 5, 1, 0, 210, 405, 22.35, 35, 0x0000000000000001
2026/09/12 02:13:49.184, 0, 1, 0, 210, 405, 22.10, 34, 0x0000000000000001
2026/09/12 02:13:49.184, 1, 22732, 100, 1515, 9501, 279.18, 68, 0x0000000000000004
2026/09/12 02:13:49.184, 2, 1, 0, 210, 405, 21.49, 34, 0x0000000000000001
2026/09/12 02:13:49.184, 3, 14254, 88, 1680, 9501, 279.43, 74, 0x0000000000000004
2026/09/12 02:13:49.184, 4, 1, 0, 210, 405, 24.77, 35, 0x0000000000000001
2026/09/12 02:13:49.185, 5, 1, 0, 210, 405, 22.35, 35, 0x0000000000000001
2026/09/12 02:13:49.685, 0, 1, 0, 210, 405, 21.89, 34, 0x0000000000000001
2026/09/12 02:13:49.685, 1, 22732, 100, 1530, 9501, 279.26, 68, 0x0000000000000004
2026/09/12 02:13:49.685, 2, 1, 0, 210, 405, 21.40, 34, 0x0000000000000001
2026/09/12 02:13:49.686, 3, 14254, 86, 1695, 9501, 279.27, 74, 0x0000000000000004
2026/09/12 02:13:49.686, 4, 1, 0, 210, 405, 24.68, 35, 0x0000000000000001
2026/09/12 02:13:49.686, 5, 1, 0, 210, 405, 22.26, 35, 0x0000000000000001
2026/09/12 02:13:50.186, 0, 1, 0, 210, 405, 21.89, 34, 0x0000000000000001
2026/09/12 02:13:50.187, 1, 22732, 100, 1560, 9501, 278.95, 68, 0x0000000000000004
2026/09/12 02:13:50.187, 2, 1, 0, 210, 405, 21.40, 34, 0x0000000000000001
2026/09/12 02:13:50.187, 3, 14254, 85, 1695, 9501, 278.84, 74, 0x0000000000000004
2026/09/12 02:13:50.187, 4, 1, 0, 210, 405, 24.68, 35, 0x0000000000000001
2026/09/12 02:13:50.187, 5, 1, 0, 210, 405, 22.26, 35, 0x0000000000000001
2026/09/12 02:13:50.688, 0, 1, 0, 210, 405, 21.87, 34, 0x0000000000000001
2026/09/12 02:13:50.688, 1, 22732, 100, 1575, 9501, 278.88, 68, 0x0000000000000004
2026/09/12 02:13:50.688, 2, 1, 0, 210, 405, 21.32, 34, 0x0000000000000001
2026/09/12 02:13:50.688, 3, 14254, 91, 1695, 9501, 279.75, 74, 0x0000000000000004
2026/09/12 02:13:50.688, 4, 1, 0, 210, 405, 24.89, 35, 0x0000000000000001
2026/09/12 02:13:50.689, 5, 1, 0, 210, 405, 22.10, 35, 0x0000000000000001
2026/09/12 02:13:51.189, 0, 1, 0, 210, 405, 21.87, 34, 0x0000000000000001
2026/09/12 02:13:51.189, 1, 22732, 93, 1605, 9501, 277.71, 68, 0x0000000000000004
2026/09/12 02:13:51.190, 2, 1, 0, 210, 405, 21.32, 34, 0x0000000000000001
2026/09/12 02:13:51.190, 3, 14254, 85, 1485, 9501, 279.69, 75, 0x0000000000000004
2026/09/12 02:13:51.190, 4, 1, 0, 210, 405, 24.89, 35, 0x0000000000000001
2026/09/12 02:13:51.190, 5, 1, 0, 210, 405, 22.10, 35, 0x0000000000000001
2026/09/12 02:13:51.690, 0, 1, 0, 210, 405, 22.01, 34, 0x0000000000000001
2026/09/12 02:13:51.691, 1, 22732, 98, 1500, 9501, 279.08, 68, 0x0000000000000004
2026/09/12 02:13:51.691, 2, 1, 0, 210, 405, 21.16, 34, 0x0000000000000001
2026/09/12 02:13:51.691, 3, 14254, 82, 1695, 9501, 278.42, 74, 0x0000000000000004
2026/09/12 02:13:51.691, 4, 1, 0, 210, 405, 24.79, 35, 0x0000000000000004
2026/09/12 02:13:51.691, 5, 1, 0, 210, 405, 22.22, 35, 0x0000000000000001
2026/09/12 02:13:52.192, 0, 1, 0, 210, 405, 22.01, 34, 0x0000000000000001
2026/09/12 02:13:52.192, 1, 22732, 73, 1605, 9501, 278.05, 68, 0x0000000000000004
2026/09/12 02:13:52.192, 2, 1, 0, 210, 405, 21.16, 34, 0x0000000000000001
2026/09/12 02:13:52.192, 3, 14254, 86, 1650, 9501, 279.78, 74, 0x0000000000000004
2026/09/12 02:13:52.193, 4, 1, 0, 210, 405, 24.79, 35, 0x0000000000000004
2026/09/12 02:13:52.193, 5, 1, 0, 210, 405, 22.22, 35, 0x0000000000000001
2026/09/12 02:13:52.693, 0, 1, 0, 210, 405, 21.86, 34, 0x0000000000000001
2026/09/12 02:13:52.693, 1, 22732, 100, 1605, 9501, 277.60, 69, 0x0000000000000004
2026/09/12 02:13:52.694, 2, 1, 0, 210, 405, 21.16, 34, 0x0000000000000001
2026/09/12 02:13:52.694, 3, 14254, 86, 1650, 9501, 278.81, 74, 0x0000000000000004
2026/09/12 02:13:52.694, 4, 1, 0, 210, 405, 24.45, 35, 0x0000000000000004
2026/09/12 02:13:52.694, 5, 1, 0, 210, 405, 22.15, 35, 0x0000000000000001
2026/09/12 02:13:53.194, 0, 1, 0, 210, 405, 21.86, 34, 0x0000000000000001
2026/09/12 02:13:53.195, 1, 22732, 100, 1590, 9501, 277.22, 69, 0x0000000000000004
2026/09/12 02:13:53.195, 2, 1, 0, 210, 405, 21.16, 34, 0x0000000000000001
2026/09/12 02:13:53.195, 3, 14254, 88, 1635, 9501, 280.01, 75, 0x0000000000000004
2026/09/12 02:13:53.195, 4, 1, 0, 210, 405, 24.45, 35, 0x0000000000000004
2026/09/12 02:13:53.195, 5, 1, 0, 210, 405, 22.15, 35, 0x0000000000000001
2026/09/12 02:13:53.696, 0, 1, 0, 210, 405, 21.82, 34, 0x0000000000000001
2026/09/12 02:13:53.696, 1, 22732, 100, 1605, 9501, 279.50, 69, 0x0000000000000004
2026/09/12 02:13:53.696, 2, 1, 0, 210, 405, 21.21, 34, 0x0000000000000001
2026/09/12 02:13:53.696, 3, 14254, 90, 1650, 9501, 280.60, 75, 0x0000000000000004
2026/09/12 02:13:53.697, 4, 1, 0, 210, 405, 24.60, 35, 0x0000000000000001
2026/09/12 02:13:53.697, 5, 1, 0, 210, 405, 22.16, 35, 0x0000000000000001
2026/09/12 02:13:54.197, 0, 1, 0, 210, 405, 21.82, 34, 0x0000000000000001
2026/09/12 02:13:54.197, 1, 22732, 100, 1530, 9501, 279.73, 68, 0x0000000000000004
2026/09/12 02:13:54.198, 2, 1, 0, 210, 405, 21.21, 34, 0x0000000000000001
2026/09/12 02:13:54.198, 3, 14254, 83, 1440, 9501, 279.49, 74, 0x0000000000000004
2026/09/12 02:13:54.198, 4, 1, 0, 210, 405, 24.60, 35, 0x0000000000000001
2026/09/12 02:13:54.198, 5, 1, 0, 210, 405, 22.16, 35, 0x0000000000000001
2026/09/12 02:13:54.699, 0, 1, 0, 210, 405, 21.91, 34, 0x0000000000000001
2026/09/12 02:13:54.699, 1, 22732, 100, 1575, 9501, 279.79, 67, 0x0000000000000004
2026/09/12 02:13:54.699, 2, 1, 0, 210, 405, 21.22, 34, 0x0000000000000001
2026/09/12 02:13:54.699, 3, 14254, 84, 1695, 9501, 279.39, 74, 0x0000000000000004
2026/09/12 02:13:54.700, 4, 1, 0, 210, 405, 24.70, 35, 0x0000000000000004
2026/09/12 02:13:54.700, 5, 1, 0, 210, 405, 22.34, 35, 0x0000000000000001
2026/09/12 02:13:55.200, 0, 1, 0, 210, 405, 21.91, 34, 0x0000000000000001
2026/09/12 02:13:55.200, 1, 22732, 100, 1605, 9501, 275.21, 69, 0x0000000000000004
2026/09/12 02:13:55.200, 2, 1, 0, 210, 405, 21.22, 34, 0x0000000000000001
2026/09/12 02:13:55.201, 3, 14254, 87, 1665, 9501, 279.28, 74, 0x0000000000000004
2026/09/12 02:13:55.201, 4, 1, 0, 210, 405, 24.70, 35, 0x0000000000000004
2026/09/12 02:13:55.201, 5, 1, 0, 210, 405, 22.34, 35, 0x0000000000000001
2026/09/12 02:13:55.701, 0, 1, 0, 210, 405, 21.78, 34, 0x0000000000000001
2026/09/12 02:13:55.702, 1, 22732, 100, 1560, 9501, 274.89, 69, 0x0000000000000004
2026/09/12 02:13:55.702, 2, 1, 0, 210, 405, 21.29, 34, 0x0000000000000001
2026/09/12 02:13:55.702, 3, 14254, 88, 1680, 9501, 278.87, 74, 0x0000000000000004
2026/09/12 02:13:55.702, 4, 1, 0, 210, 405, 24.47, 35, 0x0000000000000004
2026/09/12 02:13:55.702, 5, 1, 0, 210, 405, 22.25, 35, 0x0000000000000001
2026/09/12 02:13:56.203, 0, 1, 0, 210, 405, 21.78, 34, 0x0000000000000001
2026/09/12 02:13:56.203, 1, 22732, 100, 1605, 9501, 279.61, 69, 0x0000000000000004
2026/09/12 02:13:56.203, 2, 1, 0, 210, 405, 21.29, 34, 0x0000000000000001
2026/09/12 02:13:56.203, 3, 14254, 89, 1695, 9501, 279.14, 74, 0x0000000000000004
2026/09/12 02:13:56.204, 4, 1, 0, 210, 405, 24.47, 35, 0x0000000000000004
2026/09/12 02:13:56.204, 5, 1, 0, 210, 405, 22.25, 34, 0x0000000000000001
2026/09/12 02:13:56.704, 0, 1, 0, 210, 405, 21.77, 34, 0x0000000000000001
2026/09/12 02:13:56.704, 1, 22732, 100, 1590, 9501, 278.05, 69, 0x0000000000000004
2026/09/12 02:13:56.705, 2, 1, 0, 210, 405, 21.42, 34, 0x0000000000000001
2026/09/12 02:13:56.705, 3, 14254, 90, 1650, 9501, 280.07, 75, 0x0000000000000004
2026/09/12 02:13:56.705, 4, 1, 0, 210, 405, 24.69, 35, 0x0000000000000001
2026/09/12 02:13:56.705, 5, 1, 0, 210, 405, 22.29, 34, 0x0000000000000001
2026/09/12 02:13:57.206, 0, 1, 0, 210, 405, 21.77, 34, 0x0000000000000001
2026/09/12 02:13:57.206, 1, 22732, 100, 1605, 9501, 279.67, 69, 0x0000000000000004
2026/09/12 02:13:57.206, 2, 1, 0, 210, 405, 21.42, 34, 0x0000000000000001
2026/09/12 02:13:57.206, 3, 14254, 89, 1485, 9501, 278.70, 74, 0x0000000000000004
2026/09/12 02:13:57.206, 4, 1, 0, 210, 405, 24.69, 35, 0x0000000000000001
2026/09/12 02:13:57.207, 5, 1, 0, 210, 405, 22.29, 34, 0x0000000000000001
2026/09/12 02:13:57.707, 0, 1, 0, 210, 405, 21.84, 34, 0x0000000000000001
2026/09/12 02:13:57.707, 1, 22732, 100, 1575, 9501, 278.68, 69, 0x0000000000000004
2026/09/12 02:13:57.707, 2, 1, 0, 210, 405, 21.39, 34, 0x0000000000000001
2026/09/12 02:13:57.708, 3, 14254, 89, 1680, 9501, 279.32, 74, 0x0000000000000004
2026/09/12 02:13:57.708, 4, 1, 0, 210, 405, 24.60, 35, 0x0000000000000004
2026/09/12 02:13:57.708, 5, 1, 0, 210, 405, 22.44, 34, 0x0000000000000001
2026/09/12 02:13:58.208, 0, 1, 0, 210, 405, 21.84, 34, 0x0000000000000001
2026/09/12 02:13:58.209, 1, 22732, 100, 1605, 9501, 279.52, 70, 0x0000000000000004
2026/09/12 02:13:58.209, 2, 1, 0, 210, 405, 21.27, 34, 0x0000000000000001
2026/09/12 02:13:58.209, 3, 14254, 86, 1650, 9501, 279.47, 74, 0x0000000000000004
2026/09/12 02:13:58.209, 4, 1, 0, 210, 405, 24.60, 35, 0x0000000000000004
2026/09/12 02:13:58.209, 5, 1, 0, 210, 405, 22.44, 34, 0x0000000000000001
2026/09/12 02:13:58.710, 0, 1, 0, 210, 405, 21.66, 34, 0x0000000000000004
2026/09/12 02:13:58.710, 1, 22732, 100, 1590, 9501, 278.94, 70, 0x0000000000000004
2026/09/12 02:13:58.710, 2, 1, 0, 210, 405, 21.27, 34, 0x0000000000000001
2026/09/12 02:13:58.710, 3, 14254, 87, 1665, 9501, 278.80, 74, 0x0000000000000004
2026/09/12 02:13:58.711, 4, 1, 0, 210, 405, 24.52, 35, 0x0000000000000001
2026/09/12 02:13:58.711, 5, 1, 0, 210, 405, 22.34, 34, 0x0000000000000001
2026/09/12 02:13:59.211, 0, 1, 0, 210, 405, 21.66, 34, 0x0000000000000004
2026/09/12 02:13:59.211, 1, 22732, 100, 1605, 9501, 279.41, 70, 0x0000000000000004
2026/09/12 02:13:59.211, 2, 1, 0, 210, 405, 21.26, 34, 0x0000000000000001
2026/09/12 02:13:59.211, 3, 14254, 89, 1695, 9501, 278.90, 74, 0x0000000000000004
2026/09/12 02:13:59.212, 4, 1, 0, 210, 405, 24.52, 35, 0x0000000000000001
2026/09/12 02:13:59.212, 5, 1, 0, 210, 405, 22.34, 34, 0x0000000000000001
2026/09/12 02:13:59.712, 0, 1, 0, 210, 405, 21.68, 34, 0x0000000000000001
2026/09/12 02:13:59.712, 1, 22732, 100, 1590, 9501, 279.30, 70, 0x0000000000000004
2026/09/12 02:13:59.713, 2, 1, 0, 210, 405, 21.26, 34, 0x0000000000000001
2026/09/12 02:13:59.713, 3, 14254, 92, 1680, 9501, 279.55, 74, 0x0000000000000004
2026/09/12 02:13:59.713, 4, 1, 0, 210, 405, 24.62, 35, 0x0000000000000004
2026/09/12 02:13:59.713, 5, 1, 0, 210, 405, 22.35, 34, 0x0000000000000001
2026/09/12 02:14:00.213, 0, 1, 0, 210, 405, 21.68, 34, 0x0000000000000001
2026/09/12 02:14:00.214, 1, 22732, 100, 1590, 9501, 279.75, 70, 0x0000000000000004
2026/09/12 02:14:00.214, 2, 1, 0, 210, 405, 21.27, 34, 0x0000000000000001
2026/09/12 02:14:00.214, 3, 14254, 87, 1545, 9501, 279.73, 75, 0x0000000000000004
2026/09/12 02:14:00.214, 4, 1, 0, 210, 405, 24.62, 35, 0x0000000000000004
2026/09/12 02:14:00.215, 5, 1, 0, 210, 405, 22.35, 34, 0x0000000000000001
2026/09/12 02:14:00.715, 0, 1, 0, 210, 405, 21.89, 34, 0x0000000000000001
2026/09/12 02:14:00.715, 1, 22732, 100, 1590, 9501, 279.43, 70, 0x0000000000000004
2026/09/12 02:14:00.715, 2, 1, 0, 210, 405, 21.27, 34, 0x0000000000000001
2026/09/12 02:14:00.716, 3, 14254, 87, 1695, 9501, 278.82, 74, 0x0000000000000004
2026/09/12 02:14:00.716, 4, 1, 0, 210, 405, 24.74, 35, 0x0000000000000001
2026/09/12 02:14:00.716, 5, 1, 0, 210, 405, 22.54, 34, 0x0000000000000001
2026/09/12 02:14:01.216, 0, 1, 0, 210, 405, 21.89, 34, 0x0000000000000001
2026/09/12 02:14:01.217, 1, 22732, 100, 1590, 9501, 279.50, 70, 0x0000000000000004
2026/09/12 02:14:01.217, 2, 1, 0, 210, 405, 21.24, 34, 0x0000000000000001
2026/09/12 02:14:01.217, 3, 14254, 87, 1635, 9501, 279.55, 74, 0x0000000000000004
2026/09/12 02:14:01.217, 4, 1, 0, 210, 405, 24.74, 35, 0x0000000000000001
2026/09/12 02:14:01.217, 5, 1, 0, 210, 405, 22.54, 34, 0x0000000000000001
2026/09/12 02:14:01.718, 0, 1, 0, 210, 405, 21.78, 34, 0x0000000000000001
2026/09/12 02:14:01.718, 1, 22732, 100, 1590, 9501, 279.06, 70, 0x0000000000000004
2026/09/12 02:14:01.718, 2, 1, 0, 210, 405, 21.24, 34, 0x0000000000000001
2026/09/12 02:14:01.718, 3, 14254, 83, 1680, 9501, 278.62, 74, 0x0000000000000004
2026/09/12 02:14:01.718, 4, 1, 0, 210, 405, 24.85, 35, 0x0000000000000004
2026/09/12 02:14:01.719, 5, 1, 0, 210, 405, 22.47, 34, 0x0000000000000001
2026/09/12 02:14:02.219, 0, 1, 0, 210, 405, 21.78, 34, 0x0000000000000001
2026/09/12 02:14:02.219, 1, 22732, 100, 1590, 9501, 279.55, 70, 0x0000000000000004
2026/09/12 02:14:02.220, 2, 1, 0, 210, 405, 21.25, 34, 0x0000000000000001
2026/09/12 02:14:02.220, 3, 14254, 87, 1710, 9501, 279.09, 74, 0x0000000000000004
2026/09/12 02:14:02.220, 4, 1, 0, 210, 405, 24.85, 35, 0x0000000000000004
2026/09/12 02:14:02.220, 5, 1, 0, 210, 405, 22.47, 34, 0x0000000000000001
2026/09/12 02:14:02.720, 0, 1, 0, 210, 405, 21.79, 34, 0x0000000000000001
2026/09/12 02:14:02.721, 1, 22732, 100, 1575, 9501, 279.47, 70, 0x0000000000000004
2026/09/12 02:14:02.721, 2, 1, 0, 210, 405, 21.25, 34, 0x0000000000000001
2026/09/12 02:14:02.721, 3, 14254, 91, 1695, 9501, 278.95, 74, 0x0000000000000004
2026/09/12 02:14:02.721, 4, 1, 0, 210, 405, 24.52, 35, 0x0000000000000004
2026/09/12 02:14:02.721, 5, 1, 0, 210, 405, 22.53, 34, 0x0000000000000001
2026/09/12 02:14:03.222, 0, 1, 0, 210, 405, 21.79, 34, 0x0000000000000001
2026/09/12 02:14:03.222, 1, 22732, 100, 1470, 9501, 279.77, 69, 0x0000000000000004
2026/09/12 02:14:03.222, 2, 1, 0, 210, 405, 21.27, 34, 0x0000000000000001
2026/09/12 02:14:03.222, 3, 14254, 86, 1620, 9501, 280.70, 75, 0x0000000000000004
2026/09/12 02:14:03.223, 4, 1, 0, 210, 405, 24.52, 35, 0x0000000000000004
2026/09/12 02:14:03.223, 5, 1, 0, 210, 405, 22.53, 34, 0x0000000000000001
2026/09/12 02:14:03.723, 0, 1, 0, 210, 405, 21.96, 34, 0x0000000000000001
2026/09/12 02:14:03.723, 1, 22732, 100, 1500, 9501, 279.60, 68, 0x0000000000000004
2026/09/12 02:14:03.724, 2, 1, 0, 210, 405, 21.27, 34, 0x0000000000000001
2026/09/12 02:14:03.724, 3, 14254, 85, 1740, 9501, 278.13, 74, 0x0000000000000004
2026/09/12 02:14:03.724, 4, 1, 0, 210, 405, 24.72, 35, 0x0000000000000001
2026/09/12 02:14:03.724, 5, 1, 0, 210, 405, 22.63, 34, 0x0000000000000001
2026/09/12 02:14:04.225, 0, 1, 0, 210, 405, 21.96, 34, 0x0000000000000001
2026/09/12 02:14:04.225, 1, 22732, 100, 1605, 9501, 275.74, 69, 0x0000000000000004
2026/09/12 02:14:04.225, 2, 1, 0, 210, 405, 21.31, 34, 0x0000000000000001
2026/09/12 02:14:04.225, 3, 14254, 85, 1665, 9501, 279.52, 74, 0x0000000000000004
2026/09/12 02:14:04.226, 4, 1, 0, 210, 405, 24.72, 35, 0x0000000000000001
2026/09/12 02:14:04.226, 5, 1, 0, 210, 405, 22.63, 34, 0x0000000000000001
2026/09/12 02:14:04.726, 0, 1, 0, 210, 405, 21.79, 34, 0x0000000000000001
2026/09/12 02:14:04.726, 1, 22732, 100, 1605, 9501, 277.35, 70, 0x0000000000000004
2026/09/12 02:14:04.726, 2, 1, 0, 210, 405, 21.31, 34, 0x0000000000000001
2026/09/12 02:14:04.727, 3, 14254, 86, 1650, 9501, 278.95, 74, 0x0000000000000004
2026/09/12 02:14:04.727, 4, 1, 0, 210, 405, 24.84, 35, 0x0000000000000004
2026/09/12 02:14:04.727, 5, 1, 0, 210, 405, 22.43, 34, 0x0000000000000001
2026/09/12 02:14:05.227, 0, 1, 0, 210, 405, 21.79, 34, 0x0000000000000001
2026/09/12 02:14:05.228, 1, 22732, 100, 1605, 9501, 279.52, 70, 0x0000000000000004
2026/09/12 02:14:05.228, 2, 1, 0, 210, 405, 21.27, 34, 0x0000000000000001
2026/09/12 02:14:05.228, 3, 14254, 87, 1680, 9501, 279.46, 74, 0x0000000000000004
2026/09/12 02:14:05.228, 4, 1, 0, 210, 405, 24.84, 35, 0x0000000000000004
2026/09/12 02:14:05.228, 5, 1, 0, 210, 405, 22.43, 34, 0x0000000000000001
2026/09/12 02:14:05.729, 0, 1, 0, 210, 405, 21.77, 34, 0x0000000000000001
2026/09/12 02:14:05.729, 1, 22732, 100, 1560, 9501, 279.82, 70, 0x0000000000000004
2026/09/12 02:14:05.729, 2, 1, 0, 210, 405, 21.27, 34, 0x0000000000000001
2026/09/12 02:14:05.729, 3, 14254, 93, 1665, 9501, 279.50, 75, 0x0000000000000004
2026/09/12 02:14:05.730, 4, 1, 0, 210, 405, 24.60, 35, 0x0000000000000004
2026/09/12 02:14:05.730, 5, 1, 0, 210, 405, 22.38, 34, 0x0000000000000001
2026/09/12 02:14:06.230, 0, 1, 0, 210, 405, 21.77, 34, 0x0000000000000001
2026/09/12 02:14:06.230, 1, 22732, 100, 1605, 9501, 279.32, 70, 0x0000000000000004
2026/09/12 02:14:06.231, 2, 1, 0, 210, 405, 21.23, 34, 0x0000000000000001
2026/09/12 02:14:06.231, 3, 14254, 87, 1500, 9501, 280.03, 75, 0x0000000000000004
2026/09/12 02:14:06.231, 4, 1, 0, 210, 405, 24.60, 35, 0x0000000000000004
2026/09/12 02:14:06.231, 5, 1, 0, 210, 405, 22.38, 34, 0x0000000000000001
2026/09/12 02:14:06.731, 0, 1, 0, 210, 405, 22.02, 34, 0x0000000000000001
2026/09/12 02:14:06.732, 1, 22732, 100, 1575, 9501, 279.57, 70, 0x0000000000000004
2026/09/12 02:14:06.732, 2, 1, 0, 210, 405, 21.23, 34, 0x0000000000000001
2026/09/12 02:14:06.732, 3, 14254, 89, 1725, 9501, 279.62, 74, 0x0000000000000004
2026/09/12 02:14:06.732, 4, 1, 0, 210, 405, 24.78, 35, 0x0000000000000001
2026/09/12 02:14:06.732, 5, 1, 0, 210, 405, 22.44, 34, 0x0000000000000001
2026/09/12 02:14:07.233, 0, 1, 0, 210, 405, 22.02, 34, 0x0000000000000001
2026/09/12 02:14:07.233, 1, 22732, 100, 1590, 9501, 279.68, 70, 0x0000000000000004
2026/09/12 02:14:07.233, 2, 1, 0, 210, 405, 21.25, 34, 0x0000000000000001
2026/09/12 02:14:07.234, 3, 14254, 84, 1680, 9501, 279.19, 74, 0x0000000000000004
2026/09/12 02:14:07.234, 4, 1, 0, 210, 405, 24.78, 35, 0x0000000000000001
2026/09/12 02:14:07.234, 5, 1, 0, 210, 405, 22.44, 34, 0x0000000000000001
2026/09/12 02:14:07.734, 0, 1, 0, 210, 405, 21.88, 34, 0x0000000000000001
2026/09/12 02:14:07.735, 1, 22732, 100, 1575, 9501, 279.34, 70, 0x0000000000000004
2026/09/12 02:14:07.735, 2, 1, 0, 210, 405, 21.25, 34, 0x0000000000000001
2026/09/12 02:14:07.735, 3, 14254, 87, 1695, 9501, 279.14, 74, 0x0000000000000004
2026/09/12 02:14:07.735, 4, 1, 0, 210, 405, 24.86, 35, 0x0000000000000004
2026/09/12 02:14:07.735, 5, 1, 0, 210, 405, 22.33, 34, 0x0000000000000004
2026/09/12 02:14:08.236, 0, 1, 0, 210, 405, 21.88, 34, 0x0000000000000001
2026/09/12 02:14:08.236, 1, 22732, 100, 1590, 9501, 279.51, 70, 0x0000000000000004
2026/09/12 02:14:08.236, 2, 1, 0, 210, 405, 21.22, 34, 0x0000000000000001
2026/09/12 02:14:08.236, 3, 14254, 89, 1680, 9501, 278.92, 74, 0x0000000000000004
2026/09/12 02:14:08.237, 4, 1, 0, 210, 405, 24.86, 35, 0x0000000000000004
2026/09/12 02:14:08.237, 5, 1, 0, 210, 405, 22.33, 34, 0x0000000000000004
2026/09/12 02:14:08.737, 0, 1, 0, 210, 405, 21.83, 34, 0x0000000000000001
2026/09/12 02:14:08.738, 1, 22732, 100, 1590, 9501, 279.16, 70, 0x0000000000000004
2026/09/12 02:14:08.738, 2, 1, 0, 210, 405, 21.22, 34, 0x0000000000000001
2026/09/12 02:14:08.738, 3, 14254, 91, 1695, 9501, 279.83, 74, 0x0000000000000004
2026/09/12 02:14:08.738, 4, 1, 0, 210, 405, 24.58, 35, 0x0000000000000004
2026/09/12 02:14:08.738, 5, 1, 0, 210, 405, 22.35, 34, 0x0000000000000001
2026/09/12 02:14:09.239, 0, 1, 0, 210, 405, 21.83, 34, 0x0000000000000001
2026/09/12 02:14:09.239, 1, 22732, 100, 1590, 9501, 279.48, 70, 0x0000000000000004
2026/09/12 02:14:09.239, 2, 1, 0, 210, 405, 21.30, 34, 0x0000000000000001
2026/09/12 02:14:09.239, 3, 14254, 82, 1500, 9501, 279.41, 75, 0x0000000000000004
2026/09/12 02:14:09.240, 4, 1, 0, 210, 405, 24.58, 35, 0x0000000000000004
2026/09/12 02:14:09.240, 5, 1, 0, 210, 405, 22.35, 34, 0x0000000000000001
2026/09/12 02:14:09.740, 0, 1, 0, 210, 405, 21.75, 34, 0x0000000000000001
2026/09/12 02:14:09.740, 1, 22732, 100, 1575, 9501, 278.98, 70, 0x0000000000000004
2026/09/12 02:14:09.741, 2, 1, 0, 210, 405, 21.30, 34, 0x0000000000000001
2026/09/12 02:14:09.741, 3, 14254, 88, 1680, 9501, 279.01, 74, 0x0000000000000004
2026/09/12 02:14:09.741, 4, 1, 0, 210, 405, 24.80, 35, 0x0000000000000001
2026/09/12 02:14:09.741, 5, 1, 0, 210, 405, 22.31, 34, 0x0000000000000001
2026/09/12 02:14:10.241, 0, 1, 0, 210, 405, 21.75, 34, 0x0000000000000001
2026/09/12 02:14:10.242, 1, 22732, 100, 1590, 9501, 279.70, 70, 0x0000000000000004
2026/09/12 02:14:10.242, 2, 1, 0, 210, 405, 21.32, 34, 0x0000000000000001
2026/09/12 02:14:10.242, 3, 14254, 87, 1635, 9501, 279.54, 74, 0x0000000000000004
2026/09/12 02:14:10.242, 4, 1, 0, 210, 405, 24.80, 35, 0x0000000000000001
2026/09/12 02:14:10.242, 5, 1, 0, 210, 405, 22.31, 34, 0x0000000000000001
2026/09/12 02:14:10.743, 0, 1, 0, 210, 405, 21.89, 34, 0x0000000000000001
2026/09/12 02:14:10.743, 1, 22732, 100, 1575, 9501, 279.40, 70, 0x0000000000000004
2026/09/12 02:14:10.743, 2, 1, 0, 210, 405, 21.32, 34, 0x0000000000000001
2026/09/12 02:14:10.743, 3, 14254, 88, 1665, 9501, 279.12, 74, 0x0000000000000004
2026/09/12 02:14:10.744, 4, 1, 0, 210, 405, 24.92, 35, 0x0000000000000004
2026/09/12 02:14:10.744, 5, 1, 0, 210, 405, 22.41, 34, 0x0000000000000001
2026/09/12 02:14:11.244, 0, 1, 0, 210, 405, 21.89, 34, 0x0000000000000001
2026/09/12 02:14:11.244, 1, 22732, 100, 1590, 9501, 279.67, 70, 0x0000000000000004
2026/09/12 02:14:11.245, 2, 1, 0, 210, 405, 21.18, 34, 0x0000000000000001
2026/09/12 02:14:11.245, 3, 14254, 89, 1680, 9501, 279.05, 74, 0x0000000000000004
2026/09/12 02:14:11.245, 4, 1, 0, 210, 405, 24.92, 35, 0x0000000000000004
2026/09/12 02:14:11.245, 5, 1, 0, 210, 405, 22.41, 34, 0x0000000000000001
2026/09/12 02:14:11.746, 0, 1, 0, 210, 405, 22.16, 34, 0x0000000000000001
2026/09/12 02:14:11.746, 1, 22732, 100, 1575, 9501, 279.11, 70, 0x0000000000000004
2026/09/12 02:14:11.746, 2, 1, 0, 210, 405, 21.18, 34, 0x0000000000000001
2026/09/12 02:14:11.746, 3, 14254, 90, 1665, 9501, 279.87, 75, 0x0000000000000004
2026/09/12 02:14:11.746, 4, 1, 0, 210, 405, 24.60, 35, 0x0000000000000004
2026/09/12 02:14:11.747, 5, 1, 0, 210, 405, 22.52, 34, 0x0000000000000001
2026/09/12 02:14:12.247, 0, 1, 0, 210, 405, 22.16, 34, 0x0000000000000001
2026/09/12 02:14:12.247, 1, 22732, 100, 1590, 9501, 279.71, 71, 0x0000000000000004
2026/09/12 02:14:12.247, 2, 1, 0, 210, 405, 21.16, 34, 0x0000000000000001
2026/09/12 02:14:12.248, 3, 14254, 88, 1590, 9501, 278.14, 74, 0x0000000000000004
2026/09/12 02:14:12.248, 4, 1, 0, 210, 405, 24.60, 35, 0x0000000000000004
2026/09/12 02:14:12.248, 5, 1, 0, 210, 405, 22.52, 34, 0x0000000000000001
2026/09/12 02:14:12.748, 0, 1, 0, 210, 405, 22.03, 34, 0x0000000000000001
2026/09/12 02:14:12.749, 1, 22732, 100, 1575, 9501, 279.17, 70, 0x0000000000000004
2026/09/12 02:14:12.749, 2, 1, 0, 210, 405, 21.16, 34, 0x0000000000000001
2026/09/12 02:14:12.749, 3, 14254, 85, 1665, 9501, 279.33, 74, 0x0000000000000004
2026/09/12 02:14:12.749, 4, 1, 0, 210, 405, 24.66, 35, 0x0000000000000001
2026/09/12 02:14:12.749, 5, 1, 0, 210, 405, 22.43, 34, 0x0000000000000001
2026/09/12 02:14:13.250, 0, 1, 0, 210, 405, 22.03, 34, 0x0000000000000001
2026/09/12 02:14:13.250, 1, 22732, 100, 1575, 9501, 279.48, 71, 0x0000000000000004
2026/09/12 02:14:13.250, 2, 1, 0, 210, 405, 21.40, 34, 0x0000000000000001
2026/09/12 02:14:13.250, 3, 14254, 88, 1665, 9501, 279.04, 74, 0x0000000000000004
2026/09/12 02:14:13.251, 4, 1, 0, 210, 405, 24.66, 35, 0x0000000000000001
2026/09/12 02:14:13.251, 5, 1, 0, 210, 405, 22.43, 34, 0x0000000000000001
2026/09/12 02:14:13.751, 0, 1, 0, 210, 405, 21.98, 34, 0x0000000000000001
2026/09/12 02:14:13.751, 1, 22732, 100, 1575, 9501, 278.90, 70, 0x0000000000000004
2026/09/12 02:14:13.752, 2, 1, 0, 210, 405, 21.40, 34, 0x0000000000000001
2026/09/12 02:14:13.752, 3, 14254, 86, 1680, 9501, 278.77, 74, 0x0000000000000004
2026/09/12 02:14:13.752, 4, 1, 0, 210, 405, 24.65, 35, 0x0000000000000001
2026/09/12 02:14:13.752, 5, 1, 0, 210, 405, 22.30, 34, 0x0000000000000001
2026/09/12 02:14:14.253, 0, 1, 0, 210, 405, 21.98, 34, 0x0000000000000001
2026/09/12 02:14:14.253, 1, 22732, 100, 1590, 9501, 279.65, 71, 0x0000000000000004
2026/09/12 02:14:14.253, 2, 1, 0, 210, 405, 21.44, 34, 0x0000000000000001
2026/09/12 02:14:14.253, 3, 14254, 88, 1695, 9501, 279.17, 74, 0x0000000000000004
2026/09/12 02:14:14.253, 4, 1, 0, 210, 405, 24.65, 35, 0x0000000000000001
2026/09/12 02:14:14.254, 5, 1, 0, 210, 405, 22.30, 34, 0x0000000000000001
2026/09/12 02:14:14.754, 0, 1, 0, 210, 405, 21.92, 34, 0x0000000000000001
2026/09/12 02:14:14.754, 1, 22732, 100, 1575, 9501, 278.92, 71, 0x0000000000000004
2026/09/12 02:14:14.754, 2, 1, 0, 210, 405, 21.44, 34, 0x0000000000000001
2026/09/12 02:14:14.755, 3, 14254, 92, 1680, 9501, 279.56, 74, 0x0000000000000004
2026/09/12 02:14:14.755, 4, 1, 0, 210, 405, 24.74, 35, 0x0000000000000001
2026/09/12 02:14:14.755, 5, 1, 0, 210, 405, 22.31, 34, 0x0000000000000001
2026/09/12 02:14:15.255, 0, 1, 0, 210, 405, 21.92, 34, 0x0000000000000001
2026/09/12 02:14:15.256, 1, 22732, 100, 1575, 9501, 279.81, 71, 0x0000000000000004
2026/09/12 02:14:15.256, 2, 1, 0, 210, 405, 21.24, 34, 0x0000000000000001
2026/09/12 02:14:15.256, 3, 14254, 84, 1515, 9501, 279.73, 75, 0x0000000000000004
2026/09/12 02:14:15.256, 4, 1, 0, 210, 405, 24.74, 35, 0x0000000000000001
2026/09/12 02:14:15.256, 5, 1, 0, 210, 405, 22.31, 34, 0x0000000000000001
2026/09/12 02:14:15.757, 0, 1, 0, 210, 405, 21.77, 34, 0x0000000000000001
2026/09/12 02:14:15.757, 1, 22732, 100, 1575, 9501, 278.98, 70, 0x0000000000000004
2026/09/12 02:14:15.757, 2, 1, 0, 210, 405, 21.24, 34, 0x0000000000000001
2026/09/12 02:14:15.757, 3, 14254, 84, 1665, 9501, 278.85, 74, 0x0000000000000004
2026/09/12 02:14:15.757, 4, 1, 0, 210, 405, 24.85, 35, 0x0000000000000004
2026/09/12 02:14:15.758, 5, 1, 0, 210, 405, 22.24, 34, 0x0000000000000001
2026/09/12 02:14:16.258, 0, 1, 0, 210, 405, 21.77, 34, 0x0000000000000001
2026/09/12 02:14:16.258, 1, 22732, 100, 1575, 9501, 279.66, 71, 0x0000000000000004
2026/09/12 02:14:16.258, 2, 1, 0, 210, 405, 21.03, 34, 0x0000000000000001
2026/09/12 02:14:16.259, 3, 14254, 87, 1665, 9501, 279.74, 74, 0x0000000000000004
2026/09/12 02:14:16.259, 4, 1, 0, 210, 405, 24.85, 35, 0x0000000000000004
2026/09/12 02:14:16.259, 5, 1, 0, 210, 405, 22.24, 34, 0x0000000000000001
2026/09/12 02:14:16.759, 0, 1, 0, 210, 405, 21.87, 34, 0x0000000000000001
2026/09/12 02:14:16.760, 1, 22732, 100, 1575, 9501, 278.98, 70, 0x0000000000000004
2026/09/12 02:14:16.760, 2, 1, 0, 210, 405, 21.03, 34, 0x0000000000000001
2026/09/12 02:14:16.760, 3, 14254, 85, 1650, 9501, 279.12, 74, 0x0000000000000004
2026/09/12 02:14:16.760, 4, 1, 0, 210, 405, 24.59, 35, 0x0000000000000004
2026/09/12 02:14:16.760, 5, 1, 0, 210, 405, 22.25, 34, 0x0000000000000001
2026/09/12 02:14:17.261, 0, 1, 0, 210, 405, 21.87, 34, 0x0000000000000001
2026/09/12 02:14:17.261, 1, 22732, 100, 1575, 9501, 279.67, 71, 0x0000000000000004
2026/09/12 02:14:17.261, 2, 1, 0, 210, 405, 21.17, 34, 0x0000000000000001
2026/09/12 02:14:17.261, 3, 14254, 87, 1680, 9501, 278.98, 74, 0x0000000000000004
2026/09/12 02:14:17.262, 4, 1, 0, 210, 405, 24.59, 35, 0x0000000000000004
2026/09/12 02:14:17.262, 5, 1, 0, 210, 405, 22.25, 34, 0x0000000000000001
2026/09/12 02:14:17.762, 0, 1, 0, 210, 405, 22.07, 34, 0x0000000000000001
2026/09/12 02:14:17.762, 1, 22732, 100, 1575, 9501, 278.80, 71, 0x0000000000000004
2026/09/12 02:14:17.763, 2, 1, 0, 210, 405, 21.17, 34, 0x0000000000000001
2026/09/12 02:14:17.763, 3, 14254, 89, 1680, 9501, 279.38, 74, 0x0000000000000004
2026/09/12 02:14:17.763, 4, 1, 0, 210, 405, 24.67, 35, 0x0000000000000001
2026/09/12 02:14:17.763, 5, 1, 0, 210, 405, 22.40, 34, 0x0000000000000001
2026/09/12 02:14:18.263, 0, 1, 0, 210, 405, 22.07, 34, 0x0000000000000001
2026/09/12 02:14:18.264, 1, 22732, 100, 1575, 9501, 279.48, 71, 0x0000000000000004
2026/09/12 02:14:18.264, 2, 1, 0, 210, 405, 21.48, 34, 0x0000000000000001
2026/09/12 02:14:18.264, 3, 14254, 87, 1635, 9501, 279.23, 75, 0x0000000000000004
2026/09/12 02:14:18.264, 4, 1, 0, 210, 405, 24.67, 35, 0x0000000000000001
2026/09/12 02:14:18.265, 5, 1, 0, 210, 405, 22.40, 34, 0x0000000000000001
2026/09/12 02:14:18.765, 0, 1, 0, 210, 405, 21.88, 34, 0x0000000000000001
2026/09/12 02:14:18.765, 1, 22732, 100, 1575, 9501, 279.05, 71, 0x0000000000000004
2026/09/12 02:14:18.765, 2, 1, 0, 210, 405, 21.48, 34, 0x0000000000000001
2026/09/12 02:14:18.766, 3, 14254, 86, 1455, 9501, 280.43, 74, 0x0000000000000004
2026/09/12 02:14:18.766, 4, 1, 0, 210, 405, 24.84, 35, 0x0000000000000001
2026/09/12 02:14:18.766, 5, 1, 0, 210, 405, 22.33, 34, 0x0000000000000001
2026/09/12 02:14:19.266, 0, 1, 0, 210, 405, 21.88, 34, 0x0000000000000001
2026/09/12 02:14:19.267, 1, 22732, 100, 1575, 9501, 279.21, 71, 0x0000000000000004
2026/09/12 02:14:19.267, 2, 1, 0, 210, 405, 21.44, 34, 0x0000000000000001
2026/09/12 02:14:19.267, 3, 14254, 88, 1650, 9501, 278.34, 74, 0x0000000000000004
2026/09/12 02:14:19.267, 4, 1, 0, 210, 405, 24.84, 35, 0x0000000000000001
2026/09/12 02:14:19.268, 5, 1, 0, 210, 405, 22.33, 34, 0x0000000000000001
2026/09/12 02:14:19.768, 0, 1, 0, 210, 405, 21.87, 34, 0x0000000000000001
2026/09/12 02:14:19.768, 1, 22732, 100, 1575, 9501, 279.23, 71, 0x0000000000000004
2026/09/12 02:14:19.768, 2, 1, 0, 210, 405, 21.44, 34, 0x0000000000000001
2026/09/12 02:14:19.769, 3, 14254, 86, 1650, 9501, 279.45, 75, 0x0000000000000004
2026/09/12 02:14:19.769, 4, 1, 0, 210, 405, 24.79, 35, 0x0000000000000004
2026/09/12 02:14:19.769, 5, 1, 0, 210, 405, 22.33, 34, 0x0000000000000001
2026/09/12 02:14:20.269, 0, 1, 0, 210, 405, 21.87, 34, 0x0000000000000001
2026/09/12 02:14:20.270, 1, 22732, 100, 1575, 9501, 279.49, 71, 0x0000000000000004
2026/09/12 02:14:20.270, 2, 1, 0, 210, 405, 21.52, 34, 0x0000000000000001
2026/09/12 02:14:20.270, 3, 14254, 86, 1665, 9501, 278.80, 74, 0x0000000000000004
2026/09/12 02:14:20.270, 4, 1, 0, 210, 405, 24.79, 35, 0x0000000000000004
2026/09/12 02:14:20.271, 5, 1, 0, 210, 405, 22.33, 34, 0x0000000000000001
2026/09/12 02:14:20.771, 0, 1, 0, 210, 405, 22.03, 34, 0x0000000000000001
2026/09/12 02:14:20.771, 1, 22732, 100, 1575, 9501, 279.23, 71, 0x0000000000000004
2026/09/12 02:14:20.771, 2, 1, 0, 210, 405, 21.52, 34, 0x0000000000000001
2026/09/12 02:14:20.772, 3, 14254, 92, 1680, 9501, 278.77, 74, 0x0000000000000004
2026/09/12 02:14:20.772, 4, 1, 0, 210, 405, 24.67, 35, 0x0000000000000004
2026/09/12 02:14:20.772, 5, 1, 0, 210, 405, 22.38, 34, 0x0000000000000001
2026/09/12 02:14:21.272, 0, 1, 0, 210, 405, 22.03, 34, 0x0000000000000001
2026/09/12 02:14:21.273, 1, 22732, 100, 1575, 9501, 279.36, 71, 0x0000000000000004
2026/09/12 02:14:21.273, 2, 1, 0, 210, 405, 21.55, 34, 0x0000000000000001
2026/09/12 02:14:21.273, 3, 14254, 88, 1650, 9501, 279.20, 75, 0x0000000000000004
2026/09/12 02:14:21.273, 4, 1, 0, 210, 405, 24.67, 35, 0x0000000000000004
2026/09/12 02:14:21.273, 5, 1, 0, 210, 405, 22.38, 34, 0x0000000000000001
2026/09/12 02:14:21.774, 0, 1, 0, 210, 405, 21.84, 34, 0x0000000000000001
2026/09/12 02:14:21.774, 1, 22732, 100, 1575, 9501, 279.56, 71, 0x0000000000000004
2026/09/12 02:14:21.774, 2, 1, 0, 210, 405, 21.55, 34, 0x0000000000000001
2026/09/12 02:14:21.775, 3, 14254, 87, 1455, 9501, 280.14, 74, 0x0000000000000004
2026/09/12 02:14:21.775, 4, 1, 0, 210, 405, 24.79, 35, 0x0000000000000001
2026/09/12 02:14:21.775, 5, 1, 0, 210, 405, 22.17, 34, 0x0000000000000001
2026/09/12 02:14:22.275, 0, 1, 0, 210, 405, 21.84, 34, 0x0000000000000001
2026/09/12 02:14:22.276, 1, 22732, 100, 1575, 9501, 279.32, 71, 0x0000000000000004
2026/09/12 02:14:22.276, 2, 1, 0, 210, 405, 21.44, 34, 0x0000000000000001
2026/09/12 02:14:22.276, 3, 14254, 84, 1680, 9501, 278.69, 74, 0x0000000000000004
2026/09/12 02:14:22.276, 4, 1, 0, 210, 405, 24.79, 35, 0x0000000000000001
2026/09/12 02:14:22.276, 5, 1, 0, 210, 405, 22.17, 34, 0x0000000000000001
2026/09/12 02:14:22.777, 0, 1, 0, 210, 405, 21.92, 34, 0x0000000000000001
2026/09/12 02:14:22.777, 1, 22732, 100, 1575, 9501, 279.50, 71, 0x0000000000000004
2026/09/12 02:14:22.777, 2, 1, 0, 210, 405, 21.44, 34, 0x0000000000000001
2026/09/12 02:14:22.778, 3, 14254, 87, 1635, 9501, 279.16, 74, 0x0000000000000004
2026/09/12 02:14:22.778, 4, 1, 0, 210, 405, 24.99, 35, 0x0000000000000001
2026/09/12 02:14:22.778, 5, 1, 0, 210, 405, 22.07, 34, 0x0000000000000001
2026/09/12 02:14:23.278, 0, 1, 0, 210, 405, 21.92, 34, 0x0000000000000001
2026/09/12 02:14:23.279, 1, 22732, 100, 1560, 9501, 279.22, 71, 0x0000000000000004
2026/09/12 02:14:23.279, 2, 1, 0, 210, 405, 21.37, 34, 0x0000000000000001
2026/09/12 02:14:23.279, 3, 14254, 88, 1620, 9501, 278.14, 74, 0x0000000000000020
2026/09/12 02:14:23.279, 4, 1, 0, 210, 405, 24.99, 35, 0x0000000000000001
2026/09/12 02:14:23.279, 5, 1, 0, 210, 405, 22.07, 34, 0x0000000000000001
2026/09/12 02:14:23.780, 0, 1, 0, 210, 405, 22.04, 34, 0x0000000000000001
2026/09/12 02:14:23.780, 1, 22732, 100, 1575, 9501, 279.41, 71, 0x0000000000000004
2026/09/12 02:14:23.780, 2, 1, 0, 210, 405, 21.37, 34, 0x0000000000000001
2026/09/12 02:14:23.781, 3, 14254, 92, 1665, 9501, 272.96, 74, 0x0000000000000020
2026/09/12 02:14:23.781, 4, 1, 0, 210, 405, 24.91, 35, 0x0000000000000004
2026/09/12 02:14:23.781, 5, 1, 0, 210, 405, 22.20, 34, 0x0000000000000001
2026/09/12 02:14:24.281, 0, 1, 0, 210, 405, 22.04, 34, 0x0000000000000001
2026/09/12 02:14:24.282, 1, 22732, 100, 1560, 9501, 279.27, 71, 0x0000000000000004
2026/09/12 02:14:24.282, 2, 1, 0, 210, 405, 21.36, 34, 0x0000000000000001
2026/09/12 02:14:24.282, 3, 14254, 87, 1530, 9501, 274.25, 75, 0x0000000000000020
2026/09/12 02:14:24.282, 4, 1, 0, 210, 405, 24.91, 35, 0x0000000000000004
2026/09/12 02:14:24.282, 5, 1, 0, 210, 405, 22.20, 34, 0x0000000000000001
2026/09/12 02:14:24.783, 0, 1, 0, 210, 405, 21.82, 34, 0x0000000000000001
2026/09/12 02:14:24.783, 1, 22732, 100, 1575, 9501, 279.48, 71, 0x0000000000000004
2026/09/12 02:14:24.783, 2, 1, 0, 210, 405, 21.36, 34, 0x0000000000000001
2026/09/12 02:14:24.784, 3, 14254, 86, 1695, 9501, 280.04, 74, 0x0000000000000024
2026/09/12 02:14:24.784, 4, 1, 0, 210, 405, 24.78, 35, 0x0000000000000004
2026/09/12 02:14:24.784, 5, 1, 0, 210, 405, 22.18, 34, 0x0000000000000001
2026/09/12 02:14:25.284, 0, 1, 0, 210, 405, 21.82, 34, 0x0000000000000001
2026/09/12 02:14:25.285, 1, 22732, 100, 1560, 9501, 279.23, 71, 0x0000000000000004
2026/09/12 02:14:25.285, 2, 1, 0, 210, 405, 21.38, 34, 0x0000000000000001
2026/09/12 02:14:25.285, 3, 14254, 87, 1665, 9501, 278.00, 74, 0x0000000000000004
2026/09/12 02:14:25.285, 4, 1, 0, 210, 405, 24.78, 35, 0x0000000000000004
2026/09/12 02:14:25.285, 5, 1, 0, 210, 405, 22.18, 34, 0x0000000000000001
2026/09/12 02:14:25.786, 0, 1, 0, 210, 405, 21.85, 34, 0x0000000000000001
2026/09/12 02:14:25.786, 1, 22732, 100, 1575, 9501, 279.68, 71, 0x0000000000000004
2026/09/12 02:14:25.786, 2, 1, 0, 210, 405, 21.38, 34, 0x0000000000000001
2026/09/12 02:14:25.787, 3, 14254, 86, 1665, 9501, 279.26, 74, 0x0000000000000004
2026/09/12 02:14:25.787, 4, 1, 0, 210, 405, 24.85, 35, 0x0000000000000001
2026/09/12 02:14:25.787, 5, 1, 0, 210, 405, 22.25, 34, 0x0000000000000001
2026/09/12 02:14:26.287, 0, 1, 0, 210, 405, 21.85, 34, 0x0000000000000001
2026/09/12 02:14:26.288, 1, 22732, 100, 1560, 9501, 279.35, 71, 0x0000000000000004
2026/09/12 02:14:26.288, 2, 1, 0, 210, 405, 21.29, 34, 0x0000000000000001
2026/09/12 02:14:26.288, 3, 14254, 87, 1695, 9501, 279.27, 74, 0x0000000000000004
2026/09/12 02:14:26.288, 4, 1, 0, 210, 405, 24.85, 35, 0x0000000000000001
2026/09/12 02:14:26.288, 5, 1, 0, 210, 405, 22.25, 34, 0x0000000000000001
2026/09/12 02:14:26.789, 0, 1, 0, 210, 405, 22.04, 34, 0x0000000000000001
2026/09/12 02:14:26.789, 1, 22732, 100, 1575, 9501, 279.40, 71, 0x0000000000000004
2026/09/12 02:14:26.789, 2, 1, 0, 210, 405, 21.29, 34, 0x0000000000000001
2026/09/12 02:14:26.789, 3, 14254, 88, 1665, 9501, 278.80, 74, 0x0000000000000004
2026/09/12 02:14:26.790, 4, 1, 0, 210, 405, 25.00, 35, 0x0000000000000001
2026/09/12 02:14:26.790, 5, 1, 0, 210, 405, 22.32, 34, 0x0000000000000001
2026/09/12 02:14:27.290, 0, 1, 0, 210, 405, 22.04, 34, 0x0000000000000001
2026/09/12 02:14:27.291, 1, 22732, 100, 1560, 9501, 279.25, 71, 0x0000000000000004
2026/09/12 02:14:27.291, 2, 1, 0, 210, 405, 21.38, 34, 0x0000000000000001
2026/09/12 02:14:27.291, 3, 14254, 87, 1665, 9501, 278.88, 75, 0x0000000000000024
2026/09/12 02:14:27.292, 4, 1, 0, 210, 405, 25.00, 35, 0x0000000000000001
2026/09/12 02:14:27.292, 5, 1, 0, 210, 405, 22.32, 34, 0x0000000000000001
2026/09/12 02:14:27.792, 0, 1, 0, 210, 405, 21.89, 34, 0x0000000000000001
2026/09/12 02:14:27.793, 1, 22732, 100, 1575, 9501, 279.47, 71, 0x0000000000000004
2026/09/12 02:14:27.793, 2, 1, 0, 210, 405, 21.38, 34, 0x0000000000000001
2026/09/12 02:14:27.793, 3, 14254, 89, 1650, 9501, 278.74, 74, 0x0000000000000020
2026/09/12 02:14:27.793, 4, 1, 0, 210, 405, 25.06, 35, 0x0000000000000004
2026/09/12 02:14:27.794, 5, 1, 0, 210, 405, 22.12, 34, 0x0000000000000001
2026/09/12 02:14:28.294, 0, 1, 0, 210, 405, 21.89, 34, 0x0000000000000001
2026/09/12 02:14:28.294, 1, 22732, 100, 1560, 9501, 279.22, 71, 0x0000000000000004
2026/09/12 02:14:28.294, 2, 1, 0, 210, 405, 21.50, 34, 0x0000000000000001
2026/09/12 02:14:28.295, 3, 14254, 87, 1680, 9501, 277.78, 74, 0x0000000000000004
2026/09/12 02:14:28.295, 4, 1, 0, 210, 405, 25.06, 35, 0x0000000000000004
2026/09/12 02:14:28.295, 5, 1, 0, 210, 405, 22.12, 34, 0x0000000000000001
2026/09/12 02:14:28.795, 0, 1, 0, 210, 405, 21.86, 34, 0x0000000000000001
2026/09/12 02:14:28.796, 1, 22732, 100, 1560, 9501, 279.52, 71, 0x0000000000000004
2026/09/12 02:14:28.796, 2, 1, 0, 210, 405, 21.50, 34, 0x0000000000000001
2026/09/12 02:14:28.796, 3, 346, 87, 1635, 9501, 278.46, 74, 0x0000000000000004
2026/09/12 02:14:28.796, 4, 1, 0, 210, 405, 24.88, 35, 0x0000000000000004
2026/09/12 02:14:28.797, 5, 1, 0, 210, 405, 22.16, 34, 0x0000000000000001
2026/09/12 02:14:29.297, 0, 1, 0, 210, 405, 21.86, 34, 0x0000000000000001
2026/09/12 02:14:29.297, 1, 22732, 100, 1560, 9501, 279.05, 71, 0x0000000000000004
2026/09/12 02:14:29.297, 2, 1, 0, 210, 405, 21.42, 34, 0x0000000000000001
2026/09/12 02:14:29.298, 3, 346, 100, 1905, 9501, 249.05, 71, 0x0000000000000024
2026/09/12 02:14:29.298, 4, 1, 0, 210, 405, 24.88, 35, 0x0000000000000004
2026/09/12 02:14:29.298, 5, 1, 0, 210, 405, 22.16, 34, 0x0000000000000001
2026/09/12 02:14:29.798, 0, 1, 0, 210, 405, 22.06, 34, 0x0000000000000001
2026/09/12 02:14:29.799, 1, 22732, 100, 1560, 9501, 279.30, 71, 0x0000000000000004
2026/09/12 02:14:29.799, 2, 1, 0, 210, 405, 21.42, 34, 0x0000000000000001
2026/09/12 02:14:29.799, 3, 1, 0, 1905, 9501, 202.80, 70, 0x0000000000000000
2026/09/12 02:14:29.799, 4, 1, 0, 210, 405, 24.96, 35, 0x0000000000000001
2026/09/12 02:14:29.800, 5, 1, 0, 210, 405, 22.39, 34, 0x0000000000000001
2026/09/12 02:14:30.300, 0, 1, 0, 210, 405, 22.06, 34, 0x0000000000000001
2026/09/12 02:14:30.300, 1, 22732, 100, 1410, 9501, 279.73, 70, 0x0000000000000004
2026/09/12 02:14:30.301, 2, 1, 0, 210, 405, 21.48, 34, 0x0000000000000001
2026/09/12 02:14:30.301, 3, 1, 0, 1905, 9751, 177.65, 69, 0x0000000000000000
2026/09/12 02:14:30.301, 4, 1, 0, 210, 405, 24.96, 35, 0x0000000000000001
2026/09/12 02:14:30.301, 5, 1, 0, 210, 405, 22.39, 34, 0x0000000000000001
2026/09/12 02:14:30.802, 0, 1, 0, 210, 405, 21.95, 34, 0x0000000000000001
2026/09/12 02:14:30.802, 1, 22732, 100, 1470, 9501, 279.48, 69, 0x0000000000000004
2026/09/12 02:14:30.802, 2, 1, 0, 210, 405, 21.48, 34, 0x0000000000000001
2026/09/12 02:14:30.802, 3, 1, 0, 1905, 9751, 173.82, 68, 0x0000000000000000
2026/09/12 02:14:30.803, 4, 1, 0, 210, 405, 25.06, 35, 0x0000000000000004
2026/09/12 02:14:30.803, 5, 1, 0, 210, 405, 22.34, 34, 0x0000000000000001
2026/09/12 02:14:31.303, 0, 1, 0, 210, 405, 21.95, 34, 0x0000000000000001
2026/09/12 02:14:31.304, 1, 22732, 100, 1455, 9501, 279.59, 69, 0x0000000000000004
2026/09/12 02:14:31.304, 2, 1, 0, 210, 405, 21.50, 34, 0x0000000000000001
2026/09/12 02:14:31.304, 3, 1, 0, 1920, 9751, 173.63, 68, 0x0000000000000024
2026/09/12 02:14:31.304, 4, 1, 0, 210, 405, 25.06, 35, 0x0000000000000004
2026/09/12 02:14:31.304, 5, 1, 0, 210, 405, 22.34, 34, 0x0000000000000001
2026/09/12 02:14:31.805, 0, 1, 0, 210, 405, 21.94, 34, 0x0000000000000001
2026/09/12 02:14:31.805, 1, 22732, 100, 1635, 9501, 279.36, 69, 0x0000000000000004
2026/09/12 02:14:31.805, 2, 1, 0, 210, 405, 21.50, 34, 0x0000000000000001
2026/09/12 02:14:31.805, 3, 1, 0, 1920, 9751, 173.63, 68, 0x0000000000000024
2026/09/12 02:14:31.806, 4, 1, 0, 210, 405, 24.75, 35, 0x0000000000000004
2026/09/12 02:14:31.806, 5, 1, 0, 210, 405, 22.45, 34, 0x0000000000000001
2026/09/12 02:14:32.306, 0, 1, 0, 210, 405, 21.94, 34, 0x0000000000000001
2026/09/12 02:14:32.307, 1, 22732, 0, 1905, 9501, 223.44, 64, 0x0000000000000024
2026/09/12 02:14:32.307, 2, 1, 0, 210, 405, 21.36, 34, 0x0000000000000001
2026/09/12 02:14:32.307, 3, 1, 0, 345, 5001, 131.56, 62, 0x0000000000000001
2026/09/12 02:14:32.307, 4, 1, 0, 210, 405, 24.75, 35, 0x0000000000000004
2026/09/12 02:14:32.307, 5, 1, 0, 210, 405, 22.45, 34, 0x0000000000000001
2026/09/12 02:14:32.808, 0, 1, 0, 210, 405, 22.15, 34, 0x0000000000000001
2026/09/12 02:14:32.808, 1, 22732, 0, 1905, 9501, 164.75, 64, 0x0000000000000000
2026/09/12 02:14:32.808, 2, 1, 0, 210, 405, 21.36, 34, 0x0000000000000001
2026/09/12 02:14:32.809, 3, 1, 0, 345, 5001, 131.56, 62, 0x0000000000000001
2026/09/12 02:14:32.809, 4, 1, 0, 210, 405, 24.73, 35, 0x0000000000000001
2026/09/12 02:14:32.809, 5, 1, 0, 210, 405, 22.64, 34, 0x0000000000000001
2026/09/12 02:14:33.309, 0, 1, 0, 210, 405, 22.15, 34, 0x0000000000000001
2026/09/12 02:14:33.310, 1, 22732, 0, 1905, 9501, 153.25, 63, 0x0000000000000000
2026/09/12 02:14:33.310, 2, 1, 0, 210, 405, 21.32, 34, 0x0000000000000001
2026/09/12 02:14:33.310, 3, 1, 0, 225, 5001, 112.45, 60, 0x0000000000000001
2026/09/12 02:14:33.310, 4, 1, 0, 210, 405, 24.73, 35, 0x0000000000000001
2026/09/12 02:14:33.310, 5, 1, 0, 210, 405, 22.64, 34, 0x0000000000000001
2026/09/12 02:14:33.811, 0, 1, 0, 210, 405, 21.99, 34, 0x0000000000000001
2026/09/12 02:14:33.811, 1, 22732, 0, 1905, 9501, 153.25, 63, 0x0000000000000000
2026/09/12 02:14:33.811, 2, 1, 0, 210, 405, 21.32, 34, 0x0000000000000001
2026/09/12 02:14:33.812, 3, 1, 0, 225, 5001, 112.45, 60, 0x0000000000000001
2026/09/12 02:14:33.812, 4, 1, 0, 210, 405, 24.74, 35, 0x0000000000000001
2026/09/12 02:14:33.812, 5, 1, 0, 210, 405, 22.46, 34, 0x0000000000000001
2026/09/12 02:14:34.312, 0, 1, 0, 210, 405, 21.99, 34, 0x0000000000000001
2026/09/12 02:14:34.313, 1, 22732, 0, 1695, 9501, 144.80, 61, 0x0000000000000000
2026/09/12 02:14:34.313, 2, 1, 0, 210, 405, 21.30, 34, 0x0000000000000001
2026/09/12 02:14:34.313, 3, 1, 0, 210, 810, 81.35, 59, 0x0000000000000001
2026/09/12 02:14:34.313, 4, 1, 0, 210, 405, 24.74, 35, 0x0000000000000001
2026/09/12 02:14:34.314, 5, 1, 0, 210, 405, 22.46, 34, 0x0000000000000001
2026/09/12 02:14:34.814, 0, 1, 0, 210, 405, 21.99, 33, 0x0000000000000001
2026/09/12 02:14:34.814, 1, 22732, 0, 1695, 9501, 144.80, 61, 0x0000000000000000
2026/09/12 02:14:34.815, 2, 1, 0, 210, 405, 21.30, 34, 0x0000000000000001
2026/09/12 02:14:34.815, 3, 1, 0, 210, 810, 81.35, 59, 0x0000000000000001
2026/09/12 02:14:34.815, 4, 1, 0, 210, 405, 24.74, 35, 0x0000000000000001
2026/09/12 02:14:34.815, 5, 1, 0, 210, 405, 22.45, 34, 0x0000000000000001
2026/09/12 02:14:35.316, 0, 1, 0, 210, 405, 21.99, 33, 0x0000000000000001
2026/09/12 02:14:35.316, 1, 22732, 0, 1695, 9501, 132.38, 60, 0x0000000000000000
2026/09/12 02:14:35.316, 2, 1, 0, 210, 405, 21.25, 34, 0x0000000000000001
2026/09/12 02:14:35.316, 3, 1, 0, 210, 810, 54.14, 54, 0x0000000000000001
2026/09/12 02:14:35.317, 4, 1, 0, 210, 405, 24.74, 35, 0x0000000000000001
2026/09/12 02:14:35.317, 5, 1, 0, 210, 405, 22.45, 34, 0x0000000000000001
2026/09/12 02:14:35.817, 0, 1, 0, 210, 405, 22.16, 33, 0x0000000000000001
2026/09/12 02:14:35.818, 1, 22732, 0, 1695, 9501, 132.38, 60, 0x0000000000000000
2026/09/12 02:14:35.818, 2, 1, 0, 210, 405, 21.25, 34, 0x0000000000000001
2026/09/12 02:14:35.818, 3, 1, 0, 210, 810, 54.14, 54, 0x0000000000000001
2026/09/12 02:14:35.818, 4, 1, 0, 210, 405, 24.81, 35, 0x0000000000000001
2026/09/12 02:14:35.818, 5, 1, 0, 210, 405, 22.68, 34, 0x0000000000000001
2026/09/12 02:14:36.319, 0, 1, 0, 210, 405, 22.16, 33, 0x0000000000000001
2026/09/12 02:14:36.319, 1, 22732, 0, 1695, 9501, 120.28, 59, 0x0000000000000000
2026/09/12 02:14:36.319, 2, 1, 0, 210, 405, 21.18, 34, 0x0000000000000001
2026/09/12 02:14:36.319, 3, 1, 0, 210, 405, 40.09, 54, 0x0000000000000001
2026/09/12 02:14:36.320, 4, 1, 0, 210, 405, 24.81, 35, 0x0000000000000001
2026/09/12 02:14:36.320, 5, 1, 0, 210, 405, 22.68, 34, 0x0000000000000001
2026/09/12 02:14:36.820, 0, 1, 0, 210, 405, 21.93, 33, 0x0000000000000001
2026/09/12 02:14:36.821, 1, 22732, 0, 1695, 9501, 120.28, 59, 0x0000000000000000
2026/09/12 02:14:36.821, 2, 1, 0, 210, 405, 21.18, 34, 0x0000000000000001
2026/09/12 02:14:36.821, 3, 1, 0, 210, 405, 40.09, 54, 0x0000000000000001
2026/09/12 02:14:36.821, 4, 1, 0, 210, 405, 24.62, 35, 0x0000000000000001
2026/09/12 02:14:36.821, 5, 1, 0, 210, 405, 22.63, 34, 0x0000000000000001
2026/09/12 02:14:37.322, 0, 1, 0, 210, 405, 21.93, 33, 0x0000000000000001
2026/09/12 02:14:37.322, 1, 22732, 0, 1695, 9501, 119.88, 59, 0x0000000000000000
2026/09/12 02:14:37.322, 2, 1, 0, 210, 405, 21.16, 34, 0x0000000000000001
2026/09/12 02:14:37.323, 3, 1, 0, 210, 405, 35.38, 53, 0x0000000000000001
2026/09/12 02:14:37.323, 4, 1, 0, 210, 405, 24.62, 35, 0x0000000000000001
2026/09/12 02:14:37.323, 5, 1, 0, 210, 405, 22.63, 34, 0x0000000000000001
2026/09/12 02:14:37.823, 0, 1, 0, 210, 405, 21.86, 33, 0x0000000000000001
2026/09/12 02:14:37.824, 1, 22732, 0, 1695, 9501, 119.88, 59, 0x0000000000000000
2026/09/12 02:14:37.824, 2, 1, 0, 210, 405, 21.16, 34, 0x0000000000000001
2026/09/12 02:14:37.824, 3, 1, 0, 210, 405, 35.38, 53, 0x0000000000000001
2026/09/12 02:14:37.824, 4, 1, 0, 210, 405, 24.63, 35, 0x0000000000000001
2026/09/12 02:14:37.825, 5, 1, 0, 210, 405, 22.53, 34, 0x0000000000000001
2026/09/12 02:14:38.325, 0, 1, 0, 210, 405, 21.86, 33, 0x0000000000000001
2026/09/12 02:14:38.325, 1, 22732, 0, 1695, 9501, 119.54, 58, 0x0000000000000000
2026/09/12 02:14:38.325, 2, 1, 0, 210, 405, 21.11, 34, 0x0000000000000001
2026/09/12 02:14:38.326, 3, 1, 0, 210, 405, 32.54, 52, 0x0000000000000001
2026/09/12 02:14:38.326, 4, 1, 0, 210, 405, 24.63, 35, 0x0000000000000001
2026/09/12 02:14:38.326, 5, 1, 0, 210, 405, 22.53, 34, 0x0000000000000001
2026/09/12 02:14:38.826, 0, 1, 0, 210, 405, 22.10, 33, 0x0000000000000001
2026/09/12 02:14:38.826, 1, 22732, 0, 1695, 9501, 119.54, 58, 0x0000000000000000
2026/09/12 02:14:38.827, 2, 1, 0, 210, 405, 21.11, 34, 0x0000000000000001
2026/09/12 02:14:38.827, 3, 1, 0, 210, 405, 32.54, 52, 0x0000000000000001
2026/09/12 02:14:38.827, 4, 1, 0, 210, 405, 24.76, 35, 0x0000000000000001
2026/09/12 02:14:38.827, 5, 1, 0, 210, 405, 22.61, 34, 0x0000000000000001
2026/09/12 02:14:39.328, 0, 1, 0, 210, 405, 22.10, 33, 0x0000000000000001
2026/09/12 02:14:39.328, 1, 22732, 0, 1695, 9501, 119.28, 58, 0x0000000000000000
2026/09/12 02:14:39.328, 2, 1, 0, 210, 405, 21.01, 34, 0x0000000000000001
2026/09/12 02:14:39.328, 3, 1, 0, 210, 405, 30.99, 52, 0x0000000000000001
2026/09/12 02:14:39.329, 4, 1, 0, 210, 405, 24.76, 35, 0x0000000000000001
2026/09/12 02:14:39.329, 5, 1, 0, 210, 405, 22.61, 34, 0x0000000000000001
2026/09/12 02:14:39.829, 0, 1, 0, 210, 405, 22.01, 33, 0x0000000000000001
2026/09/12 02:14:39.830, 1, 22732, 0, 1695, 9501, 119.28, 58, 0x0000000000000000
2026/09/12 02:14:39.830, 2, 1, 0, 210, 405, 21.01, 34, 0x0000000000000001
2026/09/12 02:14:39.830, 3, 1, 0, 210, 405, 30.99, 52, 0x0000000000000001
2026/09/12 02:14:39.830, 4, 1, 0, 210, 405, 24.72, 35, 0x0000000000000001
2026/09/12 02:14:39.830, 5, 1, 0, 210, 405, 22.54, 34, 0x0000000000000001
2026/09/12 02:14:40.331, 0, 1, 0, 210, 405, 22.01, 33, 0x0000000000000001
2026/09/12 02:14:40.331, 1, 22732, 0, 1695, 9501, 118.97, 57, 0x0000000000000000
2026/09/12 02:14:40.331, 2, 1, 0, 210, 405, 20.99, 34, 0x0000000000000001
2026/09/12 02:14:40.332, 3, 1, 0, 210, 405, 30.24, 51, 0x0000000000000001
2026/09/12 02:14:40.332, 4, 1, 0, 210, 405, 24.72, 35, 0x0000000000000001
2026/09/12 02:14:40.332, 5, 1, 0, 210, 405, 22.54, 34, 0x0000000000000001
2026/09/12 02:14:40.832, 0, 1, 0, 210, 405, 21.93, 33, 0x0000000000000001
2026/09/12 02:14:40.833, 1, 4, 0, 1695, 9501, 118.97, 57, 0x0000000000000000
2026/09/12 02:14:40.833, 2, 1, 0, 210, 405, 20.99, 34, 0x0000000000000001
2026/09/12 02:14:40.833, 3, 1, 0, 210, 405, 30.24, 51, 0x0000000000000001
2026/09/12 02:14:40.833, 4, 1, 0, 210, 405, 24.74, 35, 0x0000000000000001
2026/09/12 02:14:40.834, 5, 1, 0, 210, 405, 22.43, 34, 0x0000000000000001
2026/09/12 02:14:41.334, 0, 1, 0, 210, 405, 21.93, 33, 0x0000000000000001
2026/09/12 02:14:41.338, 1, 4, 100, 1920, 9751, 123.79, 58, 0x0000000000000000
2026/09/12 02:14:41.351, 2, 1, 0, 210, 405, 21.05, 34, 0x0000000000000001
2026/09/12 02:14:41.353, 3, 1, 0, 210, 405, 29.57, 50, 0x0000000000000001
2026/09/12 02:14:41.354, 4, 1, 0, 210, 405, 24.74, 35, 0x0000000000000001
2026/09/12 02:14:41.354, 5, 1, 0, 210, 405, 22.43, 34, 0x0000000000000001
2026/09/12 02:14:41.872, 0, 1, 0, 210, 405, 22.06, 33, 0x0000000000000001
2026/09/12 02:14:41.872, 1, 1, 0, 1920, 9751, 150.39, 58, 0x0000000000000000
2026/09/12 02:14:41.872, 2, 1, 0, 210, 405, 21.05, 34, 0x0000000000000001
2026/09/12 02:14:41.872, 3, 1, 0, 210, 405, 29.57, 50, 0x0000000000000001
2026/09/12 02:14:41.873, 4, 1, 0, 210, 405, 24.73, 35, 0x0000000000000001
2026/09/12 02:14:41.873, 5, 1, 0, 210, 405, 22.51, 34, 0x0000000000000001
