timestamp, index, memory.used [MiB], utilization.gpu [%], clocks.current.sm [MHz], clocks.current.memory [MHz], power.draw [W], temperature.gpu, clocks_event_reasons.active
2026/09/11 16:03:36.761, 0, 1, 0, 210, 405, 22.43, 29, 0x0000000000000001
2026/09/11 16:03:36.768, 1, 1, 0, 210, 405, 19.10, 31, 0x0000000000000001
2026/09/11 16:03:36.774, 2, 1, 0, 210, 405, 21.42, 31, 0x0000000000000001
2026/09/11 16:03:36.780, 3, 1, 0, 210, 405, 22.42, 32, 0x0000000000000001
2026/09/11 16:03:36.787, 4, 1, 0, 210, 405, 24.11, 32, 0x0000000000000001
2026/09/11 16:03:36.793, 5, 1, 0, 210, 405, 21.86, 30, 0x0000000000000001
2026/09/11 16:03:37.299, 0, 1, 0, 210, 405, 22.27, 29, 0x0000000000000001
2026/09/11 16:03:37.299, 1, 1, 0, 210, 405, 19.14, 31, 0x0000000000000001
2026/09/11 16:03:37.299, 2, 1, 0, 210, 405, 21.47, 31, 0x0000000000000001
2026/09/11 16:03:37.299, 3, 1, 0, 210, 405, 22.37, 32, 0x0000000000000001
2026/09/11 16:03:37.299, 4, 1, 0, 210, 405, 24.12, 32, 0x0000000000000001
2026/09/11 16:03:37.299, 5, 1, 0, 210, 405, 21.77, 30, 0x0000000000000001
2026/09/11 16:03:37.799, 0, 1, 0, 210, 405, 22.27, 29, 0x0000000000000001
2026/09/11 16:03:37.799, 1, 1, 0, 210, 405, 19.14, 31, 0x0000000000000001
2026/09/11 16:03:37.800, 2, 1, 0, 210, 405, 21.47, 31, 0x0000000000000001
2026/09/11 16:03:37.800, 3, 1, 0, 210, 405, 22.37, 32, 0x0000000000000001
2026/09/11 16:03:37.800, 4, 1, 0, 210, 405, 24.12, 32, 0x0000000000000001
2026/09/11 16:03:37.800, 5, 1, 0, 210, 405, 21.77, 30, 0x0000000000000001
2026/09/11 16:03:38.300, 0, 1, 0, 210, 405, 22.75, 29, 0x0000000000000004
2026/09/11 16:03:38.306, 1, 19, 0, 210, 405, 19.00, 31, 0x0000000000000001
2026/09/11 16:03:38.307, 2, 1, 0, 210, 405, 22.19, 31, 0x0000000000000001
2026/09/11 16:03:38.307, 3, 1, 1, 210, 405, 22.96, 32, 0x0000000000000001
2026/09/11 16:03:38.307, 4, 1, 0, 210, 405, 24.96, 33, 0x0000000000000001
2026/09/11 16:03:38.307, 5, 1, 0, 210, 405, 22.36, 31, 0x0000000000000001
2026/09/11 16:03:38.807, 0, 1, 0, 210, 405, 25.84, 30, 0x0000000000000001
2026/09/11 16:03:38.808, 1, 688, 100, 1500, 9501, 50.73, 40, 0x0000000000000004
2026/09/11 16:03:38.808, 2, 1, 0, 210, 405, 24.81, 31, 0x0000000000000001
2026/09/11 16:03:38.808, 3, 1, 0, 210, 405, 25.82, 33, 0x0000000000000001
2026/09/11 16:03:38.808, 4, 1, 0, 210, 405, 27.23, 33, 0x0000000000000001
2026/09/11 16:03:38.808, 5, 1, 0, 210, 405, 23.92, 31, 0x0000000000000001
2026/09/11 16:03:39.309, 0, 1, 0, 210, 405, 31.57, 30, 0x0000000000000001
2026/09/11 16:03:39.309, 1, 688, 100, 1485, 9501, 174.39, 45, 0x0000000000000004
2026/09/11 16:03:39.309, 2, 1, 0, 210, 405, 25.91, 31, 0x0000000000000001
2026/09/11 16:03:39.309, 3, 1, 0, 210, 405, 27.04, 33, 0x0000000000000001
2026/09/11 16:03:39.310, 4, 1, 0, 210, 405, 31.74, 33, 0x0000000000000001
2026/09/11 16:03:39.310, 5, 1, 0, 210, 405, 26.83, 31, 0x0000000000000001
2026/09/11 16:03:39.810, 0, 1, 0, 210, 405, 31.57, 30, 0x0000000000000001
2026/09/11 16:03:39.810, 1, 688, 100, 1485, 9501, 281.54, 46, 0x0000000000000004
2026/09/11 16:03:39.811, 2, 1, 0, 210, 405, 25.91, 31, 0x0000000000000001
2026/09/11 16:03:39.811, 3, 1, 0, 210, 405, 27.04, 33, 0x0000000000000001
2026/09/11 16:03:39.811, 4, 1, 0, 210, 405, 31.74, 33, 0x0000000000000001
2026/09/11 16:03:39.811, 5, 1, 0, 210, 405, 26.83, 31, 0x0000000000000001
2026/09/11 16:03:40.311, 0, 1, 0, 210, 405, 23.00, 30, 0x0000000000000001
2026/09/11 16:03:40.312, 1, 688, 100, 1485, 9501, 279.60, 47, 0x0000000000000004
2026/09/11 16:03:40.312, 2, 1, 0, 210, 405, 22.98, 31, 0x0000000000000001
2026/09/11 16:03:40.312, 3, 1, 0, 210, 405, 24.08, 33, 0x0000000000000001
2026/09/11 16:03:40.312, 4, 1, 0, 210, 405, 25.02, 33, 0x0000000000000001
2026/09/11 16:03:40.312, 5, 1, 0, 210, 405, 22.35, 31, 0x0000000000000001
2026/09/11 16:03:40.813, 0, 1, 0, 210, 405, 23.00, 30, 0x0000000000000001
2026/09/11 16:03:40.813, 1, 2736, 99, 1770, 9501, 277.40, 47, 0x0000000000000004
2026/09/11 16:03:40.813, 2, 1, 0, 210, 405, 22.98, 31, 0x0000000000000001
2026/09/11 16:03:40.813, 3, 1, 0, 210, 405, 24.08, 33, 0x0000000000000001
2026/09/11 16:03:40.813, 4, 1, 0, 210, 405, 25.02, 33, 0x0000000000000001
2026/09/11 16:03:40.814, 5, 1, 0, 210, 405, 22.35, 31, 0x0000000000000001
2026/09/11 16:03:41.314, 0, 1, 0, 210, 405, 22.13, 30, 0x0000000000000001
2026/09/11 16:03:41.314, 1, 2733, 0, 1935, 9501, 242.02, 43, 0x0000000000000004
2026/09/11 16:03:41.314, 2, 1, 0, 210, 405, 22.05, 31, 0x0000000000000001
2026/09/11 16:03:41.315, 3, 1, 0, 210, 405, 22.96, 32, 0x0000000000000001
2026/09/11 16:03:41.315, 4, 1, 0, 210, 405, 24.07, 32, 0x0000000000000001
2026/09/11 16:03:41.315, 5, 1, 0, 210, 405, 21.76, 30, 0x0000000000000001
2026/09/11 16:03:41.815, 0, 1, 0, 210, 405, 22.13, 30, 0x0000000000000001
2026/09/11 16:03:41.816, 1, 1, 0, 1935, 9751, 177.96, 42, 0x0000000000000000
2026/09/11 16:03:41.816, 2, 1, 0, 210, 405, 22.05, 31, 0x0000000000000001
2026/09/11 16:03:41.816, 3, 1, 0, 210, 405, 22.96, 32, 0x0000000000000001
2026/09/11 16:03:41.816, 4, 1, 0, 210, 405, 24.07, 32, 0x0000000000000001
2026/09/11 16:03:41.817, 5, 1, 0, 210, 405, 21.76, 30, 0x0000000000000001
2026/09/11 16:03:42.317, 0, 4, 0, 210, 405, 23.89, 30, 0x0000000000000001
2026/09/11 16:03:42.318, 1, 4, 0, 1935, 9751, 136.01, 42, 0x0000000000000000
2026/09/11 16:03:42.320, 2, 4, 0, 210, 405, 24.62, 31, 0x0000000000000001
2026/09/11 16:03:42.321, 3, 2, 0, 210, 405, 26.04, 33, 0x0000000000000001
2026/09/11 16:03:42.321, 4, 1, 0, 210, 405, 27.33, 33, 0x0000000000000001
2026/09/11 16:03:42.324, 5, 1, 0, 210, 405, 24.28, 31, 0x0000000000000001
2026/09/11 16:03:42.825, 0, 1, 0, 210, 405, 27.88, 30, 0x0000000000000001
2026/09/11 16:03:42.826, 1, 4, 0, 1935, 9751, 134.50, 42, 0x0000000000000000
2026/09/11 16:03:42.826, 2, 1, 0, 210, 405, 26.48, 31, 0x0000000000000001
2026/09/11 16:03:42.826, 3, 1, 0, 210, 405, 27.79, 33, 0x0000000000000001
2026/09/11 16:03:42.826, 4, 1, 0, 210, 405, 29.17, 33, 0x0000000000000001
2026/09/11 16:03:42.826, 5, 1, 0, 210, 405, 25.57, 31, 0x0000000000000001
2026/09/11 16:03:43.327, 0, 1, 0, 210, 405, 32.42, 30, 0x0000000000000001
2026/09/11 16:03:43.327, 1, 4, 0, 750, 9501, 131.75, 41, 0x0000000000000001
2026/09/11 16:03:43.327, 2, 1, 0, 210, 405, 30.50, 31, 0x0000000000000001
2026/09/11 16:03:43.327, 3, 1, 0, 210, 405, 31.90, 33, 0x0000000000000001
2026/09/11 16:03:43.328, 4, 1, 0, 210, 405, 33.07, 33, 0x0000000000000001
2026/09/11 16:03:43.328, 5, 1, 0, 210, 405, 28.30, 31, 0x0000000000000001
2026/09/11 16:03:43.828, 0, 1, 0, 210, 405, 32.27, 30, 0x0000000000000001
2026/09/11 16:03:43.828, 1, 4, 0, 750, 9501, 131.75, 41, 0x0000000000000001
2026/09/11 16:03:43.829, 2, 1, 0, 210, 405, 30.37, 31, 0x0000000000000001
2026/09/11 16:03:43.829, 3, 1, 0, 210, 405, 31.82, 33, 0x0000000000000001
2026/09/11 16:03:43.829, 4, 1, 0, 210, 405, 33.00, 33, 0x0000000000000001
2026/09/11 16:03:43.829, 5, 1, 0, 210, 405, 28.27, 31, 0x0000000000000001
2026/09/11 16:03:44.329, 0, 1, 0, 210, 405, 32.24, 30, 0x0000000000000001
2026/09/11 16:03:44.330, 1, 4, 0, 465, 5001, 75.71, 38, 0x0000000000000001
2026/09/11 16:03:44.330, 2, 1, 0, 210, 405, 30.37, 31, 0x0000000000000001
2026/09/11 16:03:44.330, 3, 1, 0, 210, 405, 31.82, 33, 0x0000000000000001
2026/09/11 16:03:44.330, 4, 1, 0, 210, 405, 33.00, 33, 0x0000000000000001
2026/09/11 16:03:44.331, 5, 1, 0, 210, 405, 28.27, 31, 0x0000000000000001
2026/09/11 16:03:44.831, 0, 1, 0, 210, 405, 32.24, 30, 0x0000000000000001
2026/09/11 16:03:44.831, 1, 4, 0, 465, 5001, 75.71, 38, 0x0000000000000001
2026/09/11 16:03:44.832, 2, 1, 0, 210, 405, 22.71, 31, 0x0000000000000001
2026/09/11 16:03:44.832, 3, 1, 0, 210, 405, 23.93, 33, 0x0000000000000001
2026/09/11 16:03:44.832, 4, 1, 0, 210, 405, 25.29, 33, 0x0000000000000001
2026/09/11 16:03:44.832, 5, 1, 0, 210, 405, 22.71, 31, 0x0000000000000001
2026/09/11 16:03:45.332, 0, 1, 0, 210, 405, 23.09, 30, 0x0000000000000001
2026/09/11 16:03:45.333, 1, 4, 0, 300, 5001, 70.51, 38, 0x0000000000000001
2026/09/11 16:03:45.333, 2, 1, 0, 210, 405, 22.71, 31, 0x0000000000000001
2026/09/11 16:03:45.333, 3, 1, 0, 210, 405, 23.93, 33, 0x0000000000000001
2026/09/11 16:03:45.333, 4, 1, 0, 210, 405, 25.29, 33, 0x0000000000000001
2026/09/11 16:03:45.333, 5, 1, 0, 210, 405, 22.71, 31, 0x0000000000000001
2026/09/11 16:03:45.834, 0, 1, 0, 210, 405, 23.09, 30, 0x0000000000000001
2026/09/11 16:03:45.834, 1, 4, 0, 300, 5001, 70.51, 38, 0x0000000000000001
2026/09/11 16:03:45.834, 2, 1, 0, 210, 405, 21.66, 31, 0x0000000000000001
2026/09/11 16:03:45.835, 3, 1, 0, 210, 405, 22.86, 32, 0x0000000000000001
2026/09/11 16:03:45.835, 4, 1, 0, 210, 405, 24.29, 33, 0x0000000000000001
2026/09/11 16:03:45.835, 5, 1, 0, 210, 405, 21.99, 31, 0x0000000000000001
2026/09/11 16:03:46.335, 0, 1, 0, 210, 405, 22.28, 30, 0x0000000000000001
2026/09/11 16:03:46.336, 1, 4, 0, 210, 5001, 67.41, 38, 0x0000000000000001
2026/09/11 16:03:46.336, 2, 1, 0, 210, 405, 21.66, 31, 0x0000000000000001
2026/09/11 16:03:46.336, 3, 1, 0, 210, 405, 22.86, 32, 0x0000000000000001
2026/09/11 16:03:46.336, 4, 1, 0, 210, 405, 24.29, 33, 0x0000000000000001
2026/09/11 16:03:46.336, 5, 1, 0, 210, 405, 21.99, 31, 0x0000000000000001
2026/09/11 16:03:46.837, 0, 1, 0, 210, 405, 22.28, 30, 0x0000000000000001
2026/09/11 16:03:46.837, 1, 4, 0, 210, 5001, 67.41, 38, 0x0000000000000001
2026/09/11 16:03:46.837, 2, 1, 0, 210, 405, 21.45, 31, 0x0000000000000001
2026/09/11 16:03:46.837, 3, 1, 0, 210, 405, 22.43, 32, 0x0000000000000001
2026/09/11 16:03:46.838, 4, 1, 0, 210, 405, 24.27, 32, 0x0000000000000001
2026/09/11 16:03:46.838, 5, 1, 0, 210, 405, 21.75, 31, 0x0000000000000001
2026/09/11 16:03:47.338, 0, 1, 0, 210, 405, 22.31, 30, 0x0000000000000001
2026/09/11 16:03:47.338, 1, 4, 0, 210, 5001, 66.69, 38, 0x0000000000000001
2026/09/11 16:03:47.339, 2, 1, 0, 210, 405, 21.45, 31, 0x0000000000000001
2026/09/11 16:03:47.339, 3, 1, 0, 210, 405, 22.43, 32, 0x0000000000000001
2026/09/11 16:03:47.339, 4, 1, 0, 210, 405, 24.27, 32, 0x0000000000000001
2026/09/11 16:03:47.339, 5, 1, 0, 210, 405, 21.75, 31, 0x0000000000000001
2026/09/11 16:03:47.840, 0, 1, 0, 210, 405, 22.31, 30, 0x0000000000000001
2026/09/11 16:03:47.840, 1, 4, 0, 210, 5001, 66.69, 38, 0x0000000000000001
2026/09/11 16:03:47.840, 2, 1, 0, 210, 405, 21.49, 31, 0x0000000000000001
2026/09/11 16:03:47.840, 3, 1, 0, 210, 405, 22.46, 32, 0x0000000000000001
2026/09/11 16:03:47.840, 4, 1, 0, 210, 405, 24.28, 32, 0x0000000000000001
2026/09/11 16:03:47.841, 5, 1, 0, 210, 405, 21.71, 31, 0x0000000000000001
2026/09/11 16:03:48.341, 0, 1, 0, 210, 405, 22.28, 30, 0x0000000000000001
2026/09/11 16:03:48.341, 1, 4, 0, 210, 810, 51.72, 38, 0x0000000000000001
2026/09/11 16:03:48.342, 2, 1, 0, 210, 405, 21.49, 31, 0x0000000000000001
2026/09/11 16:03:48.342, 3, 1, 0, 210, 405, 22.46, 32, 0x0000000000000001
2026/09/11 16:03:48.342, 4, 1, 0, 210, 405, 24.28, 32, 0x0000000000000001
2026/09/11 16:03:48.342, 5, 1, 0, 210, 405, 21.71, 31, 0x0000000000000001
2026/09/11 16:03:48.842, 0, 1, 0, 210, 405, 22.28, 29, 0x0000000000000001
2026/09/11 16:03:48.843, 1, 4, 0, 210, 810, 51.72, 38, 0x0000000000000001
2026/09/11 16:03:48.843, 2, 1, 0, 210, 405, 21.53, 31, 0x0000000000000001
2026/09/11 16:03:48.843, 3, 1, 0, 210, 405, 22.61, 32, 0x0000000000000001
2026/09/11 16:03:48.843, 4, 1, 0, 210, 405, 24.26, 32, 0x0000000000000001
2026/09/11 16:03:48.843, 5, 1, 0, 210, 405, 21.84, 30, 0x0000000000000001
2026/09/11 16:03:49.344, 0, 1, 0, 210, 405, 22.35, 29, 0x0000000000000001
2026/09/11 16:03:49.344, 1, 4, 0, 210, 810, 30.45, 35, 0x0000000000000001
2026/09/11 16:03:49.344, 2, 1, 0, 210, 405, 21.53, 31, 0x0000000000000001
2026/09/11 16:03:49.345, 3, 1, 0, 210, 405, 22.61, 32, 0x0000000000000001
2026/09/11 16:03:49.345, 4, 1, 0, 210, 405, 24.26, 32, 0x0000000000000001
2026/09/11 16:03:49.345, 5, 1, 0, 210, 405, 21.84, 30, 0x0000000000000001
2026/09/11 16:03:49.845, 0, 1, 0, 210, 405, 22.35, 29, 0x0000000000000001
2026/09/11 16:03:49.845, 1, 4, 0, 210, 810, 30.45, 35, 0x0000000000000001
2026/09/11 16:03:49.846, 2, 1, 0, 210, 405, 21.63, 31, 0x0000000000000001
2026/09/11 16:03:49.846, 3, 1, 0, 210, 405, 22.49, 32, 0x0000000000000001
2026/09/11 16:03:49.846, 4, 1, 0, 210, 405, 24.26, 32, 0x0000000000000001
2026/09/11 16:03:49.846, 5, 1, 0, 210, 405, 21.80, 30, 0x0000000000000001
2026/09/11 16:03:50.346, 0, 1, 0, 210, 405, 22.28, 29, 0x0000000000000001
2026/09/11 16:03:50.346, 1, 4, 0, 210, 405, 22.19, 35, 0x0000000000000001
2026/09/11 16:03:50.347, 2, 1, 0, 210, 405, 21.63, 31, 0x0000000000000001
2026/09/11 16:03:50.347, 3, 1, 0, 210, 405, 22.49, 32, 0x0000000000000001
2026/09/11 16:03:50.347, 4, 1, 0, 210, 405, 24.26, 32, 0x0000000000000001
2026/09/11 16:03:50.347, 5, 1, 0, 210, 405, 21.80, 30, 0x0000000000000001
2026/09/11 16:03:50.847, 0, 1, 0, 210, 405, 22.28, 29, 0x0000000000000001
2026/09/11 16:03:50.848, 1, 4, 0, 210, 405, 22.19, 35, 0x0000000000000001
2026/09/11 16:03:50.848, 2, 1, 0, 210, 405, 21.65, 31, 0x0000000000000001
2026/09/11 16:03:50.848, 3, 1, 0, 210, 405, 22.44, 32, 0x0000000000000001
2026/09/11 16:03:50.848, 4, 1, 0, 210, 405, 24.07, 32, 0x0000000000000001
2026/09/11 16:03:50.849, 5, 1, 0, 210, 405, 21.84, 31, 0x0000000000000001
2026/09/11 16:03:51.349, 0, 1, 0, 210, 405, 22.29, 29, 0x0000000000000001
2026/09/11 16:03:51.349, 1, 4, 0, 210, 405, 19.95, 34, 0x0000000000000001
2026/09/11 16:03:51.349, 2, 1, 0, 210, 405, 21.65, 31, 0x0000000000000001
2026/09/11 16:03:51.350, 3, 1, 0, 210, 405, 22.44, 32, 0x0000000000000001
2026/09/11 16:03:51.350, 4, 1, 0, 210, 405, 24.07, 32, 0x0000000000000001
2026/09/11 16:03:51.350, 5, 1, 0, 210, 405, 21.84, 31, 0x0000000000000001
2026/09/11 16:03:51.850, 0, 1, 0, 210, 405, 22.29, 29, 0x0000000000000001
2026/09/11 16:03:51.851, 1, 4, 0, 210, 405, 19.95, 34, 0x0000000000000001
2026/09/11 16:03:51.851, 2, 1, 0, 210, 405, 21.64, 31, 0x0000000000000001
2026/09/11 16:03:51.851, 3, 1, 0, 210, 405, 22.50, 32, 0x0000000000000001
2026/09/11 16:03:51.851, 4, 1, 0, 210, 405, 23.89, 32, 0x0000000000000001
2026/09/11 16:03:51.851, 5, 1, 0, 210, 405, 21.99, 31, 0x0000000000000001
2026/09/11 16:03:52.352, 0, 1, 0, 210, 405, 22.38, 29, 0x0000000000000001
2026/09/11 16:03:52.352, 1, 4, 0, 210, 405, 19.55, 34, 0x0000000000000001
2026/09/11 16:03:52.352, 2, 1, 0, 210, 405, 21.64, 31, 0x0000000000000001
2026/09/11 16:03:52.352, 3, 1, 0, 210, 405, 22.50, 32, 0x0000000000000001
2026/09/11 16:03:52.352, 4, 1, 0, 210, 405, 23.89, 32, 0x0000000000000001
2026/09/11 16:03:52.352, 5, 1, 0, 210, 405, 21.99, 31, 0x0000000000000001
2026/09/11 16:03:52.853, 0, 1, 0, 210, 405, 22.38, 29, 0x0000000000000001
2026/09/11 16:03:52.853, 1, 4, 0, 210, 405, 19.55, 34, 0x0000000000000001
2026/09/11 16:03:52.853, 2, 1, 0, 210, 405, 21.64, 31, 0x0000000000000001
2026/09/11 16:03:52.853, 3, 1, 0, 210, 405, 22.37, 32, 0x0000000000000001
2026/09/11 16:03:52.854, 4, 1, 0, 210, 405, 23.83, 32, 0x0000000000000001
2026/09/11 16:03:52.854, 5, 1, 0, 210, 405, 21.82, 31, 0x0000000000000001
2026/09/11 16:03:53.354, 0, 1, 0, 210, 405, 22.26, 29, 0x0000000000000001
2026/09/11 16:03:53.354, 1, 4, 0, 210, 405, 19.37, 34, 0x0000000000000001
2026/09/11 16:03:53.354, 2, 1, 0, 210, 405, 21.64, 31, 0x0000000000000001
2026/09/11 16:03:53.354, 3, 1, 0, 210, 405, 22.37, 32, 0x0000000000000001
2026/09/11 16:03:53.355, 4, 1, 0, 210, 405, 23.83, 32, 0x0000000000000001
2026/09/11 16:03:53.355, 5, 1, 0, 210, 405, 21.82, 31, 0x0000000000000001
2026/09/11 16:03:53.855, 0, 1, 0, 210, 405, 22.26, 29, 0x0000000000000001
2026/09/11 16:03:53.855, 1, 4, 0, 210, 405, 19.37, 34, 0x0000000000000001
2026/09/11 16:03:53.855, 2, 1, 0, 210, 405, 21.56, 31, 0x0000000000000001
2026/09/11 16:03:53.855, 3, 1, 0, 210, 405, 22.30, 32, 0x0000000000000001
2026/09/11 16:03:53.855, 4, 1, 0, 210, 405, 24.01, 32, 0x0000000000000001
2026/09/11 16:03:53.855, 5, 1, 0, 210, 405, 21.74, 30, 0x0000000000000001
2026/09/11 16:03:54.356, 0, 1, 0, 210, 405, 22.26, 29, 0x0000000000000001
2026/09/11 16:03:54.356, 1, 4, 0, 210, 405, 19.23, 34, 0x0000000000000001
2026/09/11 16:03:54.356, 2, 1, 0, 210, 405, 21.56, 31, 0x0000000000000001
2026/09/11 16:03:54.356, 3, 1, 0, 210, 405, 22.30, 32, 0x0000000000000001
2026/09/11 16:03:54.356, 4, 1, 0, 210, 405, 24.01, 32, 0x0000000000000001
2026/09/11 16:03:54.356, 5, 1, 0, 210, 405, 21.74, 30, 0x0000000000000001
2026/09/11 16:03:54.856, 0, 1, 0, 210, 405, 22.26, 30, 0x0000000000000001
2026/09/11 16:03:54.857, 1, 4, 0, 210, 405, 19.23, 34, 0x0000000000000001
2026/09/11 16:03:54.857, 2, 1, 0, 210, 405, 21.40, 31, 0x0000000000000001
2026/09/11 16:03:54.857, 3, 1, 0, 210, 405, 22.33, 32, 0x0000000000000001
2026/09/11 16:03:54.857, 4, 1, 0, 210, 405, 24.06, 32, 0x0000000000000001
2026/09/11 16:03:54.857, 5, 1, 0, 210, 405, 21.84, 31, 0x0000000000000001
2026/09/11 16:03:55.358, 0, 1, 0, 210, 405, 22.39, 30, 0x0000000000000001
2026/09/11 16:03:55.358, 1, 4, 0, 210, 405, 19.18, 34, 0x0000000000000001
2026/09/11 16:03:55.358, 2, 1, 0, 210, 405, 21.40, 31, 0x0000000000000001
2026/09/11 16:03:55.359, 3, 1, 0, 210, 405, 22.33, 32, 0x0000000000000001
2026/09/11 16:03:55.359, 4, 1, 0, 210, 405, 24.06, 32, 0x0000000000000001
2026/09/11 16:03:55.359, 5, 1, 0, 210, 405, 21.84, 31, 0x0000000000000001
2026/09/11 16:03:55.859, 0, 1, 0, 210, 405, 22.39, 30, 0x0000000000000001
2026/09/11 16:03:55.860, 1, 4, 0, 210, 405, 19.18, 34, 0x0000000000000001
2026/09/11 16:03:55.860, 2, 1, 0, 210, 405, 21.36, 31, 0x0000000000000001
2026/09/11 16:03:55.860, 3, 1, 0, 210, 405, 22.18, 32, 0x0000000000000001
2026/09/11 16:03:55.860, 4, 1, 0, 210, 405, 23.89, 32, 0x0000000000000001
2026/09/11 16:03:55.860, 5, 1, 0, 210, 405, 21.77, 31, 0x0000000000000001
2026/09/11 16:03:56.361, 0, 1, 0, 210, 405, 22.26, 30, 0x0000000000000001
2026/09/11 16:03:56.361, 1, 4, 0, 210, 405, 19.19, 34, 0x0000000000000001
2026/09/11 16:03:56.361, 2, 1, 0, 210, 405, 21.36, 31, 0x0000000000000001
2026/09/11 16:03:56.362, 3, 1, 0, 210, 405, 22.18, 32, 0x0000000000000001
2026/09/11 16:03:56.362, 4, 1, 0, 210, 405, 23.89, 32, 0x0000000000000001
2026/09/11 16:03:56.362, 5, 1, 0, 210, 405, 21.77, 31, 0x0000000000000001
2026/09/11 16:03:56.862, 0, 1, 0, 210, 405, 22.26, 29, 0x0000000000000001
2026/09/11 16:03:56.863, 1, 4, 0, 210, 405, 19.19, 34, 0x0000000000000001
2026/09/11 16:03:56.863, 2, 1, 0, 210, 405, 21.42, 31, 0x0000000000000001
2026/09/11 16:03:56.863, 3, 1, 0, 210, 405, 22.22, 32, 0x0000000000000001
2026/09/11 16:03:56.863, 4, 1, 0, 210, 405, 24.02, 32, 0x0000000000000001
2026/09/11 16:03:56.863, 5, 1, 0, 210, 405, 21.77, 30, 0x0000000000000001
2026/09/11 16:03:57.364, 0, 1, 0, 210, 405, 22.18, 29, 0x0000000000000001
2026/09/11 16:03:57.364, 1, 4, 0, 210, 405, 19.28, 34, 0x0000000000000001
2026/09/11 16:03:57.364, 2, 1, 0, 210, 405, 21.42, 31, 0x0000000000000001
2026/09/11 16:03:57.364, 3, 1, 0, 210, 405, 22.22, 32, 0x0000000000000001
2026/09/11 16:03:57.364, 4, 1, 0, 210, 405, 24.02, 32, 0x0000000000000001
2026/09/11 16:03:57.364, 5, 1, 0, 210, 405, 21.77, 30, 0x0000000000000001
2026/09/11 16:03:57.865, 0, 1, 0, 210, 405, 22.18, 29, 0x0000000000000001
2026/09/11 16:03:57.865, 1, 4, 0, 210, 405, 19.28, 34, 0x0000000000000001
2026/09/11 16:03:57.865, 2, 1, 0, 210, 405, 21.39, 31, 0x0000000000000001
2026/09/11 16:03:57.865, 3, 1, 0, 210, 405, 22.37, 32, 0x0000000000000001
2026/09/11 16:03:57.866, 4, 1, 0, 210, 405, 24.24, 32, 0x0000000000000001
2026/09/11 16:03:57.866, 5, 1, 0, 210, 405, 21.89, 30, 0x0000000000000001
2026/09/11 16:03:58.366, 0, 1, 0, 210, 405, 22.30, 29, 0x0000000000000001
2026/09/11 16:03:58.367, 1, 4, 0, 210, 405, 19.15, 34, 0x0000000000000001
2026/09/11 16:03:58.368, 2, 1, 0, 210, 405, 21.39, 31, 0x0000000000000001
2026/09/11 16:03:58.368, 3, 1, 0, 210, 405, 22.37, 32, 0x0000000000000001
2026/09/11 16:03:58.368, 4, 1, 0, 210, 405, 24.24, 32, 0x0000000000000001
2026/09/11 16:03:58.368, 5, 1, 0, 210, 405, 21.89, 30, 0x0000000000000001
2026/09/11 16:03:58.868, 0, 1, 0, 210, 405, 22.30, 29, 0x0000000000000001
2026/09/11 16:03:58.869, 1, 4, 0, 210, 405, 19.15, 34, 0x0000000000000001
2026/09/11 16:03:58.869, 2, 1, 0, 210, 405, 21.45, 31, 0x0000000000000001
2026/09/11 16:03:58.869, 3, 1, 0, 210, 405, 22.28, 32, 0x0000000000000001
2026/09/11 16:03:58.869, 4, 1, 0, 210, 405, 23.99, 32, 0x0000000000000001
2026/09/11 16:03:58.870, 5, 1, 0, 210, 405, 21.83, 30, 0x0000000000000001
2026/09/11 16:03:59.370, 0, 1, 0, 210, 405, 22.24, 29, 0x0000000000000001
2026/09/11 16:03:59.370, 1, 4, 0, 210, 405, 19.18, 33, 0x0000000000000001
2026/09/11 16:03:59.370, 2, 1, 0, 210, 405, 21.45, 31, 0x0000000000000001
2026/09/11 16:03:59.371, 3, 1, 0, 210, 405, 22.28, 32, 0x0000000000000001
2026/09/11 16:03:59.371, 4, 1, 0, 210, 405, 23.99, 32, 0x0000000000000001
2026/09/11 16:03:59.371, 5, 1, 0, 210, 405, 21.83, 30, 0x0000000000000001
2026/09/11 16:03:59.871, 0, 1, 0, 210, 405, 22.24, 29, 0x0000000000000001
2026/09/11 16:03:59.872, 1, 4, 0, 210, 405, 19.18, 33, 0x0000000000000001
2026/09/11 16:03:59.872, 2, 1, 0, 210, 405, 21.54, 31, 0x0000000000000001
2026/09/11 16:03:59.872, 3, 1, 0, 210, 405, 22.32, 32, 0x0000000000000001
2026/09/11 16:03:59.872, 4, 1, 0, 210, 405, 24.04, 32, 0x0000000000000001
2026/09/11 16:03:59.872, 5, 1, 0, 210, 405, 21.88, 30, 0x0000000000000001
2026/09/11 16:04:00.373, 0, 1, 0, 210, 405, 22.20, 29, 0x0000000000000001
2026/09/11 16:04:00.373, 1, 4, 0, 210, 405, 19.40, 33, 0x0000000000000001
2026/09/11 16:04:00.373, 2, 1, 0, 210, 405, 21.54, 31, 0x0000000000000001
2026/09/11 16:04:00.374, 3, 1, 0, 210, 405, 22.32, 32, 0x0000000000000001
2026/09/11 16:04:00.374, 4, 1, 0, 210, 405, 24.04, 32, 0x0000000000000001
2026/09/11 16:04:00.374, 5, 1, 0, 210, 405, 21.88, 30, 0x0000000000000001
2026/09/11 16:04:00.874, 0, 1, 0, 210, 405, 22.20, 29, 0x0000000000000001
2026/09/11 16:04:00.875, 1, 4, 0, 210, 405, 19.40, 33, 0x0000000000000001
2026/09/11 16:04:00.875, 2, 1, 0, 210, 405, 21.57, 31, 0x0000000000000001
2026/09/11 16:04:00.875, 3, 1, 0, 210, 405, 22.52, 32, 0x0000000000000001
2026/09/11 16:04:00.875, 4, 1, 0, 210, 405, 24.30, 32, 0x0000000000000001
2026/09/11 16:04:00.875, 5, 1, 0, 210, 405, 22.00, 30, 0x0000000000000001
2026/09/11 16:04:01.376, 0, 1, 0, 210, 405, 22.35, 29, 0x0000000000000001
2026/09/11 16:04:01.376, 1, 4, 0, 210, 405, 19.31, 33, 0x0000000000000001
2026/09/11 16:04:01.376, 2, 1, 0, 210, 405, 21.57, 31, 0x0000000000000001
2026/09/11 16:04:01.376, 3, 1, 0, 210, 405, 22.52, 32, 0x0000000000000001
2026/09/11 16:04:01.377, 4, 1, 0, 210, 405, 24.30, 32, 0x0000000000000001
2026/09/11 16:04:01.377, 5, 1, 0, 210, 405, 22.00, 30, 0x0000000000000001
2026/09/11 16:04:01.877, 0, 1, 0, 210, 405, 22.35, 29, 0x0000000000000001
2026/09/11 16:04:01.877, 1, 4, 0, 210, 405, 19.31, 33, 0x0000000000000001
2026/09/11 16:04:01.878, 2, 1, 0, 210, 405, 21.52, 31, 0x0000000000000001
2026/09/11 16:04:01.878, 3, 1, 0, 210, 405, 22.42, 32, 0x0000000000000001
2026/09/11 16:04:01.878, 4, 1, 0, 210, 405, 24.08, 32, 0x0000000000000001
2026/09/11 16:04:01.878, 5, 1, 0, 210, 405, 21.83, 30, 0x0000000000000001
2026/09/11 16:04:02.379, 0, 1, 0, 210, 405, 22.24, 29, 0x0000000000000001
2026/09/11 16:04:02.379, 1, 4, 0, 210, 405, 19.23, 33, 0x0000000000000001
2026/09/11 16:04:02.379, 2, 1, 0, 210, 405, 21.52, 31, 0x0000000000000001
2026/09/11 16:04:02.379, 3, 1, 0, 210, 405, 22.42, 32, 0x0000000000000001
2026/09/11 16:04:02.379, 4, 1, 0, 210, 405, 24.08, 32, 0x0000000000000001
2026/09/11 16:04:02.380, 5, 1, 0, 210, 405, 21.83, 30, 0x0000000000000001
2026/09/11 16:04:02.880, 0, 1, 0, 210, 405, 22.24, 29, 0x0000000000000001
2026/09/11 16:04:02.880, 1, 4, 0, 210, 405, 19.23, 33, 0x0000000000000001
2026/09/11 16:04:02.881, 2, 1, 0, 210, 405, 21.53, 31, 0x0000000000000001
2026/09/11 16:04:02.881, 3, 1, 0, 210, 405, 22.45, 32, 0x0000000000000001
2026/09/11 16:04:02.881, 4, 1, 0, 210, 405, 24.06, 32, 0x0000000000000001
2026/09/11 16:04:02.881, 5, 1, 0, 210, 405, 21.58, 30, 0x0000000000000001
2026/09/11 16:04:03.382, 0, 1, 0, 210, 405, 22.22, 29, 0x0000000000000001
2026/09/11 16:04:03.382, 1, 4, 0, 210, 405, 19.29, 33, 0x0000000000000001
2026/09/11 16:04:03.382, 2, 1, 0, 210, 405, 21.53, 31, 0x0000000000000001
2026/09/11 16:04:03.382, 3, 1, 0, 210, 405, 22.45, 32, 0x0000000000000001
2026/09/11 16:04:03.382, 4, 1, 0, 210, 405, 24.06, 32, 0x0000000000000001
2026/09/11 16:04:03.383, 5, 1, 0, 210, 405, 21.58, 30, 0x0000000000000001
2026/09/11 16:04:03.883, 0, 1, 0, 210, 405, 22.22, 29, 0x0000000000000001
2026/09/11 16:04:03.883, 1, 4, 0, 210, 405, 19.29, 33, 0x0000000000000001
2026/09/11 16:04:03.884, 2, 1, 0, 210, 405, 21.61, 31, 0x0000000000000001
2026/09/11 16:04:03.884, 3, 1, 0, 210, 405, 22.64, 32, 0x0000000000000001
2026/09/11 16:04:03.884, 4, 1, 0, 210, 405, 24.30, 32, 0x0000000000000001
2026/09/11 16:04:03.884, 5, 1, 0, 210, 405, 21.66, 30, 0x0000000000000001
2026/09/11 16:04:04.384, 0, 1, 0, 210, 405, 22.38, 29, 0x0000000000000001
2026/09/11 16:04:04.385, 1, 4, 0, 210, 405, 19.20, 33, 0x0000000000000001
2026/09/11 16:04:04.385, 2, 1, 0, 210, 405, 21.61, 31, 0x0000000000000001
2026/09/11 16:04:04.385, 3, 1, 0, 210, 405, 22.64, 32, 0x0000000000000001
2026/09/11 16:04:04.385, 4, 1, 0, 210, 405, 24.30, 32, 0x0000000000000001
2026/09/11 16:04:04.385, 5, 1, 0, 210, 405, 21.66, 30, 0x0000000000000001
2026/09/11 16:04:04.886, 0, 1, 0, 210, 405, 22.38, 29, 0x0000000000000001
2026/09/11 16:04:04.886, 1, 4, 0, 210, 405, 19.20, 33, 0x0000000000000001
2026/09/11 16:04:04.886, 2, 1, 0, 210, 405, 21.55, 31, 0x0000000000000001
2026/09/11 16:04:04.886, 3, 1, 0, 210, 405, 22.59, 32, 0x0000000000000001
2026/09/11 16:04:04.886, 4, 1, 0, 210, 405, 24.12, 32, 0x0000000000000001
2026/09/11 16:04:04.886, 5, 1, 0, 210, 405, 21.76, 30, 0x0000000000000001
2026/09/11 16:04:05.386, 0, 1, 0, 210, 405, 22.28, 29, 0x0000000000000001
2026/09/11 16:04:05.387, 1, 4, 0, 210, 405, 19.19, 33, 0x0000000000000001
2026/09/11 16:04:05.387, 2, 1, 0, 210, 405, 21.58, 31, 0x0000000000000001
2026/09/11 16:04:05.387, 3, 1, 0, 210, 405, 22.91, 32, 0x0000000000000001
2026/09/11 16:04:05.387, 4, 1, 0, 210, 405, 24.13, 32, 0x0000000000000001
2026/09/11 16:04:05.387, 5, 1, 0, 210, 405, 21.91, 31, 0x0000000000000001
2026/09/11 16:04:05.887, 0, 1, 0, 210, 405, 24.66, 30, 0x0000000000000001
2026/09/11 16:04:05.887, 1, 358, 0, 1695, 9751, 19.56, 33, 0x0000000000000000
2026/09/11 16:04:05.887, 2, 1, 0, 210, 405, 23.36, 31, 0x0000000000000001
2026/09/11 16:04:05.888, 3, 1, 0, 210, 405, 27.29, 33, 0x0000000000000001
2026/09/11 16:04:05.888, 4, 1, 0, 210, 405, 26.25, 33, 0x0000000000000001
2026/09/11 16:04:05.888, 5, 1, 0, 210, 405, 24.88, 31, 0x0000000000000001
2026/09/11 16:04:06.388, 0, 1, 0, 210, 405, 29.13, 30, 0x0000000000000001
2026/09/11 16:04:06.388, 1, 1552, 0, 1695, 9501, 52.64, 38, 0x0000000000000000
2026/09/11 16:04:06.388, 2, 1, 0, 210, 405, 26.77, 31, 0x0000000000000001
2026/09/11 16:04:06.388, 3, 1, 0, 210, 405, 28.45, 33, 0x0000000000000001
2026/09/11 16:04:06.388, 4, 1, 0, 210, 405, 30.06, 33, 0x0000000000000001
2026/09/11 16:04:06.388, 5, 1, 0, 210, 405, 25.91, 31, 0x0000000000000001
2026/09/11 16:04:06.889, 0, 1, 0, 210, 405, 29.32, 30, 0x0000000000000001
2026/09/11 16:04:06.889, 1, 1552, 0, 1695, 9501, 67.98, 39, 0x0000000000000000
2026/09/11 16:04:06.889, 2, 1, 0, 210, 405, 26.77, 31, 0x0000000000000001
2026/09/11 16:04:06.889, 3, 1, 0, 210, 405, 28.45, 33, 0x0000000000000001
2026/09/11 16:04:06.889, 4, 1, 0, 210, 405, 30.06, 33, 0x0000000000000001
2026/09/11 16:04:06.889, 5, 1, 0, 210, 405, 25.91, 31, 0x0000000000000001
2026/09/11 16:04:07.390, 0, 1, 0, 210, 405, 29.32, 30, 0x0000000000000001
2026/09/11 16:04:07.390, 1, 5876, 0, 1695, 9501, 107.78, 39, 0x0000000000000000
2026/09/11 16:04:07.390, 2, 1, 0, 210, 405, 22.88, 31, 0x0000000000000001
2026/09/11 16:04:07.390, 3, 1, 0, 210, 405, 23.88, 33, 0x0000000000000001
2026/09/11 16:04:07.391, 4, 1, 0, 210, 405, 25.07, 33, 0x0000000000000001
2026/09/11 16:04:07.391, 5, 1, 0, 210, 405, 22.26, 31, 0x0000000000000001
2026/09/11 16:04:07.891, 0, 1, 0, 210, 405, 23.15, 30, 0x0000000000000001
2026/09/11 16:04:07.892, 1, 5876, 0, 1695, 9501, 107.79, 40, 0x0000000000000000
2026/09/11 16:04:07.892, 2, 1, 0, 210, 405, 22.88, 31, 0x0000000000000001
2026/09/11 16:04:07.892, 3, 1, 0, 210, 405, 23.88, 33, 0x0000000000000001
2026/09/11 16:04:07.892, 4, 1, 0, 210, 405, 25.07, 33, 0x0000000000000001
2026/09/11 16:04:07.892, 5, 1, 0, 210, 405, 22.26, 31, 0x0000000000000001
2026/09/11 16:04:08.393, 0, 1, 0, 210, 405, 23.15, 30, 0x0000000000000001
2026/09/11 16:04:08.393, 1, 6504, 39, 1935, 9501, 111.31, 41, 0x0000000000000000
2026/09/11 16:04:08.393, 2, 1, 0, 210, 405, 21.83, 31, 0x0000000000000001
2026/09/11 16:04:08.393, 3, 1, 0, 210, 405, 22.85, 32, 0x0000000000000001
2026/09/11 16:04:08.393, 4, 1, 0, 210, 405, 24.17, 32, 0x0000000000000001
2026/09/11 16:04:08.394, 5, 1, 0, 210, 405, 21.71, 31, 0x0000000000000001
2026/09/11 16:04:08.894, 0, 1, 0, 210, 405, 22.25, 30, 0x0000000000000001
2026/09/11 16:04:08.894, 1, 7284, 40, 1935, 9501, 123.59, 41, 0x0000000000000000
2026/09/11 16:04:08.895, 2, 1, 0, 210, 405, 21.83, 31, 0x0000000000000001
2026/09/11 16:04:08.895, 3, 1, 0, 210, 405, 22.85, 32, 0x0000000000000001
2026/09/11 16:04:08.895, 4, 1, 0, 210, 405, 24.17, 32, 0x0000000000000001
2026/09/11 16:04:08.895, 5, 1, 0, 210, 405, 21.71, 31, 0x0000000000000001
2026/09/11 16:04:09.395, 0, 1, 0, 210, 405, 22.25, 30, 0x0000000000000001
2026/09/11 16:04:09.396, 1, 7824, 38, 1935, 9501, 134.34, 42, 0x0000000000000000
2026/09/11 16:04:09.396, 2, 1, 0, 210, 405, 21.62, 31, 0x0000000000000001
2026/09/11 16:04:09.396, 3, 1, 0, 210, 405, 22.44, 32, 0x0000000000000001
2026/09/11 16:04:09.396, 4, 1, 0, 210, 405, 23.97, 32, 0x0000000000000001
2026/09/11 16:04:09.396, 5, 1, 0, 210, 405, 21.72, 31, 0x0000000000000001
2026/09/11 16:04:09.897, 0, 1, 0, 210, 405, 22.14, 30, 0x0000000000000001
2026/09/11 16:04:09.897, 1, 9516, 32, 1935, 9501, 134.73, 42, 0x0000000000000000
2026/09/11 16:04:09.898, 2, 1, 0, 210, 405, 21.62, 31, 0x0000000000000001
2026/09/11 16:04:09.898, 3, 1, 0, 210, 405, 22.44, 32, 0x0000000000000001
2026/09/11 16:04:09.898, 4, 1, 0, 210, 405, 23.97, 32, 0x0000000000000001
2026/09/11 16:04:09.898, 5, 1, 0, 210, 405, 21.72, 31, 0x0000000000000001
2026/09/11 16:04:10.399, 0, 1, 0, 210, 405, 22.14, 29, 0x0000000000000001
2026/09/11 16:04:10.399, 1, 9516, 44, 1935, 9501, 171.98, 46, 0x0000000000000004
2026/09/11 16:04:10.399, 2, 1, 0, 210, 405, 21.83, 31, 0x0000000000000001
2026/09/11 16:04:10.399, 3, 1, 0, 210, 405, 22.41, 32, 0x0000000000000001
2026/09/11 16:04:10.400, 4, 1, 0, 210, 405, 23.92, 32, 0x0000000000000001
2026/09/11 16:04:10.400, 5, 1, 0, 210, 405, 21.75, 31, 0x0000000000000001
2026/09/11 16:04:10.900, 0, 1, 0, 210, 405, 22.15, 29, 0x0000000000000001
2026/09/11 16:04:10.900, 1, 8444, 0, 1935, 9501, 203.79, 44, 0x0000000000000000
2026/09/11 16:04:10.901, 2, 1, 0, 210, 405, 21.83, 31, 0x0000000000000001
2026/09/11 16:04:10.901, 3, 1, 0, 210, 405, 22.41, 32, 0x0000000000000001
2026/09/11 16:04:10.901, 4, 1, 0, 210, 405, 23.92, 32, 0x0000000000000001
2026/09/11 16:04:10.901, 5, 1, 0, 210, 405, 21.75, 31, 0x0000000000000001
2026/09/11 16:04:11.402, 0, 1, 0, 210, 405, 22.15, 29, 0x0000000000000001
2026/09/11 16:04:11.402, 1, 6022, 0, 1935, 9501, 174.78, 43, 0x0000000000000000
2026/09/11 16:04:11.402, 2, 1, 0, 210, 405, 21.81, 31, 0x0000000000000001
2026/09/11 16:04:11.402, 3, 1, 0, 210, 405, 22.50, 32, 0x0000000000000001
2026/09/11 16:04:11.402, 4, 1, 0, 210, 405, 24.12, 32, 0x0000000000000001
2026/09/11 16:04:11.403, 5, 1, 0, 210, 405, 21.71, 30, 0x0000000000000001
2026/09/11 16:04:11.903, 0, 1, 0, 210, 405, 22.34, 29, 0x0000000000000001
2026/09/11 16:04:11.903, 1, 6022, 0, 1935, 9501, 133.84, 43, 0x0000000000000000
2026/09/11 16:04:11.904, 2, 1, 0, 210, 405, 21.81, 31, 0x0000000000000001
2026/09/11 16:04:11.904, 3, 1, 0, 210, 405, 22.50, 32, 0x0000000000000001
2026/09/11 16:04:11.904, 4, 1, 0, 210, 405, 24.12, 32, 0x0000000000000001
2026/09/11 16:04:11.904, 5, 1, 0, 210, 405, 21.71, 30, 0x0000000000000001
2026/09/11 16:04:12.404, 0, 1, 0, 210, 405, 22.34, 29, 0x0000000000000001
2026/09/11 16:04:12.405, 1, 6022, 0, 1695, 9501, 132.37, 43, 0x0000000000000000
2026/09/11 16:04:12.405, 2, 1, 0, 210, 405, 21.67, 31, 0x0000000000000001
2026/09/11 16:04:12.405, 3, 1, 0, 210, 405, 22.42, 32, 0x0000000000000001
2026/09/11 16:04:12.405, 4, 1, 0, 210, 405, 24.22, 32, 0x0000000000000001
2026/09/11 16:04:12.405, 5, 1, 0, 210, 405, 21.60, 30, 0x0000000000000001
2026/09/11 16:04:12.906, 0, 1, 0, 210, 405, 22.24, 29, 0x0000000000000001
2026/09/11 16:04:12.906, 1, 6022, 0, 1695, 9501, 123.70, 42, 0x0000000000000000
2026/09/11 16:04:12.906, 2, 1, 0, 210, 405, 21.67, 31, 0x0000000000000001
2026/09/11 16:04:12.907, 3, 1, 0, 210, 405, 22.42, 32, 0x0000000000000001
2026/09/11 16:04:12.907, 4, 1, 0, 210, 405, 24.22, 32, 0x0000000000000001
2026/09/11 16:04:12.907, 5, 1, 0, 210, 405, 21.60, 30, 0x0000000000000001
2026/09/11 16:04:13.407, 0, 1, 0, 210, 405, 22.24, 29, 0x0000000000000001
2026/09/11 16:04:13.408, 1, 6022, 0, 1695, 9501, 110.62, 42, 0x0000000000000000
2026/09/11 16:04:13.408, 2, 1, 0, 210, 405, 21.50, 31, 0x0000000000000001
2026/09/11 16:04:13.408, 3, 1, 0, 210, 405, 22.41, 32, 0x0000000000000001
2026/09/11 16:04:13.408, 4, 1, 0, 210, 405, 24.00, 32, 0x0000000000000004
2026/09/11 16:04:13.408, 5, 1, 0, 210, 405, 21.65, 30, 0x0000000000000001
2026/09/11 16:04:13.909, 0, 1, 0, 210, 405, 22.18, 29, 0x0000000000000001
2026/09/11 16:04:13.909, 1, 6322, 0, 1695, 9501, 108.25, 42, 0x0000000000000000
2026/09/11 16:04:13.909, 2, 1, 0, 210, 405, 21.50, 31, 0x0000000000000001
2026/09/11 16:04:13.909, 3, 1, 0, 210, 405, 22.41, 32, 0x0000000000000001
2026/09/11 16:04:13.910, 4, 1, 0, 210, 405, 24.00, 32, 0x0000000000000004
2026/09/11 16:04:13.910, 5, 1, 0, 210, 405, 21.65, 30, 0x0000000000000001
2026/09/11 16:04:14.410, 0, 1, 0, 210, 405, 22.18, 29, 0x0000000000000001
2026/09/11 16:04:14.411, 1, 6336, 100, 1665, 9501, 148.75, 48, 0x0000000000000004
2026/09/11 16:04:14.411, 2, 1, 0, 210, 405, 21.41, 31, 0x0000000000000001
2026/09/11 16:04:14.411, 3, 1, 0, 210, 405, 22.51, 32, 0x0000000000000001
2026/09/11 16:04:14.411, 4, 1, 0, 210, 405, 24.04, 32, 0x0000000000000001
2026/09/11 16:04:14.411, 5, 1, 0, 210, 405, 21.83, 31, 0x0000000000000001
2026/09/11 16:04:14.912, 0, 1, 0, 210, 405, 22.27, 29, 0x0000000000000001
2026/09/11 16:04:14.912, 1, 6338, 0, 1920, 9501, 186.71, 45, 0x0000000000000004
2026/09/11 16:04:14.912, 2, 1, 0, 210, 405, 21.41, 31, 0x0000000000000001
2026/09/11 16:04:14.912, 3, 1, 0, 210, 405, 22.51, 32, 0x0000000000000001
2026/09/11 16:04:14.913, 4, 1, 0, 210, 405, 24.04, 32, 0x0000000000000001
2026/09/11 16:04:14.913, 5, 1, 0, 210, 405, 21.83, 31, 0x0000000000000001
2026/09/11 16:04:15.413, 0, 1, 0, 210, 405, 22.27, 29, 0x0000000000000001
2026/09/11 16:04:15.413, 1, 21798, 0, 1935, 9501, 174.84, 44, 0x0000000000000000
2026/09/11 16:04:15.414, 2, 1, 0, 210, 405, 21.48, 31, 0x0000000000000001
2026/09/11 16:04:15.414, 3, 1, 0, 210, 405, 22.47, 32, 0x0000000000000001
2026/09/11 16:04:15.414, 4, 1, 0, 210, 405, 24.16, 32, 0x0000000000000001
2026/09/11 16:04:15.414, 5, 1, 0, 210, 405, 21.84, 31, 0x0000000000000001
2026/09/11 16:04:15.914, 0, 1, 0, 210, 405, 22.12, 29, 0x0000000000000001
2026/09/11 16:04:15.915, 1, 21798, 0, 1935, 9501, 136.43, 44, 0x0000000000000000
2026/09/11 16:04:15.915, 2, 1, 0, 210, 405, 21.48, 31, 0x0000000000000001
2026/09/11 16:04:15.915, 3, 1, 0, 210, 405, 22.47, 32, 0x0000000000000001
2026/09/11 16:04:15.915, 4, 1, 0, 210, 405, 24.16, 32, 0x0000000000000001
2026/09/11 16:04:15.916, 5, 1, 0, 210, 405, 21.84, 31, 0x0000000000000001
2026/09/11 16:04:16.416, 0, 1, 0, 210, 405, 22.12, 30, 0x0000000000000001
2026/09/11 16:04:16.416, 1, 21948, 100, 1920, 9501, 156.22, 48, 0x0000000000000004
2026/09/11 16:04:16.417, 2, 1, 0, 210, 405, 21.55, 31, 0x0000000000000001
2026/09/11 16:04:16.417, 3, 1, 0, 210, 405, 22.49, 32, 0x0000000000000001
2026/09/11 16:04:16.417, 4, 1, 0, 210, 405, 23.89, 32, 0x0000000000000004
2026/09/11 16:04:16.417, 5, 1, 0, 210, 405, 21.79, 30, 0x0000000000000001
2026/09/11 16:04:16.917, 0, 1, 0, 210, 405, 22.14, 30, 0x0000000000000001
2026/09/11 16:04:16.918, 1, 21934, 85, 1740, 9501, 210.29, 51, 0x0000000000000004
2026/09/11 16:04:16.918, 2, 1, 0, 210, 405, 21.55, 31, 0x0000000000000001
2026/09/11 16:04:16.918, 3, 1, 0, 210, 405, 22.49, 32, 0x0000000000000001
2026/09/11 16:04:16.918, 4, 1, 0, 210, 405, 23.89, 32, 0x0000000000000004
2026/09/11 16:04:16.918, 5, 1, 0, 210, 405, 21.79, 30, 0x0000000000000001
2026/09/11 16:04:17.419, 0, 1, 0, 210, 405, 22.14, 29, 0x0000000000000001
2026/09/11 16:04:17.419, 1, 21930, 69, 1680, 9501, 260.64, 51, 0x0000000000000004
2026/09/11 16:04:17.419, 2, 1, 0, 210, 405, 21.58, 31, 0x0000000000000001
2026/09/11 16:04:17.419, 3, 1, 0, 210, 405, 22.58, 32, 0x0000000000000001
2026/09/11 16:04:17.420, 4, 1, 0, 210, 405, 24.02, 32, 0x0000000000000001
2026/09/11 16:04:17.420, 5, 1, 0, 210, 405, 21.80, 31, 0x0000000000000001
2026/09/11 16:04:17.920, 0, 1, 0, 210, 405, 22.25, 29, 0x0000000000000001
2026/09/11 16:04:17.920, 1, 21988, 73, 1710, 9501, 259.23, 52, 0x0000000000000004
2026/09/11 16:04:17.921, 2, 1, 0, 210, 405, 21.58, 31, 0x0000000000000001
2026/09/11 16:04:17.921, 3, 1, 0, 210, 405, 22.58, 32, 0x0000000000000001
2026/09/11 16:04:17.921, 4, 1, 0, 210, 405, 24.02, 32, 0x0000000000000001
2026/09/11 16:04:17.921, 5, 1, 0, 210, 405, 21.80, 31, 0x0000000000000001
2026/09/11 16:04:18.421, 0, 1, 0, 210, 405, 22.25, 29, 0x0000000000000001
2026/09/11 16:04:18.422, 1, 22000, 86, 1875, 9501, 255.50, 52, 0x0000000000000004
2026/09/11 16:04:18.422, 2, 1, 0, 210, 405, 21.62, 31, 0x0000000000000001
2026/09/11 16:04:18.422, 3, 1, 0, 210, 405, 22.42, 32, 0x0000000000000001
2026/09/11 16:04:18.422, 4, 1, 0, 210, 405, 24.28, 32, 0x0000000000000001
2026/09/11 16:04:18.422, 5, 1, 0, 210, 405, 21.66, 31, 0x0000000000000001
2026/09/11 16:04:18.923, 0, 1, 0, 210, 405, 22.19, 29, 0x0000000000000001
2026/09/11 16:04:18.923, 1, 21994, 66, 1620, 9501, 250.36, 50, 0x0000000000000004
2026/09/11 16:04:18.923, 2, 1, 0, 210, 405, 21.62, 31, 0x0000000000000001
2026/09/11 16:04:18.924, 3, 1, 0, 210, 405, 22.42, 32, 0x0000000000000001
2026/09/11 16:04:18.924, 4, 1, 0, 210, 405, 24.28, 32, 0x0000000000000001
2026/09/11 16:04:18.924, 5, 1, 0, 210, 405, 21.66, 31, 0x0000000000000001
2026/09/11 16:04:19.424, 0, 1, 0, 210, 405, 22.19, 30, 0x0000000000000001
2026/09/11 16:04:19.424, 1, 22036, 67, 1830, 9501, 251.80, 52, 0x0000000000000004
2026/09/11 16:04:19.424, 2, 1, 0, 210, 405, 21.75, 31, 0x0000000000000001
2026/09/11 16:04:19.425, 3, 1, 0, 210, 405, 22.40, 32, 0x0000000000000001
2026/09/11 16:04:19.425, 4, 1, 0, 210, 405, 24.03, 32, 0x0000000000000004
2026/09/11 16:04:19.425, 5, 1, 0, 210, 405, 21.64, 30, 0x0000000000000001
2026/09/11 16:04:19.925, 0, 1, 0, 210, 405, 22.25, 30, 0x0000000000000001
2026/09/11 16:04:19.926, 1, 22064, 57, 1800, 9501, 244.48, 52, 0x0000000000000004
2026/09/11 16:04:19.926, 2, 1, 0, 210, 405, 21.75, 31, 0x0000000000000001
2026/09/11 16:04:19.926, 3, 1, 0, 210, 405, 22.40, 32, 0x0000000000000001
2026/09/11 16:04:19.926, 4, 1, 0, 210, 405, 24.03, 32, 0x0000000000000004
2026/09/11 16:04:19.926, 5, 1, 0, 210, 405, 21.64, 30, 0x0000000000000001
2026/09/11 16:04:20.427, 0, 1, 0, 210, 405, 22.25, 29, 0x0000000000000001
2026/09/11 16:04:20.427, 1, 22112, 41, 1785, 9501, 241.15, 51, 0x0000000000000004
2026/09/11 16:04:20.427, 2, 1, 0, 210, 405, 21.81, 31, 0x0000000000000001
2026/09/11 16:04:20.427, 3, 1, 0, 210, 405, 22.50, 32, 0x0000000000000001
2026/09/11 16:04:20.428, 4, 1, 0, 210, 405, 24.03, 32, 0x0000000000000001
2026/09/11 16:04:20.428, 5, 1, 0, 210, 405, 21.77, 31, 0x0000000000000001
2026/09/11 16:04:20.928, 0, 1, 0, 210, 405, 22.33, 29, 0x0000000000000001
2026/09/11 16:04:20.928, 1, 22156, 30, 1920, 9501, 229.02, 51, 0x0000000000000004
2026/09/11 16:04:20.929, 2, 1, 0, 210, 405, 21.81, 31, 0x0000000000000001
2026/09/11 16:04:20.929, 3, 1, 0, 210, 405, 22.50, 32, 0x0000000000000001
2026/09/11 16:04:20.929, 4, 1, 0, 210, 405, 24.03, 32, 0x0000000000000001
2026/09/11 16:04:20.929, 5, 1, 0, 210, 405, 21.77, 31, 0x0000000000000001
2026/09/11 16:04:21.429, 0, 1, 0, 210, 405, 22.33, 29, 0x0000000000000001
2026/09/11 16:04:21.430, 1, 22280, 18, 1680, 9501, 200.59, 51, 0x0000000000000000
2026/09/11 16:04:21.430, 2, 1, 0, 210, 405, 21.77, 31, 0x0000000000000001
2026/09/11 16:04:21.430, 3, 1, 0, 210, 405, 22.45, 32, 0x0000000000000001
2026/09/11 16:04:21.430, 4, 1, 0, 210, 405, 24.26, 32, 0x0000000000000001
2026/09/11 16:04:21.431, 5, 1, 0, 210, 405, 21.76, 31, 0x0000000000000001
2026/09/11 16:04:21.931, 0, 1, 0, 210, 405, 22.27, 29, 0x0000000000000001
2026/09/11 16:04:21.931, 1, 22272, 80, 1695, 9501, 221.10, 53, 0x0000000000000004
2026/09/11 16:04:21.931, 2, 1, 0, 210, 405, 21.77, 31, 0x0000000000000001
2026/09/11 16:04:21.932, 3, 1, 0, 210, 405, 22.45, 32, 0x0000000000000001
2026/09/11 16:04:21.932, 4, 1, 0, 210, 405, 24.26, 32, 0x0000000000000001
2026/09/11 16:04:21.932, 5, 1, 0, 210, 405, 21.76, 31, 0x0000000000000001
2026/09/11 16:04:22.432, 0, 1, 0, 210, 405, 22.27, 29, 0x0000000000000001
2026/09/11 16:04:22.433, 1, 22316, 60, 1800, 9501, 250.09, 52, 0x0000000000000004
2026/09/11 16:04:22.433, 2, 1, 0, 210, 405, 21.73, 31, 0x0000000000000001
2026/09/11 16:04:22.433, 3, 1, 0, 210, 405, 22.56, 32, 0x0000000000000001
2026/09/11 16:04:22.433, 4, 1, 0, 210, 405, 24.21, 32, 0x0000000000000004
2026/09/11 16:04:22.433, 5, 1, 0, 210, 405, 21.79, 31, 0x0000000000000001
2026/09/11 16:04:22.934, 0, 1, 0, 210, 405, 22.32, 29, 0x0000000000000001
2026/09/11 16:04:22.934, 1, 22372, 54, 1905, 9501, 253.15, 53, 0x0000000000000004
2026/09/11 16:04:22.934, 2, 1, 0, 210, 405, 21.73, 31, 0x0000000000000001
2026/09/11 16:04:22.934, 3, 1, 0, 210, 405, 22.56, 32, 0x0000000000000001
2026/09/11 16:04:22.935, 4, 1, 0, 210, 405, 24.21, 32, 0x0000000000000004
2026/09/11 16:04:22.935, 5, 1, 0, 210, 405, 21.79, 31, 0x0000000000000001
2026/09/11 16:04:23.435, 0, 1, 0, 210, 405, 22.32, 29, 0x0000000000000001
2026/09/11 16:04:23.435, 1, 22620, 100, 1800, 9501, 236.31, 53, 0x0000000000000004
2026/09/11 16:04:23.435, 2, 1, 0, 210, 405, 21.78, 31, 0x0000000000000001
2026/09/11 16:04:23.435, 3, 1, 0, 210, 405, 22.53, 32, 0x0000000000000001
2026/09/11 16:04:23.436, 4, 1, 0, 210, 405, 24.26, 32, 0x0000000000000004
2026/09/11 16:04:23.436, 5, 1, 0, 210, 405, 21.86, 30, 0x0000000000000001
2026/09/11 16:04:23.936, 0, 1, 0, 210, 405, 22.42, 29, 0x0000000000000001
2026/09/11 16:04:23.937, 1, 22620, 0, 1920, 9501, 209.89, 49, 0x0000000000000004
2026/09/11 16:04:23.937, 2, 1, 0, 210, 405, 21.78, 31, 0x0000000000000001
2026/09/11 16:04:23.937, 3, 1, 0, 210, 405, 22.53, 32, 0x0000000000000001
2026/09/11 16:04:23.937, 4, 1, 0, 210, 405, 24.26, 32, 0x0000000000000004
2026/09/11 16:04:23.937, 5, 1, 0, 210, 405, 21.86, 30, 0x0000000000000001
2026/09/11 16:04:24.438, 0, 1, 0, 210, 405, 22.42, 29, 0x0000000000000001
2026/09/11 16:04:24.438, 1, 22620, 0, 1920, 9501, 174.47, 48, 0x0000000000000000
2026/09/11 16:04:24.438, 2, 1, 0, 210, 405, 21.82, 31, 0x0000000000000001
2026/09/11 16:04:24.438, 3, 1, 0, 210, 405, 22.38, 32, 0x0000000000000001
2026/09/11 16:04:24.439, 4, 1, 0, 210, 405, 24.20, 32, 0x0000000000000004
2026/09/11 16:04:24.439, 5, 1, 0, 210, 405, 21.78, 30, 0x0000000000000001
2026/09/11 16:04:24.939, 0, 1, 0, 210, 405, 22.26, 29, 0x0000000000000001
2026/09/11 16:04:24.940, 1, 22620, 0, 1920, 9501, 137.26, 48, 0x0000000000000000
2026/09/11 16:04:24.940, 2, 1, 0, 210, 405, 21.82, 31, 0x0000000000000001
2026/09/11 16:04:24.940, 3, 1, 0, 210, 405, 22.38, 32, 0x0000000000000001
2026/09/11 16:04:24.940, 4, 1, 0, 210, 405, 24.20, 32, 0x0000000000000004
2026/09/11 16:04:24.940, 5, 1, 0, 210, 405, 21.78, 30, 0x0000000000000001
2026/09/11 16:04:25.441, 0, 1, 0, 210, 405, 22.26, 29, 0x0000000000000001
2026/09/11 16:04:25.441, 1, 22620, 0, 1920, 9501, 137.26, 48, 0x0000000000000000
2026/09/11 16:04:25.441, 2, 1, 0, 210, 405, 21.82, 31, 0x0000000000000001
2026/09/11 16:04:25.441, 3, 1, 0, 210, 405, 22.47, 32, 0x0000000000000001
2026/09/11 16:04:25.442, 4, 1, 0, 210, 405, 24.23, 32, 0x0000000000000001
2026/09/11 16:04:25.442, 5, 1, 0, 210, 405, 21.84, 31, 0x0000000000000001
2026/09/11 16:04:25.942, 0, 1, 0, 210, 405, 22.13, 29, 0x0000000000000001
2026/09/11 16:04:25.943, 1, 22620, 0, 1695, 9501, 125.80, 46, 0x0000000000000000
2026/09/11 16:04:25.943, 2, 1, 0, 210, 405, 21.82, 31, 0x0000000000000001
2026/09/11 16:04:25.943, 3, 1, 0, 210, 405, 22.47, 32, 0x0000000000000001
2026/09/11 16:04:25.943, 4, 1, 0, 210, 405, 24.23, 32, 0x0000000000000001
2026/09/11 16:04:25.943, 5, 1, 0, 210, 405, 21.84, 31, 0x0000000000000001
2026/09/11 16:04:26.444, 0, 1, 0, 210, 405, 22.13, 29, 0x0000000000000001
2026/09/11 16:04:26.444, 1, 22620, 0, 1695, 9501, 125.80, 46, 0x0000000000000000
2026/09/11 16:04:26.444, 2, 1, 0, 210, 405, 21.78, 31, 0x0000000000000001
2026/09/11 16:04:26.444, 3, 1, 0, 210, 405, 22.56, 32, 0x0000000000000001
2026/09/11 16:04:26.445, 4, 1, 0, 210, 405, 24.46, 32, 0x0000000000000001
2026/09/11 16:04:26.445, 5, 1, 0, 210, 405, 21.95, 31, 0x0000000000000001
2026/09/11 16:04:26.945, 0, 1, 0, 210, 405, 22.28, 29, 0x0000000000000001
2026/09/11 16:04:26.945, 1, 22620, 0, 1695, 9501, 117.15, 46, 0x0000000000000000
2026/09/11 16:04:26.946, 2, 1, 0, 210, 405, 21.78, 31, 0x0000000000000001
2026/09/11 16:04:26.946, 3, 1, 0, 210, 405, 22.56, 32, 0x0000000000000001
2026/09/11 16:04:26.946, 4, 1, 0, 210, 405, 24.46, 32, 0x0000000000000001
2026/09/11 16:04:26.946, 5, 1, 0, 210, 405, 21.95, 31, 0x0000000000000001
2026/09/11 16:04:27.447, 0, 1, 0, 210, 405, 22.28, 29, 0x0000000000000001
2026/09/11 16:04:27.447, 1, 22620, 0, 1695, 9501, 117.15, 46, 0x0000000000000000
2026/09/11 16:04:27.447, 2, 1, 0, 210, 405, 21.58, 31, 0x0000000000000001
2026/09/11 16:04:27.447, 3, 1, 0, 210, 405, 22.42, 32, 0x0000000000000001
2026/09/11 16:04:27.448, 4, 1, 0, 210, 405, 24.24, 32, 0x0000000000000004
2026/09/11 16:04:27.448, 5, 1, 0, 210, 405, 21.83, 31, 0x0000000000000001
2026/09/11 16:04:27.948, 0, 1, 0, 210, 405, 22.25, 29, 0x0000000000000001
2026/09/11 16:04:27.948, 1, 22620, 0, 1695, 9501, 109.45, 46, 0x0000000000000000
2026/09/11 16:04:27.949, 2, 1, 0, 210, 405, 21.58, 31, 0x0000000000000001
2026/09/11 16:04:27.949, 3, 1, 0, 210, 405, 22.42, 32, 0x0000000000000001
2026/09/11 16:04:27.949, 4, 1, 0, 210, 405, 24.24, 32, 0x0000000000000004
2026/09/11 16:04:27.949, 5, 1, 0, 210, 405, 21.83, 31, 0x0000000000000001
2026/09/11 16:04:28.450, 0, 1, 0, 210, 405, 22.25, 29, 0x0000000000000001
2026/09/11 16:04:28.450, 1, 22620, 0, 1695, 9501, 109.45, 46, 0x0000000000000000
2026/09/11 16:04:28.450, 2, 1, 0, 210, 405, 21.48, 31, 0x0000000000000001
2026/09/11 16:04:28.450, 3, 1, 0, 210, 405, 22.44, 32, 0x0000000000000001
2026/09/11 16:04:28.450, 4, 1, 0, 210, 405, 24.23, 32, 0x0000000000000001
2026/09/11 16:04:28.451, 5, 1, 0, 210, 405, 21.77, 31, 0x0000000000000001
2026/09/11 16:04:28.951, 0, 1, 0, 210, 405, 22.20, 29, 0x0000000000000001
2026/09/11 16:04:28.951, 1, 22620, 0, 1695, 9501, 109.47, 46, 0x0000000000000000
2026/09/11 16:04:28.952, 2, 1, 0, 210, 405, 21.48, 31, 0x0000000000000001
2026/09/11 16:04:28.952, 3, 1, 0, 210, 405, 22.44, 32, 0x0000000000000001
2026/09/11 16:04:28.952, 4, 1, 0, 210, 405, 24.23, 32, 0x0000000000000001
2026/09/11 16:04:28.952, 5, 1, 0, 210, 405, 21.77, 31, 0x0000000000000001
2026/09/11 16:04:29.453, 0, 1, 0, 210, 405, 22.20, 29, 0x0000000000000001
2026/09/11 16:04:29.453, 1, 22620, 0, 1695, 9501, 109.47, 46, 0x0000000000000000
2026/09/11 16:04:29.453, 2, 1, 0, 210, 405, 21.47, 31, 0x0000000000000001
2026/09/11 16:04:29.453, 3, 1, 0, 210, 405, 22.53, 32, 0x0000000000000001
2026/09/11 16:04:29.453, 4, 1, 0, 210, 405, 24.35, 32, 0x0000000000000001
2026/09/11 16:04:29.454, 5, 1, 0, 210, 405, 21.77, 31, 0x0000000000000001
2026/09/11 16:04:29.954, 0, 1, 0, 210, 405, 22.28, 29, 0x0000000000000001
2026/09/11 16:04:29.954, 1, 22620, 0, 1695, 9501, 109.49, 46, 0x0000000000000000
2026/09/11 16:04:29.955, 2, 1, 0, 210, 405, 21.47, 31, 0x0000000000000001
2026/09/11 16:04:29.955, 3, 1, 0, 210, 405, 22.53, 32, 0x0000000000000001
2026/09/11 16:04:29.955, 4, 1, 0, 210, 405, 24.35, 32, 0x0000000000000001
2026/09/11 16:04:29.955, 5, 1, 0, 210, 405, 21.77, 31, 0x0000000000000001
2026/09/11 16:04:30.456, 0, 2, 0, 210, 405, 22.69, 30, 0x0000000000000001
2026/09/11 16:04:30.457, 1, 22620, 0, 1695, 9501, 114.44, 46, 0x0000000000000000
2026/09/11 16:04:30.457, 2, 1, 0, 210, 405, 23.49, 31, 0x0000000000000001
2026/09/11 16:04:30.458, 3, 1, 0, 210, 405, 24.25, 33, 0x0000000000000001
2026/09/11 16:04:30.464, 4, 1, 0, 210, 405, 24.82, 33, 0x0000000000000001
2026/09/11 16:04:30.466, 5, 1, 0, 210, 405, 22.26, 31, 0x0000000000000001
2026/09/11 16:04:30.967, 0, 2, 0, 210, 405, 26.55, 30, 0x0000000000000001
2026/09/11 16:04:30.967, 1, 22620, 0, 1695, 9501, 116.94, 46, 0x0000000000000000
2026/09/11 16:04:30.968, 2, 4, 0, 210, 405, 25.71, 31, 0x0000000000000001
2026/09/11 16:04:30.970, 3, 4, 0, 210, 405, 26.64, 33, 0x0000000000000001
2026/09/11 16:04:30.971, 4, 4, 0, 210, 405, 27.90, 33, 0x0000000000000001
2026/09/11 16:04:30.972, 5, 4, 0, 210, 405, 24.62, 31, 0x0000000000000001
2026/09/11 16:04:31.474, 0, 1, 0, 210, 405, 32.57, 30, 0x0000000000000001
2026/09/11 16:04:31.474, 1, 22620, 0, 1695, 9501, 116.32, 46, 0x0000000000000000
2026/09/11 16:04:31.475, 2, 1, 0, 210, 405, 30.48, 31, 0x0000000000000001
2026/09/11 16:04:31.475, 3, 1, 0, 210, 405, 31.85, 33, 0x0000000000000001
2026/09/11 16:04:31.475, 4, 1, 0, 210, 405, 32.96, 33, 0x0000000000000001
2026/09/11 16:04:31.475, 5, 1, 0, 210, 405, 28.40, 31, 0x0000000000000001
2026/09/11 16:04:31.976, 0, 1, 0, 210, 405, 32.27, 30, 0x0000000000000001
2026/09/11 16:04:31.976, 1, 22620, 64, 1605, 9501, 126.50, 50, 0x0000000000000000
2026/09/11 16:04:31.976, 2, 1, 0, 210, 405, 30.29, 31, 0x0000000000000001
2026/09/11 16:04:31.976, 3, 1, 0, 210, 405, 31.64, 33, 0x0000000000000001
2026/09/11 16:04:31.977, 4, 1, 0, 210, 405, 32.92, 33, 0x0000000000000001
2026/09/11 16:04:31.977, 5, 1, 0, 210, 405, 28.41, 31, 0x0000000000000001
2026/09/11 16:04:32.477, 0, 1, 0, 210, 405, 32.25, 30, 0x0000000000000001
2026/09/11 16:04:32.477, 1, 22620, 86, 1620, 9501, 179.12, 53, 0x0000000000000004
2026/09/11 16:04:32.478, 2, 1, 0, 210, 405, 30.31, 31, 0x0000000000000001
2026/09/11 16:04:32.478, 3, 1, 0, 210, 405, 31.62, 33, 0x0000000000000001
2026/09/11 16:04:32.478, 4, 1, 0, 210, 405, 32.85, 33, 0x0000000000000001
2026/09/11 16:04:32.478, 5, 1, 0, 210, 405, 28.34, 31, 0x0000000000000001
2026/09/11 16:04:32.979, 0, 1, 0, 210, 405, 32.25, 30, 0x0000000000000001
2026/09/11 16:04:32.979, 1, 22620, 100, 1620, 9501, 268.22, 55, 0x0000000000000004
2026/09/11 16:04:32.979, 2, 1, 0, 210, 405, 30.31, 31, 0x0000000000000001
2026/09/11 16:04:32.979, 3, 1, 0, 210, 405, 31.62, 33, 0x0000000000000001
2026/09/11 16:04:32.980, 4, 1, 0, 210, 405, 32.85, 33, 0x0000000000000001
2026/09/11 16:04:32.980, 5, 1, 0, 210, 405, 28.34, 31, 0x0000000000000001
2026/09/11 16:04:33.480, 0, 1, 0, 210, 405, 23.44, 30, 0x0000000000000001
2026/09/11 16:04:33.480, 1, 22732, 95, 1650, 9501, 276.59, 55, 0x0000000000000004
2026/09/11 16:04:33.481, 2, 1, 0, 210, 405, 22.88, 31, 0x0000000000000001
2026/09/11 16:04:33.481, 3, 1, 0, 210, 405, 23.58, 33, 0x0000000000000001
2026/09/11 16:04:33.481, 4, 1, 0, 210, 405, 25.19, 33, 0x0000000000000001
2026/09/11 16:04:33.481, 5, 1, 0, 210, 405, 22.55, 31, 0x0000000000000001
2026/09/11 16:04:33.982, 0, 1, 0, 210, 405, 23.44, 30, 0x0000000000000001
2026/09/11 16:04:33.982, 1, 22732, 95, 1635, 9501, 279.99, 56, 0x0000000000000004
2026/09/11 16:04:33.982, 2, 1, 0, 210, 405, 22.88, 31, 0x0000000000000001
2026/09/11 16:04:33.982, 3, 1, 0, 210, 405, 23.58, 33, 0x0000000000000001
2026/09/11 16:04:33.982, 4, 1, 0, 210, 405, 25.19, 33, 0x0000000000000001
2026/09/11 16:04:33.983, 5, 1, 0, 210, 405, 22.55, 31, 0x0000000000000001
2026/09/11 16:04:34.483, 0, 1, 0, 210, 405, 22.38, 30, 0x0000000000000001
2026/09/11 16:04:34.483, 1, 22732, 95, 1650, 9501, 279.33, 56, 0x0000000000000004
2026/09/11 16:04:34.483, 2, 1, 0, 210, 405, 21.79, 31, 0x0000000000000001
2026/09/11 16:04:34.484, 3, 1, 0, 210, 405, 22.68, 32, 0x0000000000000001
2026/09/11 16:04:34.484, 4, 1, 0, 210, 405, 24.26, 32, 0x0000000000000001
2026/09/11 16:04:34.484, 5, 1, 0, 210, 405, 21.94, 31, 0x0000000000000001
2026/09/11 16:04:34.984, 0, 1, 0, 210, 405, 22.38, 30, 0x0000000000000001
2026/09/11 16:04:34.985, 1, 22732, 92, 1650, 9501, 279.33, 56, 0x0000000000000004
2026/09/11 16:04:34.985, 2, 1, 0, 210, 405, 21.79, 31, 0x0000000000000001
2026/09/11 16:04:34.985, 3, 1, 0, 210, 405, 22.68, 32, 0x0000000000000001
2026/09/11 16:04:34.985, 4, 1, 0, 210, 405, 24.26, 32, 0x0000000000000001
2026/09/11 16:04:34.985, 5, 1, 0, 210, 405, 21.94, 31, 0x0000000000000001
2026/09/11 16:04:35.486, 0, 1, 0, 210, 405, 22.05, 30, 0x0000000000000001
2026/09/11 16:04:35.486, 1, 22732, 100, 1650, 9501, 280.70, 57, 0x0000000000000004
2026/09/11 16:04:35.486, 2, 1, 0, 210, 405, 21.71, 31, 0x0000000000000001
2026/09/11 16:04:35.487, 3, 1, 0, 210, 405, 22.49, 32, 0x0000000000000001
2026/09/11 16:04:35.487, 4, 1, 0, 210, 405, 23.99, 32, 0x0000000000000001
2026/09/11 16:04:35.487, 5, 1, 0, 210, 405, 21.70, 31, 0x0000000000000001
2026/09/11 16:04:35.987, 0, 1, 0, 210, 405, 22.05, 30, 0x0000000000000001
2026/09/11 16:04:35.987, 1, 22732, 69, 1650, 9501, 278.11, 57, 0x0000000000000004
2026/09/11 16:04:35.988, 2, 1, 0, 210, 405, 21.71, 31, 0x0000000000000001
2026/09/11 16:04:35.988, 3, 1, 0, 210, 405, 22.49, 32, 0x0000000000000001
2026/09/11 16:04:35.988, 4, 1, 0, 210, 405, 23.99, 32, 0x0000000000000001
2026/09/11 16:04:35.988, 5, 1, 0, 210, 405, 21.70, 31, 0x0000000000000001
2026/09/11 16:04:36.489, 0, 1, 0, 210, 405, 22.10, 30, 0x0000000000000001
2026/09/11 16:04:36.489, 1, 22732, 100, 1650, 9501, 279.20, 57, 0x0000000000000004
2026/09/11 16:04:36.489, 2, 1, 0, 210, 405, 21.84, 31, 0x0000000000000001
2026/09/11 16:04:36.489, 3, 1, 0, 210, 405, 22.48, 32, 0x0000000000000001
2026/09/11 16:04:36.490, 4, 1, 0, 210, 405, 24.17, 32, 0x0000000000000001
2026/09/11 16:04:36.490, 5, 1, 0, 210, 405, 21.57, 31, 0x0000000000000001
2026/09/11 16:04:36.990, 0, 1, 0, 210, 405, 22.10, 30, 0x0000000000000001
2026/09/11 16:04:36.990, 1, 22732, 70, 1650, 9501, 275.09, 57, 0x0000000000000004
2026/09/11 16:04:36.991, 2, 1, 0, 210, 405, 21.84, 31, 0x0000000000000001
2026/09/11 16:04:36.991, 3, 1, 0, 210, 405, 22.48, 32, 0x0000000000000001
2026/09/11 16:04:36.991, 4, 1, 0, 210, 405, 24.17, 32, 0x0000000000000001
2026/09/11 16:04:36.991, 5, 1, 0, 210, 405, 21.57, 31, 0x0000000000000001
2026/09/11 16:04:37.491, 0, 1, 0, 210, 405, 22.33, 30, 0x0000000000000001
2026/09/11 16:04:37.492, 1, 22732, 100, 1650, 9501, 277.65, 58, 0x0000000000000004
2026/09/11 16:04:37.492, 2, 1, 0, 210, 405, 21.87, 31, 0x0000000000000001
2026/09/11 16:04:37.492, 3, 1, 0, 210, 405, 22.59, 32, 0x0000000000000001
2026/09/11 16:04:37.492, 4, 1, 0, 210, 405, 24.40, 32, 0x0000000000000004
2026/09/11 16:04:37.493, 5, 1, 0, 210, 405, 21.71, 31, 0x0000000000000001
2026/09/11 16:04:37.993, 0, 1, 0, 210, 405, 22.33, 30, 0x0000000000000001
2026/09/11 16:04:37.993, 1, 22732, 77, 1620, 9501, 274.43, 56, 0x0000000000000004
2026/09/11 16:04:37.994, 2, 1, 0, 210, 405, 21.87, 31, 0x0000000000000001
2026/09/11 16:04:37.994, 3, 1, 0, 210, 405, 22.59, 32, 0x0000000000000001
2026/09/11 16:04:37.994, 4, 1, 0, 210, 405, 24.40, 32, 0x0000000000000004
2026/09/11 16:04:37.994, 5, 1, 0, 210, 405, 21.71, 31, 0x0000000000000001
2026/09/11 16:04:38.494, 0, 1, 0, 210, 405, 22.23, 30, 0x0000000000000001
2026/09/11 16:04:38.495, 1, 22732, 100, 1650, 9501, 276.34, 58, 0x0000000000000004
2026/09/11 16:04:38.495, 2, 1, 0, 210, 405, 21.73, 31, 0x0000000000000001
2026/09/11 16:04:38.495, 3, 1, 0, 210, 405, 22.50, 32, 0x0000000000000001
2026/09/11 16:04:38.495, 4, 1, 0, 210, 405, 24.04, 32, 0x0000000000000004
2026/09/11 16:04:38.496, 5, 1, 0, 210, 405, 21.76, 31, 0x0000000000000001
2026/09/11 16:04:38.996, 0, 1, 0, 210, 405, 22.23, 30, 0x0000000000000001
2026/09/11 16:04:38.996, 1, 22732, 100, 1635, 9501, 275.75, 58, 0x0000000000000004
2026/09/11 16:04:38.996, 2, 1, 0, 210, 405, 21.73, 31, 0x0000000000000001
2026/09/11 16:04:38.997, 3, 1, 0, 210, 405, 22.50, 32, 0x0000000000000001
2026/09/11 16:04:38.997, 4, 1, 0, 210, 405, 24.04, 32, 0x0000000000000004
2026/09/11 16:04:38.997, 5, 1, 0, 210, 405, 21.76, 31, 0x0000000000000001
2026/09/11 16:04:39.497, 0, 1, 0, 210, 405, 22.23, 30, 0x0000000000000001
2026/09/11 16:04:39.498, 1, 22732, 100, 1650, 9501, 279.58, 59, 0x0000000000000004
2026/09/11 16:04:39.498, 2, 1, 0, 210, 405, 21.65, 31, 0x0000000000000001
2026/09/11 16:04:39.498, 3, 1, 0, 210, 405, 22.49, 32, 0x0000000000000001
2026/09/11 16:04:39.498, 4, 1, 0, 210, 405, 23.85, 32, 0x0000000000000001
2026/09/11 16:04:39.498, 5, 1, 0, 210, 405, 21.75, 30, 0x0000000000000001
2026/09/11 16:04:39.999, 0, 1, 0, 210, 405, 22.23, 30, 0x0000000000000001
2026/09/11 16:04:39.999, 1, 22732, 100, 1650, 9501, 277.45, 58, 0x0000000000000004
2026/09/11 16:04:39.999, 2, 1, 0, 210, 405, 21.65, 31, 0x0000000000000001
2026/09/11 16:04:40.000, 3, 1, 0, 210, 405, 22.49, 32, 0x0000000000000001
2026/09/11 16:04:40.000, 4, 1, 0, 210, 405, 23.85, 32, 0x0000000000000001
2026/09/11 16:04:40.000, 5, 1, 0, 210, 405, 21.75, 30, 0x0000000000000001
2026/09/11 16:04:40.500, 0, 1, 0, 210, 405, 22.35, 30, 0x0000000000000001
2026/09/11 16:04:40.501, 1, 22732, 100, 1650, 9501, 275.86, 59, 0x0000000000000004
2026/09/11 16:04:40.501, 2, 1, 0, 210, 405, 21.66, 31, 0x0000000000000001
2026/09/11 16:04:40.501, 3, 1, 0, 210, 405, 22.53, 32, 0x0000000000000001
2026/09/11 16:04:40.501, 4, 1, 0, 210, 405, 23.98, 32, 0x0000000000000001
2026/09/11 16:04:40.502, 5, 1, 0, 210, 405, 21.75, 31, 0x0000000000000001
2026/09/11 16:04:41.002, 0, 1, 0, 210, 405, 22.35, 30, 0x0000000000000001
2026/09/11 16:04:41.002, 1, 22732, 100, 1515, 9501, 278.11, 59, 0x0000000000000004
2026/09/11 16:04:41.002, 2, 1, 0, 210, 405, 21.66, 31, 0x0000000000000001
2026/09/11 16:04:41.003, 3, 1, 0, 210, 405, 22.53, 32, 0x0000000000000001
2026/09/11 16:04:41.003, 4, 1, 0, 210, 405, 23.98, 32, 0x0000000000000001
2026/09/11 16:04:41.003, 5, 1, 0, 210, 405, 21.75, 31, 0x0000000000000001
2026/09/11 16:04:41.503, 0, 1, 0, 210, 405, 22.15, 30, 0x0000000000000001
2026/09/11 16:04:41.504, 1, 22732, 100, 1650, 9501, 279.95, 59, 0x0000000000000004
2026/09/11 16:04:41.504, 2, 1, 0, 210, 405, 21.76, 31, 0x0000000000000001
2026/09/11 16:04:41.504, 3, 1, 0, 210, 405, 22.40, 32, 0x0000000000000001
2026/09/11 16:04:41.504, 4, 1, 0, 210, 405, 24.10, 32, 0x0000000000000004
2026/09/11 16:04:41.504, 5, 1, 0, 210, 405, 21.63, 31, 0x0000000000000001
2026/09/11 16:04:42.005, 0, 1, 0, 210, 405, 22.15, 30, 0x0000000000000001
2026/09/11 16:04:42.005, 1, 22732, 100, 1620, 9501, 278.51, 59, 0x0000000000000004
2026/09/11 16:04:42.005, 2, 1, 0, 210, 405, 21.76, 31, 0x0000000000000001
2026/09/11 16:04:42.005, 3, 1, 0, 210, 405, 22.40, 32, 0x0000000000000001
2026/09/11 16:04:42.006, 4, 1, 0, 210, 405, 24.10, 32, 0x0000000000000004
2026/09/11 16:04:42.006, 5, 1, 0, 210, 405, 21.63, 31, 0x0000000000000001
2026/09/11 16:04:42.506, 0, 1, 0, 210, 405, 22.08, 30, 0x0000000000000001
2026/09/11 16:04:42.506, 1, 22732, 100, 1635, 9501, 275.56, 59, 0x0000000000000004
2026/09/11 16:04:42.507, 2, 1, 0, 210, 405, 21.80, 31, 0x0000000000000001
2026/09/11 16:04:42.507, 3, 1, 0, 210, 405, 22.37, 32, 0x0000000000000001
2026/09/11 16:04:42.507, 4, 1, 0, 210, 405, 24.16, 32, 0x0000000000000004
2026/09/11 16:04:42.507, 5, 1, 0, 210, 405, 21.62, 31, 0x0000000000000001
2026/09/11 16:04:43.008, 0, 1, 0, 210, 405, 22.08, 30, 0x0000000000000001
2026/09/11 16:04:43.008, 1, 22732, 100, 1635, 9501, 275.41, 60, 0x0000000000000004
2026/09/11 16:04:43.008, 2, 1, 0, 210, 405, 21.80, 31, 0x0000000000000001
2026/09/11 16:04:43.008, 3, 1, 0, 210, 405, 22.37, 32, 0x0000000000000001
2026/09/11 16:04:43.008, 4, 1, 0, 210, 405, 24.16, 32, 0x0000000000000004
2026/09/11 16:04:43.009, 5, 1, 0, 210, 405, 21.62, 31, 0x0000000000000001
2026/09/11 16:04:43.509, 0, 1, 0, 210, 405, 22.30, 30, 0x0000000000000001
2026/09/11 16:04:43.509, 1, 22732, 100, 1650, 9501, 279.80, 60, 0x0000000000000004
2026/09/11 16:04:43.510, 2, 1, 0, 210, 405, 21.46, 31, 0x0000000000000001
2026/09/11 16:04:43.510, 3, 1, 0, 210, 405, 22.39, 32, 0x0000000000000001
2026/09/11 16:04:43.510, 4, 1, 0, 210, 405, 24.13, 32, 0x0000000000000004
2026/09/11 16:04:43.510, 5, 1, 0, 210, 405, 21.72, 31, 0x0000000000000001
2026/09/11 16:04:44.010, 0, 1, 0, 210, 405, 22.30, 30, 0x0000000000000001
2026/09/11 16:04:44.011, 1, 22732, 100, 1650, 9501, 279.88, 60, 0x0000000000000004
2026/09/11 16:04:44.011, 2, 1, 0, 210, 405, 21.46, 31, 0x0000000000000001
2026/09/11 16:04:44.011, 3, 1, 0, 210, 405, 22.39, 32, 0x0000000000000001
2026/09/11 16:04:44.011, 4, 1, 0, 210, 405, 24.13, 32, 0x0000000000000004
2026/09/11 16:04:44.012, 5, 1, 0, 210, 405, 21.72, 31, 0x0000000000000001
2026/09/11 16:04:44.512, 0, 1, 0, 210, 405, 22.24, 30, 0x0000000000000001
2026/09/11 16:04:44.512, 1, 22732, 60, 1590, 9501, 274.45, 58, 0x0000000000000004
2026/09/11 16:04:44.512, 2, 1, 0, 210, 405, 21.60, 31, 0x0000000000000001
2026/09/11 16:04:44.513, 3, 1, 0, 210, 405, 22.26, 32, 0x0000000000000001
2026/09/11 16:04:44.513, 4, 1, 0, 210, 405, 24.11, 32, 0x0000000000000004
2026/09/11 16:04:44.513, 5, 1, 0, 210, 405, 21.66, 31, 0x0000000000000001
2026/09/11 16:04:45.013, 0, 1, 0, 210, 405, 22.24, 30, 0x0000000000000001
2026/09/11 16:04:45.014, 1, 22732, 100, 1590, 9501, 277.54, 58, 0x0000000000000004
2026/09/11 16:04:45.014, 2, 1, 0, 210, 405, 21.60, 31, 0x0000000000000001
2026/09/11 16:04:45.014, 3, 1, 0, 210, 405, 22.26, 32, 0x0000000000000001
2026/09/11 16:04:45.014, 4, 1, 0, 210, 405, 24.11, 32, 0x0000000000000004
2026/09/11 16:04:45.014, 5, 1, 0, 210, 405, 21.66, 31, 0x0000000000000001
2026/09/11 16:04:45.515, 0, 1, 0, 210, 405, 22.20, 30, 0x0000000000000001
2026/09/11 16:04:45.515, 1, 22732, 100, 1605, 9501, 276.72, 58, 0x0000000000000004
2026/09/11 16:04:45.515, 2, 1, 0, 210, 405, 21.63, 31, 0x0000000000000001
2026/09/11 16:04:45.516, 3, 1, 0, 210, 405, 22.34, 32, 0x0000000000000001
2026/09/11 16:04:45.516, 4, 1, 0, 210, 405, 24.17, 32, 0x0000000000000004
2026/09/11 16:04:45.516, 5, 1, 0, 210, 405, 21.68, 31, 0x0000000000000001
2026/09/11 16:04:46.016, 0, 1, 0, 210, 405, 22.20, 30, 0x0000000000000001
2026/09/11 16:04:46.017, 1, 22732, 99, 1620, 9501, 277.89, 59, 0x0000000000000004
2026/09/11 16:04:46.017, 2, 1, 0, 210, 405, 21.63, 31, 0x0000000000000001
2026/09/11 16:04:46.017, 3, 1, 0, 210, 405, 22.34, 32, 0x0000000000000001
2026/09/11 16:04:46.017, 4, 1, 0, 210, 405, 24.17, 32, 0x0000000000000004
2026/09/11 16:04:46.018, 5, 1, 0, 210, 405, 21.68, 31, 0x0000000000000001
2026/09/11 16:04:46.518, 0, 1, 0, 210, 405, 22.38, 30, 0x0000000000000001
2026/09/11 16:04:46.518, 1, 22732, 77, 1590, 9501, 275.66, 57, 0x0000000000000004
2026/09/11 16:04:46.519, 2, 1, 0, 210, 405, 21.34, 31, 0x0000000000000001
2026/09/11 16:04:46.519, 3, 1, 0, 210, 405, 22.47, 32, 0x0000000000000001
2026/09/11 16:04:46.519, 4, 1, 0, 210, 405, 24.20, 32, 0x0000000000000004
2026/09/11 16:04:46.519, 5, 1, 0, 210, 405, 21.76, 31, 0x0000000000000001
2026/09/11 16:04:47.019, 0, 1, 0, 210, 405, 22.38, 30, 0x0000000000000001
2026/09/11 16:04:47.020, 1, 22732, 95, 1635, 9501, 278.63, 60, 0x0000000000000004
2026/09/11 16:04:47.020, 2, 1, 0, 210, 405, 21.34, 31, 0x0000000000000001
2026/09/11 16:04:47.020, 3, 1, 0, 210, 405, 22.47, 32, 0x0000000000000001
2026/09/11 16:04:47.020, 4, 1, 0, 210, 405, 24.20, 32, 0x0000000000000004
2026/09/11 16:04:47.021, 5, 1, 0, 210, 405, 21.76, 31, 0x0000000000000001
2026/09/11 16:04:47.521, 0, 1, 0, 210, 405, 22.34, 30, 0x0000000000000001
2026/09/11 16:04:47.521, 1, 22732, 100, 1605, 9501, 274.04, 58, 0x0000000000000004
2026/09/11 16:04:47.522, 2, 1, 0, 210, 405, 21.58, 31, 0x0000000000000001
2026/09/11 16:04:47.522, 3, 1, 0, 210, 405, 22.34, 32, 0x0000000000000001
2026/09/11 16:04:47.522, 4, 1, 0, 210, 405, 24.27, 32, 0x0000000000000004
2026/09/11 16:04:47.522, 5, 1, 0, 210, 405, 21.71, 31, 0x0000000000000001
2026/09/11 16:04:48.022, 0, 1, 0, 210, 405, 22.34, 30, 0x0000000000000001
2026/09/11 16:04:48.023, 1, 22732, 100, 1635, 9501, 276.33, 60, 0x0000000000000004
2026/09/11 16:04:48.023, 2, 1, 0, 210, 405, 21.58, 31, 0x0000000000000001
2026/09/11 16:04:48.023, 3, 1, 0, 210, 405, 22.34, 32, 0x0000000000000001
2026/09/11 16:04:48.023, 4, 1, 0, 210, 405, 24.27, 32, 0x0000000000000004
2026/09/11 16:04:48.023, 5, 1, 0, 210, 405, 21.71, 31, 0x0000000000000001
2026/09/11 16:04:48.524, 0, 1, 0, 210, 405, 22.42, 30, 0x0000000000000001
2026/09/11 16:04:48.524, 1, 22732, 100, 1605, 9501, 275.76, 60, 0x0000000000000004
2026/09/11 16:04:48.524, 2, 1, 0, 210, 405, 21.86, 31, 0x0000000000000001
2026/09/11 16:04:48.525, 3, 1, 0, 210, 405, 22.35, 32, 0x0000000000000001
2026/09/11 16:04:48.525, 4, 1, 0, 210, 405, 24.32, 32, 0x0000000000000004
2026/09/11 16:04:48.525, 5, 1, 0, 210, 405, 21.72, 31, 0x0000000000000001
2026/09/11 16:04:49.025, 0, 1, 0, 210, 405, 22.42, 30, 0x0000000000000001
2026/09/11 16:04:49.026, 1, 22732, 100, 1560, 9501, 279.83, 59, 0x0000000000000004
2026/09/11 16:04:49.026, 2, 1, 0, 210, 405, 21.86, 31, 0x0000000000000001
2026/09/11 16:04:49.026, 3, 1, 0, 210, 405, 22.35, 32, 0x0000000000000001
2026/09/11 16:04:49.026, 4, 1, 0, 210, 405, 24.32, 32, 0x0000000000000004
2026/09/11 16:04:49.026, 5, 1, 0, 210, 405, 21.72, 31, 0x0000000000000001
2026/09/11 16:04:49.527, 0, 1, 0, 210, 405, 22.52, 30, 0x0000000000000001
2026/09/11 16:04:49.527, 1, 22732, 100, 1635, 9501, 276.61, 60, 0x0000000000000004
2026/09/11 16:04:49.527, 2, 1, 0, 210, 405, 21.63, 31, 0x0000000000000001
2026/09/11 16:04:49.528, 3, 1, 0, 210, 405, 22.42, 32, 0x0000000000000001
2026/09/11 16:04:49.528, 4, 1, 0, 210, 405, 24.23, 32, 0x0000000000000004
2026/09/11 16:04:49.528, 5, 1, 0, 210, 405, 21.85, 31, 0x0000000000000001
2026/09/11 16:04:50.029, 0, 1, 0, 210, 405, 22.52, 30, 0x0000000000000001
2026/09/11 16:04:50.029, 1, 22732, 100, 1635, 9501, 279.79, 61, 0x0000000000000004
2026/09/11 16:04:50.029, 2, 1, 0, 210, 405, 21.63, 31, 0x0000000000000001
2026/09/11 16:04:50.029, 3, 1, 0, 210, 405, 22.42, 32, 0x0000000000000001
2026/09/11 16:04:50.029, 4, 1, 0, 210, 405, 24.23, 32, 0x0000000000000004
2026/09/11 16:04:50.030, 5, 1, 0, 210, 405, 21.85, 31, 0x0000000000000001
2026/09/11 16:04:50.530, 0, 1, 0, 210, 405, 22.29, 30, 0x0000000000000001
2026/09/11 16:04:50.530, 1, 22732, 100, 1635, 9501, 280.03, 61, 0x0000000000000004
2026/09/11 16:04:50.531, 2, 1, 0, 210, 405, 21.55, 31, 0x0000000000000001
2026/09/11 16:04:50.531, 3, 1, 0, 210, 405, 22.31, 32, 0x0000000000000001
2026/09/11 16:04:50.531, 4, 1, 0, 210, 405, 24.37, 32, 0x0000000000000001
2026/09/11 16:04:50.531, 5, 1, 0, 210, 405, 21.93, 31, 0x0000000000000001
2026/09/11 16:04:51.031, 0, 1, 0, 210, 405, 22.29, 30, 0x0000000000000001
2026/09/11 16:04:51.032, 1, 22732, 100, 1575, 9501, 278.44, 61, 0x0000000000000004
2026/09/11 16:04:51.032, 2, 1, 0, 210, 405, 21.55, 31, 0x0000000000000001
2026/09/11 16:04:51.032, 3, 1, 0, 210, 405, 22.31, 32, 0x0000000000000001
2026/09/11 16:04:51.032, 4, 1, 0, 210, 405, 24.37, 32, 0x0000000000000001
2026/09/11 16:04:51.032, 5, 1, 0, 210, 405, 21.93, 31, 0x0000000000000001
2026/09/11 16:04:51.533, 0, 1, 0, 210, 405, 22.28, 30, 0x0000000000000001
2026/09/11 16:04:51.533, 1, 22732, 100, 1590, 9501, 279.96, 60, 0x0000000000000004
2026/09/11 16:04:51.533, 2, 1, 0, 210, 405, 21.48, 31, 0x0000000000000001
2026/09/11 16:04:51.534, 3, 1, 0, 210, 405, 22.28, 32, 0x0000000000000001
2026/09/11 16:04:51.534, 4, 1, 0, 210, 405, 24.27, 32, 0x0000000000000001
2026/09/11 16:04:51.534, 5, 1, 0, 210, 405, 21.95, 31, 0x0000000000000001
2026/09/11 16:04:52.034, 0, 1, 0, 210, 405, 22.28, 30, 0x0000000000000001
2026/09/11 16:04:52.035, 1, 22732, 100, 1545, 9501, 275.87, 60, 0x0000000000000004
2026/09/11 16:04:52.035, 2, 1, 0, 210, 405, 21.48, 31, 0x0000000000000001
2026/09/11 16:04:52.035, 3, 1, 0, 210, 405, 22.28, 32, 0x0000000000000001
2026/09/11 16:04:52.035, 4, 1, 0, 210, 405, 24.27, 32, 0x0000000000000001
2026/09/11 16:04:52.036, 5, 1, 0, 210, 405, 21.95, 31, 0x0000000000000001
2026/09/11 16:04:52.536, 0, 1, 0, 210, 405, 22.32, 29, 0x0000000000000001
2026/09/11 16:04:52.536, 1, 22732, 100, 1635, 9501, 277.25, 61, 0x0000000000000004
2026/09/11 16:04:52.537, 2, 1, 0, 210, 405, 21.67, 31, 0x0000000000000004
2026/09/11 16:04:52.537, 3, 1, 0, 210, 405, 22.34, 32, 0x0000000000000001
2026/09/11 16:04:52.537, 4, 1, 0, 210, 405, 24.28, 32, 0x0000000000000001
2026/09/11 16:04:52.537, 5, 1, 0, 210, 405, 21.93, 31, 0x0000000000000001
2026/09/11 16:04:53.037, 0, 1, 0, 210, 405, 22.32, 29, 0x0000000000000001
2026/09/11 16:04:53.038, 1, 22732, 100, 1590, 9501, 274.06, 61, 0x0000000000000004
2026/09/11 16:04:53.038, 2, 1, 0, 210, 405, 21.67, 31, 0x0000000000000004
2026/09/11 16:04:53.038, 3, 1, 0, 210, 405, 22.34, 32, 0x0000000000000001
2026/09/11 16:04:53.038, 4, 1, 0, 210, 405, 24.28, 32, 0x0000000000000001
2026/09/11 16:04:53.039, 5, 1, 0, 210, 405, 21.93, 31, 0x0000000000000001
2026/09/11 16:04:53.539, 0, 1, 0, 210, 405, 22.09, 29, 0x0000000000000001
2026/09/11 16:04:53.539, 1, 22732, 100, 1635, 9501, 279.85, 62, 0x0000000000000004
2026/09/11 16:04:53.539, 2, 1, 0, 210, 405, 21.70, 31, 0x0000000000000001
2026/09/11 16:04:53.540, 3, 1, 0, 210, 405, 22.26, 32, 0x0000000000000001
2026/09/11 16:04:53.540, 4, 1, 0, 210, 405, 24.67, 32, 0x0000000000000001
2026/09/11 16:04:53.540, 5, 1, 0, 210, 405, 21.75, 31, 0x0000000000000001
2026/09/11 16:04:54.040, 0, 1, 0, 210, 405, 22.09, 29, 0x0000000000000001
2026/09/11 16:04:54.041, 1, 22732, 100, 1590, 9501, 277.32, 61, 0x0000000000000004
2026/09/11 16:04:54.041, 2, 1, 0, 210, 405, 21.70, 31, 0x0000000000000001
2026/09/11 16:04:54.041, 3, 1, 0, 210, 405, 22.26, 32, 0x0000000000000001
2026/09/11 16:04:54.041, 4, 1, 0, 210, 405, 24.67, 32, 0x0000000000000001
2026/09/11 16:04:54.041, 5, 1, 0, 210, 405, 21.75, 31, 0x0000000000000001
2026/09/11 16:04:54.542, 0, 1, 0, 210, 405, 22.16, 29, 0x0000000000000001
2026/09/11 16:04:54.542, 1, 22732, 100, 1635, 9501, 279.91, 62, 0x0000000000000004
2026/09/11 16:04:54.542, 2, 1, 0, 210, 405, 21.41, 31, 0x0000000000000001
2026/09/11 16:04:54.543, 3, 1, 0, 210, 405, 22.34, 32, 0x0000000000000001
2026/09/11 16:04:54.543, 4, 1, 0, 210, 405, 24.53, 32, 0x0000000000000004
2026/09/11 16:04:54.543, 5, 1, 0, 210, 405, 21.70, 31, 0x0000000000000001
2026/09/11 16:04:55.043, 0, 1, 0, 210, 405, 22.16, 29, 0x0000000000000001
2026/09/11 16:04:55.044, 1, 22732, 100, 1605, 9501, 278.57, 62, 0x0000000000000004
2026/09/11 16:04:55.044, 2, 1, 0, 210, 405, 21.41, 31, 0x0000000000000001
2026/09/11 16:04:55.044, 3, 1, 0, 210, 405, 22.34, 32, 0x0000000000000001
2026/09/11 16:04:55.044, 4, 1, 0, 210, 405, 24.53, 32, 0x0000000000000004
2026/09/11 16:04:55.044, 5, 1, 0, 210, 405, 21.70, 31, 0x0000000000000001
2026/09/11 16:04:55.545, 0, 1, 0, 210, 405, 22.31, 30, 0x0000000000000001
2026/09/11 16:04:55.545, 1, 22732, 100, 1620, 9501, 279.90, 62, 0x0000000000000004
2026/09/11 16:04:55.545, 2, 1, 0, 210, 405, 21.46, 31, 0x0000000000000001
2026/09/11 16:04:55.545, 3, 1, 0, 210, 405, 22.56, 32, 0x0000000000000001
2026/09/11 16:04:55.545, 4, 1, 0, 210, 405, 24.47, 32, 0x0000000000000001
2026/09/11 16:04:55.546, 5, 1, 0, 210, 405, 21.74, 31, 0x0000000000000001
2026/09/11 16:04:56.046, 0, 1, 0, 210, 405, 22.31, 30, 0x0000000000000001
2026/09/11 16:04:56.046, 1, 22732, 100, 1575, 9501, 279.02, 62, 0x0000000000000004
2026/09/11 16:04:56.047, 2, 1, 0, 210, 405, 21.46, 31, 0x0000000000000001
2026/09/11 16:04:56.047, 3, 1, 0, 210, 405, 22.56, 32, 0x0000000000000001
2026/09/11 16:04:56.047, 4, 1, 0, 210, 405, 24.47, 32, 0x0000000000000001
2026/09/11 16:04:56.047, 5, 1, 0, 210, 405, 21.74, 31, 0x0000000000000001
2026/09/11 16:04:56.547, 0, 1, 0, 210, 405, 22.25, 30, 0x0000000000000001
2026/09/11 16:04:56.548, 1, 22732, 100, 1605, 9501, 280.03, 62, 0x0000000000000004
2026/09/11 16:04:56.548, 2, 1, 0, 210, 405, 21.59, 31, 0x0000000000000001
2026/09/11 16:04:56.548, 3, 1, 0, 210, 405, 22.49, 32, 0x0000000000000001
2026/09/11 16:04:56.548, 4, 1, 0, 210, 405, 24.57, 32, 0x0000000000000001
2026/09/11 16:04:56.549, 5, 1, 0, 210, 405, 21.63, 31, 0x0000000000000001
2026/09/11 16:04:57.049, 0, 1, 0, 210, 405, 22.25, 30, 0x0000000000000001
2026/09/11 16:04:57.049, 1, 22732, 100, 1590, 9501, 279.40, 62, 0x0000000000000004
2026/09/11 16:04:57.050, 2, 1, 0, 210, 405, 21.59, 31, 0x0000000000000001
2026/09/11 16:04:57.050, 3, 1, 0, 210, 405, 22.49, 32, 0x0000000000000001
2026/09/11 16:04:57.050, 4, 1, 0, 210, 405, 24.57, 32, 0x0000000000000001
2026/09/11 16:04:57.050, 5, 1, 0, 210, 405, 21.63, 31, 0x0000000000000001
2026/09/11 16:04:57.550, 0, 1, 0, 210, 405, 22.29, 30, 0x0000000000000001
2026/09/11 16:04:57.551, 1, 22732, 69, 1560, 9501, 277.53, 62, 0x0000000000000004
2026/09/11 16:04:57.551, 2, 1, 0, 210, 405, 21.50, 31, 0x0000000000000001
2026/09/11 16:04:57.551, 3, 1, 0, 210, 405, 22.45, 32, 0x0000000000000001
2026/09/11 16:04:57.551, 4, 1, 0, 210, 405, 24.27, 32, 0x0000000000000004
2026/09/11 16:04:57.552, 5, 1, 0, 210, 405, 21.66, 31, 0x0000000000000001
2026/09/11 16:04:58.052, 0, 1, 0, 210, 405, 22.29, 30, 0x0000000000000001
2026/09/11 16:04:58.052, 1, 22732, 100, 1605, 9501, 278.81, 63, 0x0000000000000004
2026/09/11 16:04:58.053, 2, 1, 0, 210, 405, 21.50, 31, 0x0000000000000001
2026/09/11 16:04:58.053, 3, 1, 0, 210, 405, 22.45, 32, 0x0000000000000001
2026/09/11 16:04:58.053, 4, 1, 0, 210, 405, 24.27, 32, 0x0000000000000004
2026/09/11 16:04:58.053, 5, 1, 0, 210, 405, 21.66, 31, 0x0000000000000001
2026/09/11 16:04:58.553, 0, 1, 0, 210, 405, 22.36, 30, 0x0000000000000001
2026/09/11 16:04:58.554, 1, 22732, 100, 1620, 9501, 277.04, 62, 0x0000000000000004
2026/09/11 16:04:58.554, 2, 1, 0, 210, 405, 21.67, 31, 0x0000000000000001
2026/09/11 16:04:58.554, 3, 1, 0, 210, 405, 22.40, 32, 0x0000000000000001
2026/09/11 16:04:58.554, 4, 1, 0, 210, 405, 24.26, 32, 0x0000000000000001
2026/09/11 16:04:58.554, 5, 1, 0, 210, 405, 21.79, 31, 0x0000000000000001
2026/09/11 16:04:59.055, 0, 1, 0, 210, 405, 22.36, 30, 0x0000000000000001
2026/09/11 16:04:59.055, 1, 22732, 100, 1620, 9501, 279.39, 63, 0x0000000000000004
2026/09/11 16:04:59.055, 2, 1, 0, 210, 405, 21.67, 31, 0x0000000000000001
2026/09/11 16:04:59.056, 3, 1, 0, 210, 405, 22.40, 32, 0x0000000000000001
2026/09/11 16:04:59.056, 4, 1, 0, 210, 405, 24.26, 32, 0x0000000000000001
2026/09/11 16:04:59.056, 5, 1, 0, 210, 405, 21.79, 31, 0x0000000000000001
2026/09/11 16:04:59.556, 0, 1, 0, 210, 405, 22.33, 30, 0x0000000000000001
2026/09/11 16:04:59.557, 1, 22732, 100, 1605, 9501, 279.40, 63, 0x0000000000000004
2026/09/11 16:04:59.557, 2, 1, 0, 210, 405, 21.77, 31, 0x0000000000000001
2026/09/11 16:04:59.557, 3, 1, 0, 210, 405, 22.22, 32, 0x0000000000000001
2026/09/11 16:04:59.557, 4, 1, 0, 210, 405, 24.46, 32, 0x0000000000000001
2026/09/11 16:04:59.557, 5, 1, 0, 210, 405, 21.71, 31, 0x0000000000000001
2026/09/11 16:05:00.058, 0, 1, 0, 210, 405, 22.33, 30, 0x0000000000000001
2026/09/11 16:05:00.058, 1, 22732, 100, 1605, 9501, 279.54, 63, 0x0000000000000004
2026/09/11 16:05:00.058, 2, 1, 0, 210, 405, 21.77, 31, 0x0000000000000001
2026/09/11 16:05:00.058, 3, 1, 0, 210, 405, 22.22, 32, 0x0000000000000001
2026/09/11 16:05:00.059, 4, 1, 0, 210, 405, 24.46, 32, 0x0000000000000001
2026/09/11 16:05:00.059, 5, 1, 0, 210, 405, 21.71, 31, 0x0000000000000001
2026/09/11 16:05:00.559, 0, 1, 0, 210, 405, 22.42, 30, 0x0000000000000001
2026/09/11 16:05:00.560, 1, 22732, 100, 1605, 9501, 279.58, 63, 0x0000000000000004
2026/09/11 16:05:00.560, 2, 1, 0, 210, 405, 21.46, 31, 0x0000000000000001
2026/09/11 16:05:00.560, 3, 1, 0, 210, 405, 22.28, 32, 0x0000000000000001
2026/09/11 16:05:00.560, 4, 1, 0, 210, 405, 24.18, 32, 0x0000000000000004
2026/09/11 16:05:00.560, 5, 1, 0, 210, 405, 21.68, 31, 0x0000000000000001
2026/09/11 16:05:01.061, 0, 1, 0, 210, 405, 22.42, 30, 0x0000000000000001
2026/09/11 16:05:01.061, 1, 22732, 100, 1605, 9501, 279.43, 63, 0x0000000000000004
2026/09/11 16:05:01.061, 2, 1, 0, 210, 405, 21.46, 31, 0x0000000000000001
2026/09/11 16:05:01.061, 3, 1, 0, 210, 405, 22.28, 32, 0x0000000000000001
2026/09/11 16:05:01.062, 4, 1, 0, 210, 405, 24.18, 32, 0x0000000000000004
2026/09/11 16:05:01.062, 5, 1, 0, 210, 405, 21.68, 31, 0x0000000000000001
2026/09/11 16:05:01.562, 0, 1, 0, 210, 405, 22.52, 30, 0x0000000000000001
2026/09/11 16:05:01.562, 1, 22732, 100, 1605, 9501, 279.43, 63, 0x0000000000000004
2026/09/11 16:05:01.563, 2, 1, 0, 210, 405, 21.49, 31, 0x0000000000000001
2026/09/11 16:05:01.563, 3, 1, 0, 210, 405, 22.36, 32, 0x0000000000000001
2026/09/11 16:05:01.563, 4, 1, 0, 210, 405, 24.09, 32, 0x0000000000000001
2026/09/11 16:05:01.563, 5, 1, 0, 210, 405, 21.71, 31, 0x0000000000000001
2026/09/11 16:05:02.064, 0, 1, 0, 210, 405, 22.52, 30, 0x0000000000000001
2026/09/11 16:05:02.064, 1, 22732, 100, 1605, 9501, 279.37, 63, 0x0000000000000004
2026/09/11 16:05:02.064, 2, 1, 0, 210, 405, 21.49, 31, 0x0000000000000001
2026/09/11 16:05:02.064, 3, 1, 0, 210, 405, 22.36, 32, 0x0000000000000001
2026/09/11 16:05:02.064, 4, 1, 0, 210, 405, 24.09, 32, 0x0000000000000001
2026/09/11 16:05:02.065, 5, 1, 0, 210, 405, 21.71, 31, 0x0000000000000001
2026/09/11 16:05:02.565, 0, 1, 0, 210, 405, 22.36, 30, 0x0000000000000001
2026/09/11 16:05:02.565, 1, 22732, 100, 1605, 9501, 279.52, 63, 0x0000000000000004
2026/09/11 16:05:02.565, 2, 1, 0, 210, 405, 21.79, 31, 0x0000000000000001
2026/09/11 16:05:02.566, 3, 1, 0, 210, 405, 22.20, 32, 0x0000000000000001
2026/09/11 16:05:02.566, 4, 1, 0, 210, 405, 24.27, 32, 0x0000000000000001
2026/09/11 16:05:02.566, 5, 1, 0, 210, 405, 21.60, 31, 0x0000000000000001
2026/09/11 16:05:03.066, 0, 1, 0, 210, 405, 22.36, 30, 0x0000000000000001
2026/09/11 16:05:03.067, 1, 22732, 100, 1605, 9501, 279.61, 64, 0x0000000000000004
2026/09/11 16:05:03.067, 2, 1, 0, 210, 405, 21.79, 31, 0x0000000000000001
2026/09/11 16:05:03.067, 3, 1, 0, 210, 405, 22.20, 32, 0x0000000000000001
2026/09/11 16:05:03.067, 4, 1, 0, 210, 405, 24.27, 32, 0x0000000000000001
2026/09/11 16:05:03.067, 5, 1, 0, 210, 405, 21.60, 31, 0x0000000000000001
2026/09/11 16:05:03.568, 0, 1, 0, 210, 405, 22.41, 30, 0x0000000000000001
2026/09/11 16:05:03.568, 1, 22732, 100, 1605, 9501, 279.60, 64, 0x0000000000000004
2026/09/11 16:05:03.568, 2, 1, 0, 210, 405, 21.84, 31, 0x0000000000000001
2026/09/11 16:05:03.569, 3, 1, 0, 210, 405, 22.27, 32, 0x0000000000000001
2026/09/11 16:05:03.569, 4, 1, 0, 210, 405, 24.19, 32, 0x0000000000000004
2026/09/11 16:05:03.569, 5, 1, 0, 210, 405, 21.61, 31, 0x0000000000000001
2026/09/11 16:05:04.069, 0, 1, 0, 210, 405, 22.41, 30, 0x0000000000000001
2026/09/11 16:05:04.070, 1, 22732, 100, 1605, 9501, 279.40, 64, 0x0000000000000004
2026/09/11 16:05:04.070, 2, 1, 0, 210, 405, 21.84, 31, 0x0000000000000001
2026/09/11 16:05:04.070, 3, 1, 0, 210, 405, 22.27, 32, 0x0000000000000001
2026/09/11 16:05:04.071, 4, 1, 0, 210, 405, 24.19, 32, 0x0000000000000004
2026/09/11 16:05:04.071, 5, 1, 0, 210, 405, 21.61, 31, 0x0000000000000001
2026/09/11 16:05:04.571, 0, 1, 0, 210, 405, 22.56, 30, 0x0000000000000001
2026/09/11 16:05:04.572, 1, 22732, 100, 1605, 9501, 279.44, 64, 0x0000000000000004
2026/09/11 16:05:04.572, 2, 1, 0, 210, 405, 21.69, 31, 0x0000000000000001
2026/09/11 16:05:04.572, 3, 1, 0, 210, 405, 22.50, 32, 0x0000000000000001
2026/09/11 16:05:04.573, 4, 1, 0, 210, 405, 24.22, 32, 0x0000000000000004
2026/09/11 16:05:04.573, 5, 1, 0, 210, 405, 21.72, 31, 0x0000000000000001
2026/09/11 16:05:05.073, 0, 1, 0, 210, 405, 22.56, 30, 0x0000000000000001
2026/09/11 16:05:05.074, 1, 22732, 100, 1590, 9501, 279.39, 64, 0x0000000000000004
2026/09/11 16:05:05.074, 2, 1, 0, 210, 405, 21.69, 31, 0x0000000000000001
2026/09/11 16:05:05.074, 3, 1, 0, 210, 405, 22.50, 32, 0x0000000000000001
2026/09/11 16:05:05.074, 4, 1, 0, 210, 405, 24.22, 32, 0x0000000000000004
2026/09/11 16:05:05.074, 5, 1, 0, 210, 405, 21.72, 31, 0x0000000000000001
2026/09/11 16:05:05.575, 0, 1, 0, 210, 405, 22.37, 30, 0x0000000000000001
2026/09/11 16:05:05.575, 1, 22732, 100, 1620, 9501, 279.66, 64, 0x0000000000000004
2026/09/11 16:05:05.575, 2, 1, 0, 210, 405, 21.48, 31, 0x0000000000000001
2026/09/11 16:05:05.575, 3, 1, 0, 210, 405, 22.38, 32, 0x0000000000000001
2026/09/11 16:05:05.576, 4, 1, 0, 210, 405, 24.23, 32, 0x0000000000000004
2026/09/11 16:05:05.576, 5, 1, 0, 210, 405, 21.71, 31, 0x0000000000000001
2026/09/11 16:05:06.076, 0, 1, 0, 210, 405, 22.37, 30, 0x0000000000000001
2026/09/11 16:05:06.076, 1, 22732, 100, 1545, 9501, 279.25, 63, 0x0000000000000004
2026/09/11 16:05:06.077, 2, 1, 0, 210, 405, 21.48, 31, 0x0000000000000001
2026/09/11 16:05:06.077, 3, 1, 0, 210, 405, 22.38, 32, 0x0000000000000001
2026/09/11 16:05:06.077, 4, 1, 0, 210, 405, 24.23, 32, 0x0000000000000004
2026/09/11 16:05:06.077, 5, 1, 0, 210, 405, 21.71, 31, 0x0000000000000001
2026/09/11 16:05:06.578, 0, 1, 0, 210, 405, 22.32, 30, 0x0000000000000001
2026/09/11 16:05:06.578, 1, 22732, 100, 1560, 9501, 279.74, 63, 0x0000000000000004
2026/09/11 16:05:06.578, 2, 1, 0, 210, 405, 21.61, 31, 0x0000000000000001
2026/09/11 16:05:06.578, 3, 1, 0, 210, 405, 22.33, 32, 0x0000000000000001
2026/09/11 16:05:06.579, 4, 1, 0, 210, 405, 24.28, 32, 0x0000000000000004
2026/09/11 16:05:06.579, 5, 1, 0, 210, 405, 21.75, 31, 0x0000000000000001
2026/09/11 16:05:07.079, 0, 1, 0, 210, 405, 22.32, 30, 0x0000000000000001
2026/09/11 16:05:07.079, 1, 22732, 100, 1545, 9501, 279.05, 63, 0x0000000000000004
2026/09/11 16:05:07.080, 2, 1, 0, 210, 405, 21.61, 31, 0x0000000000000001
2026/09/11 16:05:07.080, 3, 1, 0, 210, 405, 22.33, 32, 0x0000000000000001
2026/09/11 16:05:07.080, 4, 1, 0, 210, 405, 24.28, 32, 0x0000000000000004
2026/09/11 16:05:07.080, 5, 1, 0, 210, 405, 21.75, 31, 0x0000000000000001
2026/09/11 16:05:07.580, 0, 1, 0, 210, 405, 22.30, 30, 0x0000000000000001
2026/09/11 16:05:07.581, 1, 22732, 100, 1560, 9501, 279.69, 63, 0x0000000000000004
2026/09/11 16:05:07.581, 2, 1, 0, 210, 405, 21.73, 31, 0x0000000000000001
2026/09/11 16:05:07.581, 3, 1, 0, 210, 405, 22.36, 32, 0x0000000000000001
2026/09/11 16:05:07.581, 4, 1, 0, 210, 405, 24.34, 32, 0x0000000000000004
2026/09/11 16:05:07.582, 5, 1, 0, 210, 405, 21.79, 31, 0x0000000000000001
2026/09/11 16:05:08.082, 0, 1, 0, 210, 405, 22.30, 30, 0x0000000000000001
2026/09/11 16:05:08.082, 1, 22732, 100, 1590, 9501, 278.92, 64, 0x0000000000000004
2026/09/11 16:05:08.082, 2, 1, 0, 210, 405, 21.73, 31, 0x0000000000000001
2026/09/11 16:05:08.083, 3, 1, 0, 210, 405, 22.36, 32, 0x0000000000000001
2026/09/11 16:05:08.083, 4, 1, 0, 210, 405, 24.34, 32, 0x0000000000000004
2026/09/11 16:05:08.083, 5, 1, 0, 210, 405, 21.79, 31, 0x0000000000000001
2026/09/11 16:05:08.583, 0, 1, 0, 210, 405, 22.37, 30, 0x0000000000000001
2026/09/11 16:05:08.584, 1, 22732, 100, 1620, 9501, 277.42, 64, 0x0000000000000004
2026/09/11 16:05:08.584, 2, 1, 0, 210, 405, 21.64, 31, 0x0000000000000001
2026/09/11 16:05:08.584, 3, 1, 0, 210, 405, 22.36, 32, 0x0000000000000001
2026/09/11 16:05:08.584, 4, 1, 0, 210, 405, 24.22, 32, 0x0000000000000004
2026/09/11 16:05:08.584, 5, 1, 0, 210, 405, 21.81, 31, 0x0000000000000001
2026/09/11 16:05:09.085, 0, 1, 0, 210, 405, 22.37, 30, 0x0000000000000001
2026/09/11 16:05:09.085, 1, 22732, 100, 1515, 9501, 278.53, 64, 0x0000000000000004
2026/09/11 16:05:09.085, 2, 1, 0, 210, 405, 21.64, 31, 0x0000000000000001
2026/09/11 16:05:09.085, 3, 1, 0, 210, 405, 22.36, 32, 0x0000000000000001
2026/09/11 16:05:09.086, 4, 1, 0, 210, 405, 24.22, 32, 0x0000000000000004
2026/09/11 16:05:09.086, 5, 1, 0, 210, 405, 21.81, 31, 0x0000000000000001
2026/09/11 16:05:09.586, 0, 1, 0, 210, 405, 22.59, 30, 0x0000000000000001
2026/09/11 16:05:09.586, 1, 22732, 100, 1620, 9501, 280.12, 64, 0x0000000000000004
2026/09/11 16:05:09.587, 2, 1, 0, 210, 405, 21.85, 31, 0x0000000000000001
2026/09/11 16:05:09.587, 3, 1, 0, 210, 405, 22.43, 32, 0x0000000000000001
2026/09/11 16:05:09.587, 4, 1, 0, 210, 405, 24.02, 32, 0x0000000000000004
2026/09/11 16:05:09.587, 5, 1, 0, 210, 405, 21.86, 31, 0x0000000000000001
2026/09/11 16:05:10.088, 0, 1, 0, 210, 405, 22.59, 30, 0x0000000000000001
2026/09/11 16:05:10.088, 1, 22732, 100, 1560, 9501, 278.25, 64, 0x0000000000000004
2026/09/11 16:05:10.088, 2, 1, 0, 210, 405, 21.85, 31, 0x0000000000000001
2026/09/11 16:05:10.088, 3, 1, 0, 210, 405, 22.43, 32, 0x0000000000000001
2026/09/11 16:05:10.089, 4, 1, 0, 210, 405, 24.02, 32, 0x0000000000000004
2026/09/11 16:05:10.089, 5, 1, 0, 210, 405, 21.86, 31, 0x0000000000000001
2026/09/11 16:05:10.589, 0, 1, 0, 210, 405, 22.50, 30, 0x0000000000000001
2026/09/11 16:05:10.589, 1, 22732, 100, 1605, 9501, 280.03, 65, 0x0000000000000004
2026/09/11 16:05:10.590, 2, 1, 0, 210, 405, 21.76, 31, 0x0000000000000001
2026/09/11 16:05:10.590, 3, 1, 0, 210, 405, 22.26, 32, 0x0000000000000001
2026/09/11 16:05:10.590, 4, 1, 0, 210, 405, 23.95, 32, 0x0000000000000001
2026/09/11 16:05:10.590, 5, 1, 0, 210, 405, 21.80, 31, 0x0000000000000001
2026/09/11 16:05:11.090, 0, 1, 0, 210, 405, 22.50, 30, 0x0000000000000001
2026/09/11 16:05:11.091, 1, 22732, 100, 1590, 9501, 278.33, 65, 0x0000000000000004
2026/09/11 16:05:11.091, 2, 1, 0, 210, 405, 21.76, 31, 0x0000000000000001
2026/09/11 16:05:11.091, 3, 1, 0, 210, 405, 22.26, 32, 0x0000000000000001
2026/09/11 16:05:11.091, 4, 1, 0, 210, 405, 23.95, 32, 0x0000000000000001
2026/09/11 16:05:11.092, 5, 1, 0, 210, 405, 21.80, 31, 0x0000000000000001
2026/09/11 16:05:11.592, 0, 1, 0, 210, 405, 22.47, 30, 0x0000000000000001
2026/09/11 16:05:11.592, 1, 22732, 100, 1620, 9501, 279.70, 65, 0x0000000000000004
2026/09/11 16:05:11.592, 2, 1, 0, 210, 405, 21.47, 31, 0x0000000000000001
2026/09/11 16:05:11.593, 3, 1, 0, 210, 405, 22.17, 32, 0x0000000000000001
2026/09/11 16:05:11.593, 4, 1, 0, 210, 405, 24.04, 32, 0x0000000000000001
2026/09/11 16:05:11.593, 5, 1, 0, 210, 405, 21.71, 31, 0x0000000000000001
2026/09/11 16:05:12.093, 0, 1, 0, 210, 405, 22.47, 30, 0x0000000000000001
2026/09/11 16:05:12.094, 1, 22732, 100, 1590, 9501, 278.94, 65, 0x0000000000000004
2026/09/11 16:05:12.094, 2, 1, 0, 210, 405, 21.47, 31, 0x0000000000000001
2026/09/11 16:05:12.094, 3, 1, 0, 210, 405, 22.17, 32, 0x0000000000000001
2026/09/11 16:05:12.094, 4, 1, 0, 210, 405, 24.04, 32, 0x0000000000000001
2026/09/11 16:05:12.094, 5, 1, 0, 210, 405, 21.71, 31, 0x0000000000000001
2026/09/11 16:05:12.595, 0, 1, 0, 210, 405, 22.51, 30, 0x0000000000000001
2026/09/11 16:05:12.595, 1, 22732, 100, 1620, 9501, 279.62, 65, 0x0000000000000004
2026/09/11 16:05:12.595, 2, 1, 0, 210, 405, 21.54, 31, 0x0000000000000001
2026/09/11 16:05:12.595, 3, 1, 0, 210, 405, 22.28, 32, 0x0000000000000001
2026/09/11 16:05:12.596, 4, 1, 0, 210, 405, 24.22, 32, 0x0000000000000001
2026/09/11 16:05:12.596, 5, 1, 0, 210, 405, 21.74, 31, 0x0000000000000001
2026/09/11 16:05:13.096, 0, 1, 0, 210, 405, 22.51, 30, 0x0000000000000001
2026/09/11 16:05:13.097, 1, 22732, 100, 1605, 9501, 279.07, 65, 0x0000000000000004
2026/09/11 16:05:13.097, 2, 1, 0, 210, 405, 21.54, 31, 0x0000000000000001
2026/09/11 16:05:13.097, 3, 1, 0, 210, 405, 22.28, 32, 0x0000000000000001
2026/09/11 16:05:13.097, 4, 1, 0, 210, 405, 24.22, 32, 0x0000000000000001
2026/09/11 16:05:13.097, 5, 1, 0, 210, 405, 21.74, 31, 0x0000000000000001
2026/09/11 16:05:13.598, 0, 1, 0, 210, 405, 22.35, 30, 0x0000000000000001
2026/09/11 16:05:13.598, 1, 22732, 100, 1620, 9501, 279.56, 65, 0x0000000000000004
2026/09/11 16:05:13.598, 2, 1, 0, 210, 405, 21.73, 31, 0x0000000000000001
2026/09/11 16:05:13.598, 3, 1, 0, 210, 405, 22.20, 32, 0x0000000000000001
2026/09/11 16:05:13.599, 4, 1, 0, 210, 405, 24.40, 32, 0x0000000000000004
2026/09/11 16:05:13.599, 5, 1, 0, 210, 405, 21.67, 31, 0x0000000000000001
2026/09/11 16:05:14.099, 0, 1, 0, 210, 405, 22.35, 30, 0x0000000000000001
2026/09/11 16:05:14.099, 1, 22732, 100, 1590, 9501, 278.94, 65, 0x0000000000000004
2026/09/11 16:05:14.100, 2, 1, 0, 210, 405, 21.73, 31, 0x0000000000000001
2026/09/11 16:05:14.100, 3, 1, 0, 210, 405, 22.20, 32, 0x0000000000000001
2026/09/11 16:05:14.100, 4, 1, 0, 210, 405, 24.40, 32, 0x0000000000000004
2026/09/11 16:05:14.100, 5, 1, 0, 210, 405, 21.67, 31, 0x0000000000000001
2026/09/11 16:05:14.601, 0, 1, 0, 210, 405, 22.35, 30, 0x0000000000000001
2026/09/11 16:05:14.601, 1, 22732, 100, 1605, 9501, 279.35, 65, 0x0000000000000004
2026/09/11 16:05:14.601, 2, 1, 0, 210, 405, 21.67, 31, 0x0000000000000001
2026/09/11 16:05:14.601, 3, 1, 0, 210, 405, 22.24, 32, 0x0000000000000001
2026/09/11 16:05:14.601, 4, 1, 0, 210, 405, 24.20, 32, 0x0000000000000004
2026/09/11 16:05:14.602, 5, 1, 0, 210, 405, 21.59, 31, 0x0000000000000001
2026/09/11 16:05:15.102, 0, 1, 0, 210, 405, 22.35, 30, 0x0000000000000001
2026/09/11 16:05:15.102, 1, 22732, 100, 1590, 9501, 279.05, 65, 0x0000000000000004
2026/09/11 16:05:15.103, 2, 1, 0, 210, 405, 21.67, 31, 0x0000000000000001
2026/09/11 16:05:15.103, 3, 1, 0, 210, 405, 22.24, 32, 0x0000000000000001
2026/09/11 16:05:15.103, 4, 1, 0, 210, 405, 24.20, 32, 0x0000000000000004
2026/09/11 16:05:15.103, 5, 1, 0, 210, 405, 21.59, 31, 0x0000000000000001
2026/09/11 16:05:15.603, 0, 1, 0, 210, 405, 22.41, 30, 0x0000000000000001
2026/09/11 16:05:15.604, 1, 22732, 100, 1605, 9501, 279.20, 65, 0x0000000000000004
2026/09/11 16:05:15.604, 2, 1, 0, 210, 405, 21.73, 31, 0x0000000000000001
2026/09/11 16:05:15.604, 3, 1, 0, 210, 405, 22.34, 32, 0x0000000000000001
2026/09/11 16:05:15.604, 4, 1, 0, 210, 405, 24.27, 32, 0x0000000000000001
2026/09/11 16:05:15.605, 5, 1, 0, 210, 405, 21.72, 31, 0x0000000000000001
2026/09/11 16:05:16.105, 0, 1, 0, 210, 405, 22.41, 30, 0x0000000000000001
2026/09/11 16:05:16.105, 1, 22732, 100, 1605, 9501, 279.43, 65, 0x0000000000000004
2026/09/11 16:05:16.105, 2, 1, 0, 210, 405, 21.73, 31, 0x0000000000000001
2026/09/11 16:05:16.106, 3, 1, 0, 210, 405, 22.34, 32, 0x0000000000000001
2026/09/11 16:05:16.106, 4, 1, 0, 210, 405, 24.27, 32, 0x0000000000000001
2026/09/11 16:05:16.106, 5, 1, 0, 210, 405, 21.72, 31, 0x0000000000000001
2026/09/11 16:05:16.606, 0, 1, 0, 210, 405, 22.26, 30, 0x0000000000000001
2026/09/11 16:05:16.607, 1, 22732, 100, 1605, 9501, 279.54, 65, 0x0000000000000004
2026/09/11 16:05:16.607, 2, 1, 0, 210, 405, 21.89, 31, 0x0000000000000001
2026/09/11 16:05:16.607, 3, 1, 0, 210, 405, 22.17, 32, 0x0000000000000001
2026/09/11 16:05:16.607, 4, 1, 0, 210, 405, 24.41, 32, 0x0000000000000001
2026/09/11 16:05:16.607, 5, 1, 0, 210, 405, 21.67, 31, 0x0000000000000001
2026/09/11 16:05:17.108, 0, 1, 0, 210, 405, 22.26, 30, 0x0000000000000001
2026/09/11 16:05:17.108, 1, 22732, 100, 1605, 9501, 279.26, 66, 0x0000000000000004
2026/09/11 16:05:17.108, 2, 1, 0, 210, 405, 21.89, 31, 0x0000000000000001
2026/09/11 16:05:17.109, 3, 1, 0, 210, 405, 22.17, 32, 0x0000000000000001
2026/09/11 16:05:17.109, 4, 1, 0, 210, 405, 24.41, 32, 0x0000000000000001
2026/09/11 16:05:17.109, 5, 1, 0, 210, 405, 21.67, 31, 0x0000000000000001
2026/09/11 16:05:17.609, 0, 1, 0, 210, 405, 22.27, 30, 0x0000000000000001
2026/09/11 16:05:17.610, 1, 22732, 100, 1605, 9501, 279.37, 65, 0x0000000000000004
2026/09/11 16:05:17.610, 2, 1, 0, 210, 405, 21.70, 31, 0x0000000000000001
2026/09/11 16:05:17.610, 3, 1, 0, 210, 405, 22.27, 32, 0x0000000000000001
2026/09/11 16:05:17.610, 4, 1, 0, 210, 405, 24.31, 32, 0x0000000000000004
2026/09/11 16:05:17.610, 5, 1, 0, 210, 405, 21.58, 31, 0x0000000000000001
2026/09/11 16:05:18.111, 0, 1, 0, 210, 405, 22.27, 30, 0x0000000000000001
2026/09/11 16:05:18.111, 1, 22732, 100, 1605, 9501, 279.19, 66, 0x0000000000000004
2026/09/11 16:05:18.111, 2, 1, 0, 210, 405, 21.70, 31, 0x0000000000000001
2026/09/11 16:05:18.111, 3, 1, 0, 210, 405, 22.27, 32, 0x0000000000000001
2026/09/11 16:05:18.112, 4, 1, 0, 210, 405, 24.31, 32, 0x0000000000000004
2026/09/11 16:05:18.112, 5, 1, 0, 210, 405, 21.58, 31, 0x0000000000000001
2026/09/11 16:05:18.612, 0, 1, 0, 210, 405, 22.36, 30, 0x0000000000000001
2026/09/11 16:05:18.612, 1, 22732, 100, 1605, 9501, 279.20, 66, 0x0000000000000004
2026/09/11 16:05:18.613, 2, 1, 0, 210, 405, 21.74, 31, 0x0000000000000001
2026/09/11 16:05:18.613, 3, 1, 0, 210, 405, 22.45, 32, 0x0000000000000001
2026/09/11 16:05:18.613, 4, 1, 0, 210, 405, 24.27, 32, 0x0000000000000004
2026/09/11 16:05:18.613, 5, 1, 0, 210, 405, 21.65, 31, 0x0000000000000001
2026/09/11 16:05:19.114, 0, 1, 0, 210, 405, 22.36, 30, 0x0000000000000001
2026/09/11 16:05:19.114, 1, 22732, 100, 1605, 9501, 279.57, 66, 0x0000000000000004
2026/09/11 16:05:19.114, 2, 1, 0, 210, 405, 21.74, 31, 0x0000000000000001
2026/09/11 16:05:19.114, 3, 1, 0, 210, 405, 22.45, 32, 0x0000000000000001
2026/09/11 16:05:19.115, 4, 1, 0, 210, 405, 24.27, 32, 0x0000000000000004
2026/09/11 16:05:19.115, 5, 1, 0, 210, 405, 21.65, 31, 0x0000000000000001
2026/09/11 16:05:19.615, 0, 1, 0, 210, 405, 22.24, 30, 0x0000000000000001
2026/09/11 16:05:19.615, 1, 22732, 100, 1605, 9501, 279.44, 66, 0x0000000000000004
2026/09/11 16:05:19.616, 2, 1, 0, 210, 405, 21.76, 31, 0x0000000000000001
2026/09/11 16:05:19.616, 3, 1, 0, 210, 405, 22.27, 32, 0x0000000000000001
2026/09/11 16:05:19.616, 4, 1, 0, 210, 405, 24.40, 32, 0x0000000000000001
2026/09/11 16:05:19.616, 5, 1, 0, 210, 405, 21.64, 31, 0x0000000000000001
2026/09/11 16:05:20.116, 0, 1, 0, 210, 405, 22.24, 30, 0x0000000000000001
2026/09/11 16:05:20.117, 1, 22732, 100, 1605, 9501, 279.32, 66, 0x0000000000000004
2026/09/11 16:05:20.117, 2, 1, 0, 210, 405, 21.76, 31, 0x0000000000000001
2026/09/11 16:05:20.117, 3, 1, 0, 210, 405, 22.27, 32, 0x0000000000000001
2026/09/11 16:05:20.117, 4, 1, 0, 210, 405, 24.40, 32, 0x0000000000000001
2026/09/11 16:05:20.118, 5, 1, 0, 210, 405, 21.64, 31, 0x0000000000000001
2026/09/11 16:05:20.618, 0, 1, 0, 210, 405, 22.23, 30, 0x0000000000000001
2026/09/11 16:05:20.618, 1, 22732, 100, 1605, 9501, 279.26, 66, 0x0000000000000004
2026/09/11 16:05:20.618, 2, 1, 0, 210, 405, 21.37, 31, 0x0000000000000001
2026/09/11 16:05:20.619, 3, 1, 0, 210, 405, 22.26, 32, 0x0000000000000001
2026/09/11 16:05:20.619, 4, 1, 0, 210, 405, 24.30, 32, 0x0000000000000001
2026/09/11 16:05:20.619, 5, 1, 0, 210, 405, 21.63, 31, 0x0000000000000001
2026/09/11 16:05:21.119, 0, 1, 0, 210, 405, 22.23, 30, 0x0000000000000001
2026/09/11 16:05:21.120, 1, 22732, 100, 1605, 9501, 279.46, 66, 0x0000000000000004
2026/09/11 16:05:21.120, 2, 1, 0, 210, 405, 21.37, 31, 0x0000000000000001
2026/09/11 16:05:21.120, 3, 1, 0, 210, 405, 22.26, 32, 0x0000000000000001
2026/09/11 16:05:21.121, 4, 1, 0, 210, 405, 24.30, 32, 0x0000000000000001
2026/09/11 16:05:21.121, 5, 1, 0, 210, 405, 21.63, 31, 0x0000000000000001
2026/09/11 16:05:21.621, 0, 1, 0, 210, 405, 22.37, 30, 0x0000000000000001
2026/09/11 16:05:21.622, 1, 22732, 100, 1605, 9501, 279.37, 66, 0x0000000000000004
2026/09/11 16:05:21.622, 2, 1, 0, 210, 405, 21.36, 31, 0x0000000000000001
2026/09/11 16:05:21.622, 3, 1, 0, 210, 405, 22.43, 32, 0x0000000000000001
2026/09/11 16:05:21.622, 4, 1, 0, 210, 405, 24.21, 32, 0x0000000000000001
2026/09/11 16:05:21.623, 5, 1, 0, 210, 405, 21.57, 31, 0x0000000000000001
2026/09/11 16:05:22.123, 0, 1, 0, 210, 405, 22.37, 30, 0x0000000000000001
2026/09/11 16:05:22.123, 1, 22732, 100, 1605, 9501, 279.75, 66, 0x0000000000000004
2026/09/11 16:05:22.124, 2, 1, 0, 210, 405, 21.36, 31, 0x0000000000000001
2026/09/11 16:05:22.124, 3, 1, 0, 210, 405, 22.43, 32, 0x0000000000000001
2026/09/11 16:05:22.124, 4, 1, 0, 210, 405, 24.21, 32, 0x0000000000000001
2026/09/11 16:05:22.124, 5, 1, 0, 210, 405, 21.57, 31, 0x0000000000000001
2026/09/11 16:05:22.624, 0, 1, 0, 210, 405, 22.28, 30, 0x0000000000000001
2026/09/11 16:05:22.625, 1, 22732, 100, 1620, 9501, 279.58, 66, 0x0000000000000004
2026/09/11 16:05:22.625, 2, 1, 0, 210, 405, 21.69, 31, 0x0000000000000001
2026/09/11 16:05:22.625, 3, 1, 0, 210, 405, 22.29, 32, 0x0000000000000001
2026/09/11 16:05:22.625, 4, 1, 0, 210, 405, 24.42, 32, 0x0000000000000001
2026/09/11 16:05:22.625, 5, 1, 0, 210, 405, 21.40, 31, 0x0000000000000001
2026/09/11 16:05:23.126, 0, 1, 0, 210, 405, 22.28, 30, 0x0000000000000001
2026/09/11 16:05:23.126, 1, 22732, 100, 1605, 9501, 279.53, 66, 0x0000000000000004
2026/09/11 16:05:23.126, 2, 1, 0, 210, 405, 21.69, 31, 0x0000000000000001
2026/09/11 16:05:23.127, 3, 1, 0, 210, 405, 22.29, 32, 0x0000000000000001
2026/09/11 16:05:23.127, 4, 1, 0, 210, 405, 24.42, 32, 0x0000000000000001
2026/09/11 16:05:23.127, 5, 1, 0, 210, 405, 21.40, 31, 0x0000000000000001
2026/09/11 16:05:23.627, 0, 1, 0, 210, 405, 22.25, 30, 0x0000000000000001
2026/09/11 16:05:23.628, 1, 22732, 100, 1605, 9501, 279.64, 66, 0x0000000000000004
2026/09/11 16:05:23.628, 2, 1, 0, 210, 405, 21.77, 31, 0x0000000000000001
2026/09/11 16:05:23.628, 3, 1, 0, 210, 405, 22.32, 32, 0x0000000000000001
2026/09/11 16:05:23.628, 4, 1, 0, 210, 405, 24.18, 32, 0x0000000000000004
2026/09/11 16:05:23.628, 5, 1, 0, 210, 405, 21.43, 31, 0x0000000000000001
2026/09/11 16:05:24.129, 0, 1, 0, 210, 405, 22.25, 30, 0x0000000000000001
2026/09/11 16:05:24.129, 1, 22732, 100, 1605, 9501, 279.35, 66, 0x0000000000000004
2026/09/11 16:05:24.129, 2, 1, 0, 210, 405, 21.77, 31, 0x0000000000000001
2026/09/11 16:05:24.129, 3, 1, 0, 210, 405, 22.32, 32, 0x0000000000000001
2026/09/11 16:05:24.130, 4, 1, 0, 210, 405, 24.18, 32, 0x0000000000000004
2026/09/11 16:05:24.130, 5, 1, 0, 210, 405, 21.43, 31, 0x0000000000000001
2026/09/11 16:05:24.630, 0, 1, 0, 210, 405, 22.37, 30, 0x0000000000000001
2026/09/11 16:05:24.631, 1, 22732, 100, 1605, 9501, 279.69, 66, 0x0000000000000004
2026/09/11 16:05:24.631, 2, 1, 0, 210, 405, 21.56, 31, 0x0000000000000001
2026/09/11 16:05:24.631, 3, 1, 0, 210, 405, 22.48, 32, 0x0000000000000001
2026/09/11 16:05:24.631, 4, 1, 0, 210, 405, 24.19, 32, 0x0000000000000001
2026/09/11 16:05:24.631, 5, 1, 0, 210, 405, 21.71, 31, 0x0000000000000001
2026/09/11 16:05:25.132, 0, 1, 0, 210, 405, 22.37, 30, 0x0000000000000001
2026/09/11 16:05:25.132, 1, 22732, 100, 1590, 9501, 279.25, 66, 0x0000000000000004
2026/09/11 16:05:25.132, 2, 1, 0, 210, 405, 21.56, 31, 0x0000000000000001
2026/09/11 16:05:25.132, 3, 1, 0, 210, 405, 22.48, 32, 0x0000000000000001
2026/09/11 16:05:25.133, 4, 1, 0, 210, 405, 24.19, 32, 0x0000000000000001
2026/09/11 16:05:25.133, 5, 1, 0, 210, 405, 21.71, 31, 0x0000000000000001
2026/09/11 16:05:25.633, 0, 1, 0, 210, 405, 22.26, 30, 0x0000000000000001
2026/09/11 16:05:25.633, 1, 22732, 100, 1605, 9501, 279.61, 66, 0x0000000000000004
2026/09/11 16:05:25.634, 2, 1, 0, 210, 405, 21.35, 31, 0x0000000000000001
2026/09/11 16:05:25.634, 3, 1, 0, 210, 405, 22.37, 32, 0x0000000000000001
2026/09/11 16:05:25.634, 4, 1, 0, 210, 405, 24.37, 32, 0x0000000000000001
2026/09/11 16:05:25.634, 5, 1, 0, 210, 405, 21.73, 31, 0x0000000000000001
2026/09/11 16:05:26.135, 0, 1, 0, 210, 405, 22.26, 30, 0x0000000000000001
2026/09/11 16:05:26.135, 1, 22732, 100, 1560, 9501, 279.36, 66, 0x0000000000000004
2026/09/11 16:05:26.135, 2, 1, 0, 210, 405, 21.35, 31, 0x0000000000000001
2026/09/11 16:05:26.135, 3, 1, 0, 210, 405, 22.37, 32, 0x0000000000000001
2026/09/11 16:05:26.135, 4, 1, 0, 210, 405, 24.37, 32, 0x0000000000000001
2026/09/11 16:05:26.136, 5, 1, 0, 210, 405, 21.73, 31, 0x0000000000000001
2026/09/11 16:05:26.636, 0, 1, 0, 210, 405, 22.26, 30, 0x0000000000000001
2026/09/11 16:05:26.637, 1, 22732, 100, 1575, 9501, 279.16, 66, 0x0000000000000004
2026/09/11 16:05:26.637, 2, 1, 0, 210, 405, 21.55, 31, 0x0000000000000001
2026/09/11 16:05:26.637, 3, 1, 0, 210, 405, 22.33, 32, 0x0000000000000001
2026/09/11 16:05:26.637, 4, 1, 0, 210, 405, 24.10, 32, 0x0000000000000004
2026/09/11 16:05:26.637, 5, 1, 0, 210, 405, 21.70, 31, 0x0000000000000001
2026/09/11 16:05:27.138, 0, 1, 0, 210, 405, 22.26, 30, 0x0000000000000001
2026/09/11 16:05:27.138, 1, 22732, 100, 1515, 9501, 278.98, 66, 0x0000000000000004
2026/09/11 16:05:27.138, 2, 1, 0, 210, 405, 21.55, 31, 0x0000000000000001
2026/09/11 16:05:27.138, 3, 1, 0, 210, 405, 22.33, 32, 0x0000000000000001
2026/09/11 16:05:27.139, 4, 1, 0, 210, 405, 24.10, 32, 0x0000000000000004
2026/09/11 16:05:27.139, 5, 1, 0, 210, 405, 21.70, 31, 0x0000000000000001
2026/09/11 16:05:27.639, 0, 1, 0, 210, 405, 22.36, 30, 0x0000000000000001
2026/09/11 16:05:27.640, 1, 22732, 100, 1530, 9501, 279.69, 66, 0x0000000000000004
2026/09/11 16:05:27.640, 2, 1, 0, 210, 405, 21.74, 31, 0x0000000000000001
2026/09/11 16:05:27.640, 3, 1, 0, 210, 405, 22.31, 32, 0x0000000000000001
2026/09/11 16:05:27.640, 4, 1, 0, 210, 405, 24.17, 32, 0x0000000000000001
2026/09/11 16:05:27.640, 5, 1, 0, 210, 405, 21.74, 31, 0x0000000000000001
2026/09/11 16:05:28.141, 0, 1, 0, 210, 405, 22.36, 30, 0x0000000000000001
2026/09/11 16:05:28.141, 1, 22732, 100, 1515, 9501, 279.27, 66, 0x0000000000000004
2026/09/11 16:05:28.141, 2, 1, 0, 210, 405, 21.74, 31, 0x0000000000000001
2026/09/11 16:05:28.141, 3, 1, 0, 210, 405, 22.31, 32, 0x0000000000000001
2026/09/11 16:05:28.142, 4, 1, 0, 210, 405, 24.17, 32, 0x0000000000000001
2026/09/11 16:05:28.142, 5, 1, 0, 210, 405, 21.74, 31, 0x0000000000000001
2026/09/11 16:05:28.642, 0, 1, 0, 210, 405, 22.21, 30, 0x0000000000000001
2026/09/11 16:05:28.642, 1, 22732, 100, 1545, 9501, 279.53, 66, 0x0000000000000004
2026/09/11 16:05:28.643, 2, 1, 0, 210, 405, 21.58, 31, 0x0000000000000001
2026/09/11 16:05:28.643, 3, 1, 0, 210, 405, 22.16, 32, 0x0000000000000001
2026/09/11 16:05:28.643, 4, 1, 0, 210, 405, 24.35, 32, 0x0000000000000001
2026/09/11 16:05:28.643, 5, 1, 0, 210, 405, 21.69, 31, 0x0000000000000001
2026/09/11 16:05:29.144, 0, 1, 0, 210, 405, 22.21, 30, 0x0000000000000001
2026/09/11 16:05:29.144, 1, 22732, 100, 1530, 9501, 278.99, 66, 0x0000000000000004
2026/09/11 16:05:29.144, 2, 1, 0, 210, 405, 21.58, 31, 0x0000000000000001
2026/09/11 16:05:29.144, 3, 1, 0, 210, 405, 22.16, 32, 0x0000000000000001
2026/09/11 16:05:29.145, 4, 1, 0, 210, 405, 24.35, 32, 0x0000000000000001
2026/09/11 16:05:29.145, 5, 1, 0, 210, 405, 21.69, 31, 0x0000000000000001
2026/09/11 16:05:29.645, 0, 1, 0, 210, 405, 22.25, 30, 0x0000000000000001
2026/09/11 16:05:29.646, 1, 22732, 100, 1575, 9501, 279.26, 66, 0x0000000000000004
2026/09/11 16:05:29.646, 2, 1, 0, 210, 405, 21.60, 31, 0x0000000000000001
2026/09/11 16:05:29.646, 3, 1, 0, 210, 405, 22.29, 32, 0x0000000000000001
2026/09/11 16:05:29.646, 4, 1, 0, 210, 405, 24.07, 32, 0x0000000000000004
2026/09/11 16:05:29.646, 5, 1, 0, 210, 405, 21.78, 31, 0x0000000000000001
2026/09/11 16:05:30.147, 0, 1, 0, 210, 405, 22.25, 30, 0x0000000000000001
2026/09/11 16:05:30.147, 1, 22732, 100, 1620, 9501, 277.96, 66, 0x0000000000000004
2026/09/11 16:05:30.147, 2, 1, 0, 210, 405, 21.60, 31, 0x0000000000000001
2026/09/11 16:05:30.147, 3, 1, 0, 210, 405, 22.29, 32, 0x0000000000000001
2026/09/11 16:05:30.148, 4, 1, 0, 210, 405, 24.07, 32, 0x0000000000000004
2026/09/11 16:05:30.148, 5, 1, 0, 210, 405, 21.78, 31, 0x0000000000000001
2026/09/11 16:05:30.648, 0, 1, 0, 210, 405, 22.43, 30, 0x0000000000000001
2026/09/11 16:05:30.649, 1, 22732, 98, 1515, 9501, 279.79, 66, 0x0000000000000004
2026/09/11 16:05:30.649, 2, 1, 0, 210, 405, 21.72, 31, 0x0000000000000001
2026/09/11 16:05:30.649, 3, 1, 0, 210, 405, 22.41, 32, 0x0000000000000001
2026/09/11 16:05:30.649, 4, 1, 0, 210, 405, 24.06, 32, 0x0000000000000001
2026/09/11 16:05:30.649, 5, 1, 0, 210, 405, 21.76, 31, 0x0000000000000001
2026/09/11 16:05:31.150, 0, 1, 0, 210, 405, 22.43, 30, 0x0000000000000001
2026/09/11 16:05:31.150, 1, 22732, 100, 1620, 9501, 277.15, 65, 0x0000000000000004
2026/09/11 16:05:31.150, 2, 1, 0, 210, 405, 21.72, 31, 0x0000000000000001
2026/09/11 16:05:31.150, 3, 1, 0, 210, 405, 22.41, 32, 0x0000000000000001
2026/09/11 16:05:31.151, 4, 1, 0, 210, 405, 24.06, 32, 0x0000000000000001
2026/09/11 16:05:31.151, 5, 1, 0, 210, 405, 21.76, 31, 0x0000000000000001
2026/09/11 16:05:31.651, 0, 1, 0, 210, 405, 22.35, 30, 0x0000000000000001
2026/09/11 16:05:31.651, 1, 22732, 100, 1620, 9501, 277.26, 67, 0x0000000000000004
2026/09/11 16:05:31.652, 2, 1, 0, 210, 405, 21.60, 31, 0x0000000000000001
2026/09/11 16:05:31.652, 3, 1, 0, 210, 405, 22.27, 32, 0x0000000000000001
2026/09/11 16:05:31.652, 4, 1, 0, 210, 405, 24.35, 32, 0x0000000000000001
2026/09/11 16:05:31.652, 5, 1, 0, 210, 405, 21.58, 31, 0x0000000000000001
2026/09/11 16:05:32.153, 0, 1, 0, 210, 405, 22.35, 30, 0x0000000000000001
2026/09/11 16:05:32.153, 1, 22732, 100, 1605, 9501, 280.43, 66, 0x0000000000000004
2026/09/11 16:05:32.153, 2, 1, 0, 210, 405, 21.60, 31, 0x0000000000000001
2026/09/11 16:05:32.153, 3, 1, 0, 210, 405, 22.27, 32, 0x0000000000000001
2026/09/11 16:05:32.154, 4, 1, 0, 210, 405, 24.35, 32, 0x0000000000000001
2026/09/11 16:05:32.154, 5, 1, 0, 210, 405, 21.58, 31, 0x0000000000000001
2026/09/11 16:05:32.654, 0, 1, 0, 210, 405, 22.28, 30, 0x0000000000000001
2026/09/11 16:05:32.654, 1, 22732, 100, 1620, 9501, 279.78, 67, 0x0000000000000004
2026/09/11 16:05:32.655, 2, 1, 0, 210, 405, 21.59, 31, 0x0000000000000001
2026/09/11 16:05:32.655, 3, 1, 0, 210, 405, 22.28, 32, 0x0000000000000001
2026/09/11 16:05:32.655, 4, 1, 0, 210, 405, 24.11, 32, 0x0000000000000004
2026/09/11 16:05:32.656, 5, 1, 0, 210, 405, 21.59, 31, 0x0000000000000001
2026/09/11 16:05:33.156, 0, 1, 0, 210, 405, 22.28, 30, 0x0000000000000001
2026/09/11 16:05:33.156, 1, 22732, 100, 1545, 9501, 279.88, 66, 0x0000000000000004
2026/09/11 16:05:33.156, 2, 1, 0, 210, 405, 21.59, 31, 0x0000000000000001
2026/09/11 16:05:33.157, 3, 1, 0, 210, 405, 22.28, 32, 0x0000000000000001
2026/09/11 16:05:33.157, 4, 1, 0, 210, 405, 24.11, 32, 0x0000000000000004
2026/09/11 16:05:33.157, 5, 1, 0, 210, 405, 21.59, 31, 0x0000000000000001
2026/09/11 16:05:33.657, 0, 1, 0, 210, 405, 22.35, 30, 0x0000000000000001
2026/09/11 16:05:33.658, 1, 22732, 71, 1680, 9501, 276.07, 66, 0x0000000000000004
2026/09/11 16:05:33.658, 2, 1, 0, 210, 405, 21.62, 31, 0x0000000000000001
2026/09/11 16:05:33.658, 3, 1, 0, 210, 405, 22.44, 32, 0x0000000000000001
2026/09/11 16:05:33.658, 4, 1, 0, 210, 405, 23.93, 32, 0x0000000000000001
2026/09/11 16:05:33.659, 5, 1, 0, 210, 405, 21.61, 31, 0x0000000000000001
2026/09/11 16:05:34.159, 0, 1, 0, 210, 405, 22.35, 30, 0x0000000000000001
2026/09/11 16:05:34.159, 1, 22732, 100, 1620, 9501, 276.53, 67, 0x0000000000000004
2026/09/11 16:05:34.159, 2, 1, 0, 210, 405, 21.62, 31, 0x0000000000000001
2026/09/11 16:05:34.160, 3, 1, 0, 210, 405, 22.44, 32, 0x0000000000000001
2026/09/11 16:05:34.160, 4, 1, 0, 210, 405, 23.93, 32, 0x0000000000000001
2026/09/11 16:05:34.160, 5, 1, 0, 210, 405, 21.61, 31, 0x0000000000000001
2026/09/11 16:05:34.660, 0, 1, 0, 210, 405, 22.29, 30, 0x0000000000000001
2026/09/11 16:05:34.661, 1, 22732, 100, 1590, 9501, 274.51, 67, 0x0000000000000004
2026/09/11 16:05:34.661, 2, 1, 0, 210, 405, 21.47, 31, 0x0000000000000001
2026/09/11 16:05:34.661, 3, 1, 0, 210, 405, 22.41, 32, 0x0000000000000001
2026/09/11 16:05:34.661, 4, 1, 0, 210, 405, 24.03, 32, 0x0000000000000001
2026/09/11 16:05:34.661, 5, 1, 0, 210, 405, 21.51, 31, 0x0000000000000001
2026/09/11 16:05:35.162, 0, 1, 0, 210, 405, 22.29, 30, 0x0000000000000001
2026/09/11 16:05:35.162, 1, 22732, 100, 1620, 9501, 279.46, 67, 0x0000000000000004
2026/09/11 16:05:35.162, 2, 1, 0, 210, 405, 21.47, 31, 0x0000000000000001
2026/09/11 16:05:35.163, 3, 1, 0, 210, 405, 22.41, 32, 0x0000000000000001
2026/09/11 16:05:35.163, 4, 1, 0, 210, 405, 24.03, 32, 0x0000000000000001
2026/09/11 16:05:35.163, 5, 1, 0, 210, 405, 21.51, 31, 0x0000000000000001
2026/09/11 16:05:35.663, 0, 1, 0, 210, 405, 22.23, 30, 0x0000000000000001
2026/09/11 16:05:35.664, 1, 22732, 100, 1590, 9501, 277.52, 67, 0x0000000000000004
2026/09/11 16:05:35.664, 2, 1, 0, 210, 405, 21.61, 31, 0x0000000000000001
2026/09/11 16:05:35.664, 3, 1, 0, 210, 405, 22.46, 32, 0x0000000000000001
2026/09/11 16:05:35.664, 4, 1, 0, 210, 405, 24.07, 32, 0x0000000000000001
2026/09/11 16:05:35.664, 5, 1, 0, 210, 405, 21.59, 31, 0x0000000000000001
2026/09/11 16:05:36.165, 0, 1, 0, 210, 405, 22.23, 30, 0x0000000000000001
2026/09/11 16:05:36.165, 1, 22732, 100, 1620, 9501, 279.47, 67, 0x0000000000000004
2026/09/11 16:05:36.165, 2, 1, 0, 210, 405, 21.61, 31, 0x0000000000000001
2026/09/11 16:05:36.165, 3, 1, 0, 210, 405, 22.46, 32, 0x0000000000000001
2026/09/11 16:05:36.166, 4, 1, 0, 210, 405, 24.07, 32, 0x0000000000000001
2026/09/11 16:05:36.166, 5, 1, 0, 210, 405, 21.59, 31, 0x0000000000000001
2026/09/11 16:05:36.666, 0, 1, 0, 210, 405, 22.29, 30, 0x0000000000000001
2026/09/11 16:05:36.666, 1, 22732, 100, 1605, 9501, 278.70, 67, 0x0000000000000004
2026/09/11 16:05:36.667, 2, 1, 0, 210, 405, 21.75, 31, 0x0000000000000001
2026/09/11 16:05:36.667, 3, 1, 0, 210, 405, 22.50, 32, 0x0000000000000001
2026/09/11 16:05:36.667, 4, 1, 0, 210, 405, 24.16, 32, 0x0000000000000001
2026/09/11 16:05:36.667, 5, 1, 0, 210, 405, 21.69, 31, 0x0000000000000001
2026/09/11 16:05:37.168, 0, 1, 0, 210, 405, 22.29, 30, 0x0000000000000001
2026/09/11 16:05:37.168, 1, 22732, 100, 1605, 9501, 279.62, 68, 0x0000000000000004
2026/09/11 16:05:37.168, 2, 1, 0, 210, 405, 21.75, 31, 0x0000000000000001
2026/09/11 16:05:37.168, 3, 1, 0, 210, 405, 22.50, 32, 0x0000000000000001
2026/09/11 16:05:37.169, 4, 1, 0, 210, 405, 24.16, 32, 0x0000000000000001
2026/09/11 16:05:37.169, 5, 1, 0, 210, 405, 21.69, 31, 0x0000000000000001
2026/09/11 16:05:37.669, 0, 1, 0, 210, 405, 22.14, 30, 0x0000000000000001
2026/09/11 16:05:37.669, 1, 22732, 100, 1590, 9501, 279.02, 68, 0x0000000000000004
2026/09/11 16:05:37.670, 2, 1, 0, 210, 405, 21.83, 31, 0x0000000000000001
2026/09/11 16:05:37.670, 3, 1, 0, 210, 405, 22.42, 32, 0x0000000000000001
2026/09/11 16:05:37.670, 4, 1, 0, 210, 405, 24.06, 32, 0x0000000000000001
2026/09/11 16:05:37.670, 5, 1, 0, 210, 405, 21.56, 31, 0x0000000000000001
2026/09/11 16:05:38.171, 0, 1, 0, 210, 405, 22.14, 30, 0x0000000000000001
2026/09/11 16:05:38.171, 1, 22732, 100, 1605, 9501, 279.74, 68, 0x0000000000000004
2026/09/11 16:05:38.171, 2, 1, 0, 210, 405, 21.83, 31, 0x0000000000000001
2026/09/11 16:05:38.171, 3, 1, 0, 210, 405, 22.42, 32, 0x0000000000000001
2026/09/11 16:05:38.171, 4, 1, 0, 210, 405, 24.06, 32, 0x0000000000000001
2026/09/11 16:05:38.172, 5, 1, 0, 210, 405, 21.56, 31, 0x0000000000000001
2026/09/11 16:05:38.672, 0, 1, 0, 210, 405, 22.11, 30, 0x0000000000000001
2026/09/11 16:05:38.672, 1, 22732, 100, 1590, 9501, 279.02, 68, 0x0000000000000004
2026/09/11 16:05:38.672, 2, 1, 0, 210, 405, 21.75, 31, 0x0000000000000001
2026/09/11 16:05:38.673, 3, 1, 0, 210, 405, 22.56, 32, 0x0000000000000001
2026/09/11 16:05:38.673, 4, 1, 0, 210, 405, 24.02, 32, 0x0000000000000001
2026/09/11 16:05:38.673, 5, 1, 0, 210, 405, 21.53, 31, 0x0000000000000001
2026/09/11 16:05:39.173, 0, 1, 0, 210, 405, 22.11, 30, 0x0000000000000001
2026/09/11 16:05:39.174, 1, 22732, 100, 1605, 9501, 279.85, 68, 0x0000000000000004
2026/09/11 16:05:39.174, 2, 1, 0, 210, 405, 21.75, 31, 0x0000000000000001
2026/09/11 16:05:39.174, 3, 1, 0, 210, 405, 22.56, 32, 0x0000000000000001
2026/09/11 16:05:39.174, 4, 1, 0, 210, 405, 24.02, 32, 0x0000000000000001
2026/09/11 16:05:39.174, 5, 1, 0, 210, 405, 21.53, 31, 0x0000000000000001
2026/09/11 16:05:39.675, 0, 1, 0, 210, 405, 22.32, 30, 0x0000000000000001
2026/09/11 16:05:39.675, 1, 22732, 100, 1605, 9501, 279.43, 68, 0x0000000000000004
2026/09/11 16:05:39.675, 2, 1, 0, 210, 405, 21.47, 31, 0x0000000000000001
2026/09/11 16:05:39.676, 3, 1, 0, 210, 405, 22.55, 32, 0x0000000000000001
2026/09/11 16:05:39.676, 4, 1, 0, 210, 405, 24.08, 32, 0x0000000000000001
2026/09/11 16:05:39.676, 5, 1, 0, 210, 405, 21.71, 31, 0x0000000000000001
2026/09/11 16:05:40.176, 0, 1, 0, 210, 405, 22.32, 30, 0x0000000000000001
2026/09/11 16:05:40.177, 1, 22732, 100, 1590, 9501, 279.75, 68, 0x0000000000000004
2026/09/11 16:05:40.177, 2, 1, 0, 210, 405, 21.47, 31, 0x0000000000000001
2026/09/11 16:05:40.177, 3, 1, 0, 210, 405, 22.55, 32, 0x0000000000000001
2026/09/11 16:05:40.177, 4, 1, 0, 210, 405, 24.08, 32, 0x0000000000000001
2026/09/11 16:05:40.177, 5, 1, 0, 210, 405, 21.71, 31, 0x0000000000000001
2026/09/11 16:05:40.678, 0, 1, 0, 210, 405, 22.23, 30, 0x0000000000000004
2026/09/11 16:05:40.678, 1, 22732, 100, 1590, 9501, 279.42, 68, 0x0000000000000004
2026/09/11 16:05:40.678, 2, 1, 0, 210, 405, 21.36, 31, 0x0000000000000001
2026/09/11 16:05:40.679, 3, 1, 0, 210, 405, 22.36, 32, 0x0000000000000004
2026/09/11 16:05:40.679, 4, 1, 0, 210, 405, 24.03, 32, 0x0000000000000001
2026/09/11 16:05:40.679, 5, 1, 0, 210, 405, 21.75, 31, 0x0000000000000001
2026/09/11 16:05:41.179, 0, 1, 0, 210, 405, 22.23, 30, 0x0000000000000004
2026/09/11 16:05:41.180, 1, 22732, 100, 1590, 9501, 279.57, 68, 0x0000000000000004
2026/09/11 16:05:41.180, 2, 1, 0, 210, 405, 21.36, 31, 0x0000000000000001
2026/09/11 16:05:41.180, 3, 1, 0, 210, 405, 22.36, 32, 0x0000000000000004
2026/09/11 16:05:41.180, 4, 1, 0, 210, 405, 24.03, 32, 0x0000000000000001
2026/09/11 16:05:41.180, 5, 1, 0, 210, 405, 21.75, 31, 0x0000000000000001
2026/09/11 16:05:41.681, 0, 1, 0, 210, 405, 22.18, 30, 0x0000000000000001
2026/09/11 16:05:41.681, 1, 22732, 100, 1590, 9501, 279.43, 68, 0x0000000000000004
2026/09/11 16:05:41.681, 2, 1, 0, 210, 405, 21.36, 31, 0x0000000000000001
2026/09/11 16:05:41.681, 3, 1, 0, 210, 405, 22.37, 32, 0x0000000000000001
2026/09/11 16:05:41.682, 4, 1, 0, 210, 405, 24.11, 32, 0x0000000000000004
2026/09/11 16:05:41.682, 5, 1, 0, 210, 405, 21.77, 31, 0x0000000000000001
2026/09/11 16:05:42.182, 0, 1, 0, 210, 405, 22.18, 30, 0x0000000000000001
2026/09/11 16:05:42.183, 1, 22732, 100, 1485, 9501, 279.54, 67, 0x0000000000000004
2026/09/11 16:05:42.183, 2, 1, 0, 210, 405, 21.36, 31, 0x0000000000000001
2026/09/11 16:05:42.183, 3, 1, 0, 210, 405, 22.37, 32, 0x0000000000000001
2026/09/11 16:05:42.183, 4, 1, 0, 210, 405, 24.11, 32, 0x0000000000000004
2026/09/11 16:05:42.183, 5, 1, 0, 210, 405, 21.77, 31, 0x0000000000000001
2026/09/11 16:05:42.684, 0, 1, 0, 210, 405, 22.28, 30, 0x0000000000000001
2026/09/11 16:05:42.684, 1, 22732, 100, 1500, 9501, 279.36, 66, 0x0000000000000004
2026/09/11 16:05:42.684, 2, 1, 0, 210, 405, 21.39, 31, 0x0000000000000001
2026/09/11 16:05:42.685, 3, 1, 0, 210, 405, 22.42, 32, 0x0000000000000001
2026/09/11 16:05:42.685, 4, 1, 0, 210, 405, 24.01, 32, 0x0000000000000004
2026/09/11 16:05:42.685, 5, 1, 0, 210, 405, 21.89, 31, 0x0000000000000001
2026/09/11 16:05:43.185, 0, 1, 0, 210, 405, 22.28, 30, 0x0000000000000001
2026/09/11 16:05:43.186, 1, 22732, 100, 1620, 9501, 275.48, 67, 0x0000000000000004
2026/09/11 16:05:43.186, 2, 1, 0, 210, 405, 21.39, 31, 0x0000000000000001
2026/09/11 16:05:43.186, 3, 1, 0, 210, 405, 22.42, 32, 0x0000000000000001
2026/09/11 16:05:43.186, 4, 1, 0, 210, 405, 24.01, 32, 0x0000000000000004
2026/09/11 16:05:43.186, 5, 1, 0, 210, 405, 21.89, 31, 0x0000000000000001
2026/09/11 16:05:43.687, 0, 1, 0, 210, 405, 22.18, 30, 0x0000000000000001
2026/09/11 16:05:43.687, 1, 22732, 100, 1605, 9501, 278.51, 68, 0x0000000000000004
2026/09/11 16:05:43.687, 2, 1, 0, 210, 405, 21.55, 31, 0x0000000000000001
2026/09/11 16:05:43.688, 3, 1, 0, 210, 405, 22.27, 32, 0x0000000000000001
2026/09/11 16:05:43.688, 4, 1, 0, 210, 405, 23.91, 32, 0x0000000000000001
2026/09/11 16:05:43.688, 5, 1, 0, 210, 405, 21.80, 31, 0x0000000000000001
2026/09/11 16:05:44.188, 0, 1, 0, 210, 405, 22.18, 30, 0x0000000000000001
2026/09/11 16:05:44.189, 1, 22732, 100, 1605, 9501, 279.80, 68, 0x0000000000000004
2026/09/11 16:05:44.189, 2, 1, 0, 210, 405, 21.55, 31, 0x0000000000000001
2026/09/11 16:05:44.189, 3, 1, 0, 210, 405, 22.27, 32, 0x0000000000000001
2026/09/11 16:05:44.189, 4, 1, 0, 210, 405, 23.91, 32, 0x0000000000000001
2026/09/11 16:05:44.189, 5, 1, 0, 210, 405, 21.80, 31, 0x0000000000000001
2026/09/11 16:05:44.690, 0, 1, 0, 210, 405, 22.26, 30, 0x0000000000000001
2026/09/11 16:05:44.690, 1, 22732, 100, 1560, 9501, 278.10, 68, 0x0000000000000004
2026/09/11 16:05:44.690, 2, 1, 0, 210, 405, 21.52, 31, 0x0000000000000001
2026/09/11 16:05:44.690, 3, 1, 0, 210, 405, 22.24, 32, 0x0000000000000001
2026/09/11 16:05:44.691, 4, 1, 0, 210, 405, 23.80, 32, 0x0000000000000001
2026/09/11 16:05:44.691, 5, 1, 0, 210, 405, 21.71, 31, 0x0000000000000001
2026/09/11 16:05:45.191, 0, 1, 0, 210, 405, 22.26, 30, 0x0000000000000001
2026/09/11 16:05:45.192, 1, 22732, 100, 1605, 9501, 279.74, 68, 0x0000000000000004
2026/09/11 16:05:45.192, 2, 1, 0, 210, 405, 21.52, 31, 0x0000000000000001
2026/09/11 16:05:45.192, 3, 1, 0, 210, 405, 22.24, 32, 0x0000000000000001
2026/09/11 16:05:45.192, 4, 1, 0, 210, 405, 23.80, 32, 0x0000000000000001
2026/09/11 16:05:45.192, 5, 1, 0, 210, 405, 21.71, 31, 0x0000000000000001
2026/09/11 16:05:45.693, 0, 1, 0, 210, 405, 22.34, 30, 0x0000000000000001
2026/09/11 16:05:45.693, 1, 22732, 100, 1590, 9501, 278.89, 68, 0x0000000000000004
2026/09/11 16:05:45.693, 2, 1, 0, 210, 405, 21.39, 31, 0x0000000000000001
2026/09/11 16:05:45.693, 3, 1, 0, 210, 405, 22.25, 32, 0x0000000000000001
2026/09/11 16:05:45.694, 4, 1, 0, 210, 405, 23.85, 32, 0x0000000000000001
2026/09/11 16:05:45.694, 5, 1, 0, 210, 405, 21.64, 31, 0x0000000000000001
2026/09/11 16:05:46.194, 0, 1, 0, 210, 405, 22.34, 30, 0x0000000000000001
2026/09/11 16:05:46.194, 1, 22732, 100, 1605, 9501, 279.67, 68, 0x0000000000000004
2026/09/11 16:05:46.195, 2, 1, 0, 210, 405, 21.39, 31, 0x0000000000000001
2026/09/11 16:05:46.195, 3, 1, 0, 210, 405, 22.25, 32, 0x0000000000000001
2026/09/11 16:05:46.195, 4, 1, 0, 210, 405, 23.85, 32, 0x0000000000000001
2026/09/11 16:05:46.195, 5, 1, 0, 210, 405, 21.64, 31, 0x0000000000000001
2026/09/11 16:05:46.696, 0, 1, 0, 210, 405, 22.33, 30, 0x0000000000000001
2026/09/11 16:05:46.696, 1, 22732, 100, 1590, 9501, 278.98, 68, 0x0000000000000004
2026/09/11 16:05:46.696, 2, 1, 0, 210, 405, 21.39, 31, 0x0000000000000001
2026/09/11 16:05:46.696, 3, 1, 0, 210, 405, 22.31, 32, 0x0000000000000001
2026/09/11 16:05:46.696, 4, 1, 0, 210, 405, 24.04, 32, 0x0000000000000001
2026/09/11 16:05:46.697, 5, 1, 0, 210, 405, 21.57, 31, 0x0000000000000001
2026/09/11 16:05:47.197, 0, 1, 0, 210, 405, 22.33, 30, 0x0000000000000001
2026/09/11 16:05:47.197, 1, 22732, 100, 1605, 9501, 279.64, 68, 0x0000000000000004
2026/09/11 16:05:47.198, 2, 1, 0, 210, 405, 21.39, 31, 0x0000000000000001
2026/09/11 16:05:47.198, 3, 1, 0, 210, 405, 22.31, 32, 0x0000000000000001
2026/09/11 16:05:47.198, 4, 1, 0, 210, 405, 24.04, 32, 0x0000000000000001
2026/09/11 16:05:47.198, 5, 1, 0, 210, 405, 21.57, 31, 0x0000000000000001
2026/09/11 16:05:47.699, 0, 1, 0, 210, 405, 22.44, 30, 0x0000000000000001
2026/09/11 16:05:47.699, 1, 22732, 100, 1590, 9501, 279.17, 68, 0x0000000000000004
2026/09/11 16:05:47.699, 2, 1, 0, 210, 405, 21.28, 31, 0x0000000000000001
2026/09/11 16:05:47.699, 3, 1, 0, 210, 405, 22.35, 32, 0x0000000000000001
2026/09/11 16:05:47.699, 4, 1, 0, 210, 405, 24.19, 32, 0x0000000000000001
2026/09/11 16:05:47.700, 5, 1, 0, 210, 405, 21.71, 31, 0x0000000000000001
2026/09/11 16:05:48.200, 0, 1, 0, 210, 405, 22.44, 30, 0x0000000000000001
2026/09/11 16:05:48.200, 1, 22732, 100, 1605, 9501, 279.67, 68, 0x0000000000000004
2026/09/11 16:05:48.201, 2, 1, 0, 210, 405, 21.28, 31, 0x0000000000000001
2026/09/11 16:05:48.201, 3, 1, 0, 210, 405, 22.35, 32, 0x0000000000000001
2026/09/11 16:05:48.201, 4, 1, 0, 210, 405, 24.19, 32, 0x0000000000000001
2026/09/11 16:05:48.201, 5, 1, 0, 210, 405, 21.71, 31, 0x0000000000000001
2026/09/11 16:05:48.701, 0, 1, 0, 210, 405, 22.27, 30, 0x0000000000000001
2026/09/11 16:05:48.702, 1, 22732, 100, 1590, 9501, 279.45, 69, 0x0000000000000004
2026/09/11 16:05:48.702, 2, 1, 0, 210, 405, 21.42, 31, 0x0000000000000001
2026/09/11 16:05:48.702, 3, 1, 0, 210, 405, 22.31, 32, 0x0000000000000001
2026/09/11 16:05:48.702, 4, 1, 0, 210, 405, 24.02, 32, 0x0000000000000004
2026/09/11 16:05:48.702, 5, 1, 0, 210, 405, 21.77, 31, 0x0000000000000001
2026/09/11 16:05:49.203, 0, 1, 0, 210, 405, 22.27, 30, 0x0000000000000001
2026/09/11 16:05:49.203, 1, 22732, 100, 1605, 9501, 279.65, 69, 0x0000000000000004
2026/09/11 16:05:49.203, 2, 1, 0, 210, 405, 21.42, 31, 0x0000000000000001
2026/09/11 16:05:49.204, 3, 1, 0, 210, 405, 22.31, 32, 0x0000000000000001
2026/09/11 16:05:49.204, 4, 1, 0, 210, 405, 24.02, 32, 0x0000000000000004
2026/09/11 16:05:49.204, 5, 1, 0, 210, 405, 21.77, 31, 0x0000000000000001
2026/09/11 16:05:49.704, 0, 1, 0, 210, 405, 22.23, 30, 0x0000000000000001
2026/09/11 16:05:49.705, 1, 22732, 100, 1575, 9501, 279.67, 69, 0x0000000000000004
2026/09/11 16:05:49.705, 2, 1, 0, 210, 405, 21.53, 31, 0x0000000000000001
2026/09/11 16:05:49.705, 3, 1, 0, 210, 405, 22.39, 33, 0x0000000000000001
2026/09/11 16:05:49.705, 4, 1, 0, 210, 405, 24.08, 32, 0x0000000000000001
2026/09/11 16:05:49.705, 5, 1, 0, 210, 405, 21.79, 31, 0x0000000000000001
2026/09/11 16:05:50.206, 0, 1, 0, 210, 405, 22.23, 30, 0x0000000000000001
2026/09/11 16:05:50.206, 1, 22732, 100, 1590, 9501, 279.72, 69, 0x0000000000000004
2026/09/11 16:05:50.206, 2, 1, 0, 210, 405, 21.53, 31, 0x0000000000000001
2026/09/11 16:05:50.206, 3, 1, 0, 210, 405, 22.39, 33, 0x0000000000000001
2026/09/11 16:05:50.207, 4, 1, 0, 210, 405, 24.08, 32, 0x0000000000000001
2026/09/11 16:05:50.207, 5, 1, 0, 210, 405, 21.79, 31, 0x0000000000000001
2026/09/11 16:05:50.707, 0, 1, 0, 210, 405, 22.38, 30, 0x0000000000000001
2026/09/11 16:05:50.707, 1, 22732, 100, 1590, 9501, 279.30, 69, 0x0000000000000004
2026/09/11 16:05:50.708, 2, 1, 0, 210, 405, 21.49, 31, 0x0000000000000001
2026/09/11 16:05:50.708, 3, 1, 0, 210, 405, 22.43, 32, 0x0000000000000001
2026/09/11 16:05:50.708, 4, 1, 0, 210, 405, 24.29, 32, 0x0000000000000001
2026/09/11 16:05:50.708, 5, 1, 0, 210, 405, 21.77, 31, 0x0000000000000001
2026/09/11 16:05:51.209, 0, 1, 0, 210, 405, 22.38, 30, 0x0000000000000001
2026/09/11 16:05:51.209, 1, 22732, 100, 1590, 9501, 279.60, 69, 0x0000000000000004
2026/09/11 16:05:51.209, 2, 1, 0, 210, 405, 21.49, 31, 0x0000000000000001
2026/09/11 16:05:51.209, 3, 1, 0, 210, 405, 22.43, 32, 0x0000000000000001
2026/09/11 16:05:51.209, 4, 1, 0, 210, 405, 24.29, 32, 0x0000000000000001
2026/09/11 16:05:51.210, 5, 1, 0, 210, 405, 21.77, 31, 0x0000000000000001
2026/09/11 16:05:51.710, 0, 1, 0, 210, 405, 22.20, 30, 0x0000000000000001
2026/09/11 16:05:51.710, 1, 22732, 100, 1590, 9501, 279.53, 69, 0x0000000000000004
2026/09/11 16:05:51.711, 2, 1, 0, 210, 405, 21.50, 31, 0x0000000000000001
2026/09/11 16:05:51.711, 3, 1, 0, 210, 405, 22.41, 32, 0x0000000000000001
2026/09/11 16:05:51.711, 4, 1, 0, 210, 405, 23.98, 32, 0x0000000000000004
2026/09/11 16:05:51.711, 5, 1, 0, 210, 405, 21.61, 31, 0x0000000000000001
2026/09/11 16:05:52.211, 0, 1, 0, 210, 405, 22.20, 30, 0x0000000000000001
2026/09/11 16:05:52.212, 1, 22732, 100, 1590, 9501, 279.49, 69, 0x0000000000000004
2026/09/11 16:05:52.212, 2, 1, 0, 210, 405, 21.50, 31, 0x0000000000000001
2026/09/11 16:05:52.212, 3, 1, 0, 210, 405, 22.41, 32, 0x0000000000000001
2026/09/11 16:05:52.212, 4, 1, 0, 210, 405, 23.98, 32, 0x0000000000000004
2026/09/11 16:05:52.213, 5, 1, 0, 210, 405, 21.61, 31, 0x0000000000000001
2026/09/11 16:05:52.713, 0, 1, 0, 210, 405, 22.17, 30, 0x0000000000000001
2026/09/11 16:05:52.713, 1, 22732, 100, 1590, 9501, 279.47, 69, 0x0000000000000004
2026/09/11 16:05:52.713, 2, 1, 0, 210, 405, 21.51, 31, 0x0000000000000001
2026/09/11 16:05:52.714, 3, 1, 0, 210, 405, 22.57, 32, 0x0000000000000001
2026/09/11 16:05:52.714, 4, 1, 0, 210, 405, 23.91, 32, 0x0000000000000001
2026/09/11 16:05:52.714, 5, 1, 0, 210, 405, 21.54, 31, 0x0000000000000001
2026/09/11 16:05:53.214, 0, 1, 0, 210, 405, 22.17, 30, 0x0000000000000001
2026/09/11 16:05:53.215, 1, 22732, 100, 1590, 9501, 279.74, 69, 0x0000000000000004
2026/09/11 16:05:53.215, 2, 1, 0, 210, 405, 21.51, 31, 0x0000000000000001
2026/09/11 16:05:53.215, 3, 1, 0, 210, 405, 22.57, 32, 0x0000000000000001
2026/09/11 16:05:53.215, 4, 1, 0, 210, 405, 23.91, 32, 0x0000000000000001
2026/09/11 16:05:53.215, 5, 1, 0, 210, 405, 21.54, 31, 0x0000000000000001
2026/09/11 16:05:53.716, 0, 1, 0, 210, 405, 22.30, 30, 0x0000000000000001
2026/09/11 16:05:53.716, 1, 22732, 100, 1590, 9501, 279.66, 69, 0x0000000000000004
2026/09/11 16:05:53.716, 2, 1, 0, 210, 405, 21.58, 31, 0x0000000000000001
2026/09/11 16:05:53.717, 3, 1, 0, 210, 405, 22.71, 33, 0x0000000000000001
2026/09/11 16:05:53.717, 4, 1, 0, 210, 405, 23.87, 32, 0x0000000000000001
2026/09/11 16:05:53.717, 5, 1, 0, 210, 405, 21.53, 31, 0x0000000000000001
2026/09/11 16:05:54.217, 0, 1, 0, 210, 405, 22.17, 30, 0x0000000000000001
2026/09/11 16:05:54.218, 1, 22732, 100, 1590, 9501, 279.61, 69, 0x0000000000000004
2026/09/11 16:05:54.218, 2, 1, 0, 210, 405, 21.58, 31, 0x0000000000000001
2026/09/11 16:05:54.218, 3, 1, 0, 210, 405, 22.71, 33, 0x0000000000000001
2026/09/11 16:05:54.218, 4, 1, 0, 210, 405, 23.87, 32, 0x0000000000000001
2026/09/11 16:05:54.218, 5, 1, 0, 210, 405, 21.53, 31, 0x0000000000000001
2026/09/11 16:05:54.719, 0, 1, 0, 210, 405, 22.17, 30, 0x0000000000000001
2026/09/11 16:05:54.719, 1, 22732, 100, 1590, 9501, 279.67, 69, 0x0000000000000004
2026/09/11 16:05:54.719, 2, 1, 0, 210, 405, 21.68, 31, 0x0000000000000001
2026/09/11 16:05:54.719, 3, 1, 0, 210, 405, 22.51, 33, 0x0000000000000001
2026/09/11 16:05:54.719, 4, 1, 0, 210, 405, 24.00, 32, 0x0000000000000001
2026/09/11 16:05:54.719, 5, 1, 0, 210, 405, 21.36, 31, 0x0000000000000001
2026/09/11 16:05:55.219, 0, 1, 0, 210, 405, 22.21, 30, 0x0000000000000001
2026/09/11 16:05:55.219, 1, 22732, 100, 1590, 9501, 279.61, 69, 0x0000000000000004
2026/09/11 16:05:55.220, 2, 1, 0, 210, 405, 21.68, 31, 0x0000000000000001
2026/09/11 16:05:55.220, 3, 1, 0, 210, 405, 22.51, 33, 0x0000000000000001
2026/09/11 16:05:55.220, 4, 1, 0, 210, 405, 24.00, 32, 0x0000000000000001
2026/09/11 16:05:55.220, 5, 1, 0, 210, 405, 21.36, 31, 0x0000000000000001
2026/09/11 16:05:55.721, 0, 1, 0, 210, 405, 22.21, 30, 0x0000000000000001
2026/09/11 16:05:55.721, 1, 22732, 100, 1590, 9501, 279.41, 69, 0x0000000000000004
2026/09/11 16:05:55.721, 2, 1, 0, 210, 405, 21.67, 31, 0x0000000000000001
2026/09/11 16:05:55.721, 3, 1, 0, 210, 405, 22.41, 32, 0x0000000000000001
2026/09/11 16:05:55.721, 4, 1, 0, 210, 405, 24.12, 32, 0x0000000000000001
2026/09/11 16:05:55.722, 5, 1, 0, 210, 405, 21.37, 31, 0x0000000000000001
2026/09/11 16:05:56.222, 0, 1, 0, 210, 405, 22.36, 30, 0x0000000000000001
2026/09/11 16:05:56.222, 1, 22732, 100, 1590, 9501, 279.68, 69, 0x0000000000000004
2026/09/11 16:05:56.222, 2, 1, 0, 210, 405, 21.67, 31, 0x0000000000000001
2026/09/11 16:05:56.223, 3, 1, 0, 210, 405, 22.41, 32, 0x0000000000000001
2026/09/11 16:05:56.223, 4, 1, 0, 210, 405, 24.12, 32, 0x0000000000000001
2026/09/11 16:05:56.223, 5, 1, 0, 210, 405, 21.37, 31, 0x0000000000000001
2026/09/11 16:05:56.723, 0, 1, 0, 210, 405, 22.36, 30, 0x0000000000000001
2026/09/11 16:05:56.724, 1, 22732, 100, 1575, 9501, 279.47, 69, 0x0000000000000004
2026/09/11 16:05:56.724, 2, 1, 0, 210, 405, 21.78, 31, 0x0000000000000001
2026/09/11 16:05:56.724, 3, 1, 0, 210, 405, 22.42, 32, 0x0000000000000001
2026/09/11 16:05:56.724, 4, 1, 0, 210, 405, 24.01, 32, 0x0000000000000001
2026/09/11 16:05:56.724, 5, 1, 0, 210, 405, 21.58, 31, 0x0000000000000001
2026/09/11 16:05:57.225, 0, 1, 0, 210, 405, 22.23, 30, 0x0000000000000001
2026/09/11 16:05:57.225, 1, 22732, 100, 1575, 9501, 279.62, 69, 0x0000000000000004
2026/09/11 16:05:57.225, 2, 1, 0, 210, 405, 21.78, 31, 0x0000000000000001
2026/09/11 16:05:57.226, 3, 1, 0, 210, 405, 22.42, 32, 0x0000000000000001
2026/09/11 16:05:57.226, 4, 1, 0, 210, 405, 24.01, 32, 0x0000000000000001
2026/09/11 16:05:57.226, 5, 1, 0, 210, 405, 21.58, 31, 0x0000000000000001
2026/09/11 16:05:57.726, 0, 1, 0, 210, 405, 22.23, 30, 0x0000000000000001
2026/09/11 16:05:57.726, 1, 22732, 100, 1575, 9501, 279.43, 69, 0x0000000000000004
2026/09/11 16:05:57.727, 2, 1, 0, 210, 405, 21.75, 31, 0x0000000000000001
2026/09/11 16:05:57.727, 3, 1, 0, 210, 405, 22.40, 32, 0x0000000000000001
2026/09/11 16:05:57.727, 4, 1, 0, 210, 405, 24.13, 32, 0x0000000000000001
2026/09/11 16:05:57.727, 5, 1, 0, 210, 405, 21.52, 31, 0x0000000000000001
2026/09/11 16:05:58.228, 0, 1, 0, 210, 405, 22.26, 30, 0x0000000000000001
2026/09/11 16:05:58.228, 1, 22732, 100, 1560, 9501, 279.55, 69, 0x0000000000000004
2026/09/11 16:05:58.228, 2, 1, 0, 210, 405, 21.75, 31, 0x0000000000000001
2026/09/11 16:05:58.228, 3, 1, 0, 210, 405, 22.40, 32, 0x0000000000000001
2026/09/11 16:05:58.228, 4, 1, 0, 210, 405, 24.13, 32, 0x0000000000000001
2026/09/11 16:05:58.229, 5, 1, 0, 210, 405, 21.52, 31, 0x0000000000000001
2026/09/11 16:05:58.729, 0, 1, 0, 210, 405, 22.26, 30, 0x0000000000000001
2026/09/11 16:05:58.729, 1, 22732, 100, 1575, 9501, 279.06, 69, 0x0000000000000004
2026/09/11 16:05:58.730, 2, 1, 0, 210, 405, 21.49, 31, 0x0000000000000001
2026/09/11 16:05:58.730, 3, 1, 0, 210, 405, 22.51, 32, 0x0000000000000001
2026/09/11 16:05:58.730, 4, 1, 0, 210, 405, 24.36, 32, 0x0000000000000004
2026/09/11 16:05:58.730, 5, 1, 0, 210, 405, 21.51, 31, 0x0000000000000001
2026/09/11 16:05:59.230, 0, 1, 0, 210, 405, 22.38, 30, 0x0000000000000001
2026/09/11 16:05:59.231, 1, 22732, 100, 1575, 9501, 279.35, 69, 0x0000000000000004
2026/09/11 16:05:59.231, 2, 1, 0, 210, 405, 21.49, 31, 0x0000000000000001
2026/09/11 16:05:59.231, 3, 1, 0, 210, 405, 22.51, 32, 0x0000000000000001
2026/09/11 16:05:59.231, 4, 1, 0, 210, 405, 24.36, 32, 0x0000000000000004
2026/09/11 16:05:59.232, 5, 1, 0, 210, 405, 21.51, 31, 0x0000000000000001
2026/09/11 16:05:59.732, 0, 1, 0, 210, 405, 22.38, 30, 0x0000000000000001
2026/09/11 16:05:59.733, 1, 22732, 100, 1575, 9501, 279.17, 69, 0x0000000000000004
2026/09/11 16:05:59.733, 2, 1, 0, 210, 405, 21.61, 31, 0x0000000000000001
2026/09/11 16:05:59.734, 3, 1, 0, 210, 405, 22.58, 32, 0x0000000000000001
2026/09/11 16:05:59.734, 4, 1, 0, 210, 405, 24.09, 32, 0x0000000000000004
2026/09/11 16:05:59.735, 5, 1, 0, 210, 405, 21.72, 31, 0x0000000000000001
2026/09/11 16:06:00.235, 0, 1, 0, 210, 405, 26.06, 30, 0x0000000000000001
2026/09/11 16:06:00.235, 1, 22732, 100, 1575, 9501, 279.23, 69, 0x0000000000000004
2026/09/11 16:06:00.235, 2, 1, 0, 210, 405, 21.61, 31, 0x0000000000000001
2026/09/11 16:06:00.236, 3, 14794, 0, 210, 405, 22.58, 32, 0x0000000000000001
2026/09/11 16:06:00.236, 4, 1, 0, 210, 405, 24.09, 32, 0x0000000000000004
2026/09/11 16:06:00.236, 5, 1, 0, 210, 405, 21.84, 31, 0x0000000000000001
2026/09/11 16:06:00.736, 0, 1, 0, 210, 405, 27.91, 30, 0x0000000000000001
2026/09/11 16:06:00.736, 1, 22732, 100, 1575, 9501, 279.53, 69, 0x0000000000000004
2026/09/11 16:06:00.736, 2, 1, 0, 210, 405, 24.77, 31, 0x0000000000000001
2026/09/11 16:06:00.736, 3, 14794, 0, 1695, 9501, 41.68, 37, 0x0000000000000000
2026/09/11 16:06:00.737, 4, 1, 0, 210, 405, 27.78, 33, 0x0000000000000001
2026/09/11 16:06:00.737, 5, 1, 0, 210, 405, 24.31, 31, 0x0000000000000001
2026/09/11 16:06:01.237, 0, 1, 0, 210, 405, 27.91, 30, 0x0000000000000001
2026/09/11 16:06:01.237, 1, 22732, 100, 1575, 9501, 279.36, 69, 0x0000000000000004
2026/09/11 16:06:01.237, 2, 1, 0, 210, 405, 26.35, 32, 0x0000000000000001
2026/09/11 16:06:01.237, 3, 14794, 22, 1695, 9501, 61.29, 38, 0x0000000000000000
2026/09/11 16:06:01.237, 4, 1, 0, 210, 405, 29.22, 33, 0x0000000000000001
2026/09/11 16:06:01.237, 5, 1, 0, 210, 405, 25.38, 31, 0x0000000000000001
2026/09/11 16:06:01.738, 0, 1, 0, 210, 405, 24.10, 30, 0x0000000000000001
2026/09/11 16:06:01.738, 1, 22732, 100, 1575, 9501, 279.32, 69, 0x0000000000000004
2026/09/11 16:06:01.738, 2, 1, 0, 210, 405, 26.35, 32, 0x0000000000000001
2026/09/11 16:06:01.738, 3, 14794, 52, 1695, 9501, 108.57, 39, 0x0000000000000000
2026/09/11 16:06:01.738, 4, 1, 0, 210, 405, 29.22, 33, 0x0000000000000001
2026/09/11 16:06:01.738, 5, 1, 0, 210, 405, 25.38, 31, 0x0000000000000001
2026/09/11 16:06:02.238, 0, 1, 0, 210, 405, 24.10, 30, 0x0000000000000001
2026/09/11 16:06:02.239, 1, 22732, 100, 1560, 9501, 279.44, 69, 0x0000000000000004
2026/09/11 16:06:02.239, 2, 1, 0, 210, 405, 22.82, 31, 0x0000000000000001
2026/09/11 16:06:02.239, 3, 14794, 4, 1965, 9501, 117.54, 41, 0x0000000000000000
2026/09/11 16:06:02.239, 4, 1, 0, 210, 405, 24.84, 33, 0x0000000000000001
2026/09/11 16:06:02.239, 5, 1, 0, 210, 405, 21.93, 31, 0x0000000000000001
2026/09/11 16:06:02.739, 0, 1, 0, 210, 405, 22.82, 30, 0x0000000000000001
2026/09/11 16:06:02.739, 1, 22732, 100, 1590, 9501, 279.40, 69, 0x0000000000000004
2026/09/11 16:06:02.740, 2, 1, 0, 210, 405, 22.82, 31, 0x0000000000000001
2026/09/11 16:06:02.740, 3, 14794, 11, 1965, 9501, 130.95, 42, 0x0000000000000000
2026/09/11 16:06:02.740, 4, 1, 0, 210, 405, 24.84, 33, 0x0000000000000001
2026/09/11 16:06:02.740, 5, 1, 0, 210, 405, 21.93, 31, 0x0000000000000001
2026/09/11 16:06:03.240, 0, 1, 0, 210, 405, 22.82, 30, 0x0000000000000001
2026/09/11 16:06:03.240, 1, 22732, 100, 1560, 9501, 279.19, 69, 0x0000000000000004
2026/09/11 16:06:03.240, 2, 1, 0, 210, 405, 21.82, 31, 0x0000000000000001
2026/09/11 16:06:03.241, 3, 14794, 4, 1965, 9501, 133.73, 42, 0x0000000000000000
2026/09/11 16:06:03.241, 4, 1, 0, 210, 405, 23.96, 32, 0x0000000000000001
2026/09/11 16:06:03.241, 5, 1, 0, 210, 405, 21.46, 31, 0x0000000000000001
2026/09/11 16:06:03.741, 0, 1, 0, 210, 405, 22.18, 30, 0x0000000000000001
2026/09/11 16:06:03.741, 1, 22732, 100, 1575, 9501, 279.54, 69, 0x0000000000000004
2026/09/11 16:06:03.741, 2, 1, 0, 210, 405, 21.82, 31, 0x0000000000000001
2026/09/11 16:06:03.741, 3, 14794, 25, 1965, 9501, 134.23, 43, 0x0000000000000000
2026/09/11 16:06:03.742, 4, 1, 0, 210, 405, 23.96, 32, 0x0000000000000001
2026/09/11 16:06:03.742, 5, 1, 0, 210, 405, 21.46, 31, 0x0000000000000001
2026/09/11 16:06:04.242, 0, 1, 0, 210, 405, 22.18, 30, 0x0000000000000001
2026/09/11 16:06:04.242, 1, 22732, 100, 1560, 9501, 279.45, 69, 0x0000000000000004
2026/09/11 16:06:04.242, 2, 1, 0, 210, 405, 21.60, 31, 0x0000000000000001
2026/09/11 16:06:04.242, 3, 14794, 7, 1965, 9501, 133.92, 43, 0x0000000000000000
2026/09/11 16:06:04.242, 4, 1, 0, 210, 405, 23.82, 32, 0x0000000000000001
2026/09/11 16:06:04.242, 5, 1, 0, 210, 405, 21.55, 31, 0x0000000000000001
2026/09/11 16:06:04.743, 0, 1, 0, 210, 405, 22.10, 30, 0x0000000000000001
2026/09/11 16:06:04.743, 1, 22732, 100, 1575, 9501, 279.51, 69, 0x0000000000000004
2026/09/11 16:06:04.743, 2, 1, 0, 210, 405, 21.60, 31, 0x0000000000000001
2026/09/11 16:06:04.743, 3, 14794, 15, 1965, 9501, 133.92, 43, 0x0000000000000000
2026/09/11 16:06:04.744, 4, 1, 0, 210, 405, 23.82, 32, 0x0000000000000001
2026/09/11 16:06:04.744, 5, 1, 0, 210, 405, 21.55, 31, 0x0000000000000001
2026/09/11 16:06:05.244, 0, 1, 0, 210, 405, 22.10, 30, 0x0000000000000001
2026/09/11 16:06:05.244, 1, 22732, 100, 1575, 9501, 279.32, 69, 0x0000000000000004
2026/09/11 16:06:05.245, 2, 1, 0, 210, 405, 21.70, 31, 0x0000000000000001
2026/09/11 16:06:05.245, 3, 14794, 40, 1695, 9501, 123.21, 42, 0x0000000000000000
2026/09/11 16:06:05.245, 4, 1, 0, 210, 405, 23.90, 32, 0x0000000000000001
2026/09/11 16:06:05.245, 5, 1, 0, 210, 405, 21.53, 31, 0x0000000000000001
2026/09/11 16:06:05.745, 0, 1, 0, 210, 405, 22.26, 30, 0x0000000000000001
2026/09/11 16:06:05.745, 1, 22732, 100, 1575, 9501, 279.38, 69, 0x0000000000000004
2026/09/11 16:06:05.745, 2, 1, 0, 210, 405, 21.70, 31, 0x0000000000000001
2026/09/11 16:06:05.745, 3, 14794, 58, 1695, 9501, 112.25, 42, 0x0000000000000000
2026/09/11 16:06:05.746, 4, 1, 0, 210, 405, 23.90, 32, 0x0000000000000001
2026/09/11 16:06:05.746, 5, 1, 0, 210, 405, 21.53, 31, 0x0000000000000001
2026/09/11 16:06:06.246, 0, 1, 0, 210, 405, 22.26, 30, 0x0000000000000001
2026/09/11 16:06:06.246, 1, 22732, 100, 1560, 9501, 279.36, 69, 0x0000000000000004
2026/09/11 16:06:06.246, 2, 1, 0, 210, 405, 21.62, 31, 0x0000000000000001
2026/09/11 16:06:06.246, 3, 14794, 31, 1695, 9501, 109.87, 42, 0x0000000000000000
2026/09/11 16:06:06.246, 4, 1, 0, 210, 405, 24.15, 32, 0x0000000000000001
2026/09/11 16:06:06.246, 5, 1, 0, 210, 405, 21.55, 31, 0x0000000000000001
2026/09/11 16:06:06.747, 0, 1, 0, 210, 405, 22.24, 30, 0x0000000000000001
2026/09/11 16:06:06.747, 1, 22732, 100, 1575, 9501, 279.22, 69, 0x0000000000000004
2026/09/11 16:06:06.747, 2, 1, 0, 210, 405, 21.62, 31, 0x0000000000000001
2026/09/11 16:06:06.747, 3, 14794, 44, 1695, 9501, 109.81, 42, 0x0000000000000000
2026/09/11 16:06:06.747, 4, 1, 0, 210, 405, 24.15, 32, 0x0000000000000001
2026/09/11 16:06:06.747, 5, 1, 0, 210, 405, 21.55, 31, 0x0000000000000001
2026/09/11 16:06:07.248, 0, 1, 0, 210, 405, 22.24, 30, 0x0000000000000001
2026/09/11 16:06:07.248, 1, 22732, 100, 1575, 9501, 279.30, 69, 0x0000000000000004
2026/09/11 16:06:07.248, 2, 1, 0, 210, 405, 21.57, 31, 0x0000000000000001
2026/09/11 16:06:07.248, 3, 14794, 16, 1695, 9501, 109.84, 42, 0x0000000000000000
2026/09/11 16:06:07.248, 4, 1, 0, 210, 405, 24.16, 32, 0x0000000000000001
2026/09/11 16:06:07.248, 5, 1, 0, 210, 405, 21.50, 31, 0x0000000000000001
2026/09/11 16:06:07.748, 0, 1, 0, 210, 405, 22.22, 30, 0x0000000000000001
2026/09/11 16:06:07.749, 1, 22732, 100, 1560, 9501, 279.63, 69, 0x0000000000000004
2026/09/11 16:06:07.749, 2, 1, 0, 210, 405, 21.57, 31, 0x0000000000000001
2026/09/11 16:06:07.749, 3, 14794, 29, 1695, 9501, 109.81, 42, 0x0000000000000000
2026/09/11 16:06:07.749, 4, 1, 0, 210, 405, 24.16, 32, 0x0000000000000001
2026/09/11 16:06:07.749, 5, 1, 0, 210, 405, 21.50, 31, 0x0000000000000001
2026/09/11 16:06:08.249, 0, 1, 0, 210, 405, 22.22, 30, 0x0000000000000001
2026/09/11 16:06:08.250, 1, 22732, 100, 1545, 9501, 279.61, 69, 0x0000000000000004
2026/09/11 16:06:08.250, 2, 1, 0, 210, 405, 21.62, 31, 0x0000000000000001
2026/09/11 16:06:08.250, 3, 14794, 3, 1695, 9501, 109.95, 42, 0x0000000000000000
2026/09/11 16:06:08.250, 4, 1, 0, 210, 405, 23.85, 32, 0x0000000000000004
2026/09/11 16:06:08.250, 5, 1, 0, 210, 405, 21.60, 31, 0x0000000000000001
2026/09/11 16:06:08.750, 0, 1, 0, 210, 405, 22.36, 30, 0x0000000000000001
2026/09/11 16:06:08.751, 1, 22732, 100, 1425, 9501, 279.53, 68, 0x0000000000000004
2026/09/11 16:06:08.751, 2, 1, 0, 210, 405, 21.62, 31, 0x0000000000000001
2026/09/11 16:06:08.751, 3, 14794, 3, 1695, 9501, 110.01, 43, 0x0000000000000000
2026/09/11 16:06:08.751, 4, 1, 0, 210, 405, 23.85, 32, 0x0000000000000004
2026/09/11 16:06:08.751, 5, 1, 0, 210, 405, 21.60, 31, 0x0000000000000001
2026/09/11 16:06:09.251, 0, 1, 0, 210, 405, 22.36, 30, 0x0000000000000001
2026/09/11 16:06:09.252, 1, 22732, 100, 1425, 9501, 279.45, 68, 0x0000000000000004
2026/09/11 16:06:09.252, 2, 1, 0, 210, 405, 21.74, 31, 0x0000000000000001
2026/09/11 16:06:09.252, 3, 14794, 22, 1695, 9501, 110.12, 43, 0x0000000000000000
2026/09/11 16:06:09.252, 4, 1, 0, 210, 405, 23.89, 32, 0x0000000000000001
2026/09/11 16:06:09.252, 5, 1, 0, 210, 405, 21.68, 31, 0x0000000000000001
2026/09/11 16:06:09.753, 0, 1, 0, 210, 405, 22.26, 30, 0x0000000000000001
2026/09/11 16:06:09.753, 1, 22732, 100, 1560, 9501, 278.86, 68, 0x0000000000000004
2026/09/11 16:06:09.753, 2, 1, 0, 210, 405, 21.74, 31, 0x0000000000000001
2026/09/11 16:06:09.753, 3, 14794, 0, 1695, 9501, 110.17, 43, 0x0000000000000000
2026/09/11 16:06:09.753, 4, 1, 0, 210, 405, 23.89, 32, 0x0000000000000001
2026/09/11 16:06:09.753, 5, 1, 0, 210, 405, 21.68, 31, 0x0000000000000001
2026/09/11 16:06:10.253, 0, 1, 0, 210, 405, 22.26, 30, 0x0000000000000001
2026/09/11 16:06:10.254, 1, 22732, 0, 1905, 9501, 257.23, 64, 0x0000000000000000
2026/09/11 16:06:10.254, 2, 1, 0, 210, 405, 21.74, 31, 0x0000000000000001
2026/09/11 16:06:10.254, 3, 14794, 0, 1695, 9501, 110.18, 43, 0x0000000000000000
2026/09/11 16:06:10.254, 4, 1, 0, 210, 405, 24.20, 32, 0x0000000000000001
2026/09/11 16:06:10.254, 5, 1, 0, 210, 405, 21.53, 31, 0x0000000000000001
2026/09/11 16:06:10.754, 0, 1, 0, 210, 405, 22.22, 30, 0x0000000000000001
2026/09/11 16:06:10.755, 1, 22732, 0, 1905, 9501, 198.43, 62, 0x0000000000000000
2026/09/11 16:06:10.755, 2, 1, 0, 210, 405, 21.74, 31, 0x0000000000000001
2026/09/11 16:06:10.755, 3, 14794, 4, 1695, 9501, 110.12, 43, 0x0000000000000000
2026/09/11 16:06:10.755, 4, 1, 0, 210, 405, 24.20, 32, 0x0000000000000001
2026/09/11 16:06:10.755, 5, 1, 0, 210, 405, 21.53, 31, 0x0000000000000001
2026/09/11 16:06:11.255, 0, 1, 0, 210, 405, 22.22, 30, 0x0000000000000001
2026/09/11 16:06:11.256, 1, 22732, 0, 1905, 9501, 162.66, 62, 0x0000000000000000
2026/09/11 16:06:11.256, 2, 1, 0, 210, 405, 21.56, 31, 0x0000000000000001
2026/09/11 16:06:11.256, 3, 14794, 51, 1695, 9501, 110.19, 43, 0x0000000000000000
2026/09/11 16:06:11.256, 4, 1, 0, 210, 405, 24.06, 32, 0x0000000000000004
2026/09/11 16:06:11.256, 5, 1, 0, 210, 405, 21.46, 31, 0x0000000000000001
2026/09/11 16:06:11.756, 0, 1, 0, 210, 405, 22.35, 30, 0x0000000000000001
2026/09/11 16:06:11.756, 1, 22732, 0, 1905, 9501, 162.66, 62, 0x0000000000000000
2026/09/11 16:06:11.756, 2, 1, 0, 210, 405, 21.56, 31, 0x0000000000000001
2026/09/11 16:06:11.757, 3, 14794, 49, 1695, 9501, 110.25, 43, 0x0000000000000000
2026/09/11 16:06:11.757, 4, 1, 0, 210, 405, 24.06, 32, 0x0000000000000004
2026/09/11 16:06:11.757, 5, 1, 0, 210, 405, 21.46, 31, 0x0000000000000001
2026/09/11 16:06:12.257, 0, 1, 0, 210, 405, 22.35, 30, 0x0000000000000001
2026/09/11 16:06:12.257, 1, 22732, 0, 1695, 9501, 146.38, 60, 0x0000000000000000
2026/09/11 16:06:12.257, 2, 1, 0, 210, 405, 21.59, 31, 0x0000000000000001
2026/09/11 16:06:12.257, 3, 14794, 0, 1695, 9501, 110.35, 43, 0x0000000000000000
2026/09/11 16:06:12.258, 4, 1, 0, 210, 405, 23.97, 32, 0x0000000000000001
2026/09/11 16:06:12.258, 5, 1, 0, 210, 405, 21.62, 31, 0x0000000000000001
2026/09/11 16:06:12.758, 0, 1, 0, 210, 405, 22.19, 30, 0x0000000000000001
2026/09/11 16:06:12.758, 1, 22732, 0, 1695, 9501, 146.38, 60, 0x0000000000000000
2026/09/11 16:06:12.759, 2, 1, 0, 210, 405, 21.59, 31, 0x0000000000000001
2026/09/11 16:06:12.759, 3, 14794, 3, 1695, 9501, 110.43, 43, 0x0000000000000000
2026/09/11 16:06:12.759, 4, 1, 0, 210, 405, 23.97, 32, 0x0000000000000001
2026/09/11 16:06:12.759, 5, 1, 0, 210, 405, 21.62, 31, 0x0000000000000001
2026/09/11 16:06:13.260, 0, 1, 0, 210, 405, 22.19, 30, 0x0000000000000001
2026/09/11 16:06:13.260, 1, 22732, 0, 1695, 9501, 133.29, 59, 0x0000000000000000
2026/09/11 16:06:13.260, 2, 1, 0, 210, 405, 21.77, 31, 0x0000000000000001
2026/09/11 16:06:13.260, 3, 14868, 0, 1695, 9501, 110.33, 43, 0x0000000000000000
2026/09/11 16:06:13.260, 4, 1, 0, 210, 405, 23.75, 32, 0x0000000000000001
2026/09/11 16:06:13.260, 5, 1, 0, 210, 405, 21.55, 31, 0x0000000000000001
2026/09/11 16:06:13.761, 0, 1, 0, 210, 405, 22.17, 30, 0x0000000000000001
2026/09/11 16:06:13.761, 1, 22732, 0, 1695, 9501, 133.29, 59, 0x0000000000000000
2026/09/11 16:06:13.761, 2, 1, 0, 210, 405, 21.77, 31, 0x0000000000000001
2026/09/11 16:06:13.761, 3, 14950, 3, 1695, 9501, 110.27, 44, 0x0000000000000000
2026/09/11 16:06:13.761, 4, 1, 0, 210, 405, 23.75, 32, 0x0000000000000001
2026/09/11 16:06:13.762, 5, 1, 0, 210, 405, 21.55, 31, 0x0000000000000001
2026/09/11 16:06:14.262, 0, 1, 0, 210, 405, 22.17, 30, 0x0000000000000001
2026/09/11 16:06:14.262, 1, 22732, 0, 1695, 9501, 120.01, 58, 0x0000000000000000
2026/09/11 16:06:14.263, 2, 1, 0, 210, 405, 21.74, 31, 0x0000000000000001
2026/09/11 16:06:14.263, 3, 14950, 54, 1950, 9501, 167.28, 50, 0x0000000000000004
2026/09/11 16:06:14.263, 4, 1, 0, 210, 405, 23.77, 32, 0x0000000000000001
2026/09/11 16:06:14.263, 5, 1, 0, 210, 405, 21.64, 31, 0x0000000000000001
2026/09/11 16:06:14.764, 0, 1, 0, 210, 405, 22.31, 30, 0x0000000000000001
2026/09/11 16:06:14.764, 1, 22732, 0, 1695, 9501, 120.01, 58, 0x0000000000000000
2026/09/11 16:06:14.764, 2, 1, 0, 210, 405, 21.74, 31, 0x0000000000000001
2026/09/11 16:06:14.764, 3, 14950, 53, 1965, 9501, 239.29, 52, 0x0000000000000004
2026/09/11 16:06:14.764, 4, 1, 0, 210, 405, 23.77, 32, 0x0000000000000001
2026/09/11 16:06:14.765, 5, 1, 0, 210, 405, 21.64, 31, 0x0000000000000001
2026/09/11 16:06:15.265, 0, 1, 0, 210, 405, 22.31, 30, 0x0000000000000001
2026/09/11 16:06:15.265, 1, 22732, 0, 1695, 9501, 119.56, 58, 0x0000000000000000
2026/09/11 16:06:15.265, 2, 1, 0, 210, 405, 21.70, 31, 0x0000000000000001
2026/09/11 16:06:15.265, 3, 14950, 55, 1965, 9501, 271.75, 53, 0x0000000000000004
2026/09/11 16:06:15.265, 4, 1, 0, 210, 405, 24.03, 32, 0x0000000000000001
2026/09/11 16:06:15.265, 5, 1, 0, 210, 405, 21.78, 31, 0x0000000000000001
2026/09/11 16:06:15.766, 0, 1, 0, 210, 405, 22.30, 30, 0x0000000000000001
2026/09/11 16:06:15.766, 1, 22732, 0, 1695, 9501, 119.56, 58, 0x0000000000000000
2026/09/11 16:06:15.766, 2, 1, 0, 210, 405, 21.70, 31, 0x0000000000000001
2026/09/11 16:06:15.766, 3, 14950, 54, 1965, 9501, 274.46, 53, 0x0000000000000004
2026/09/11 16:06:15.767, 4, 1, 0, 210, 405, 24.03, 32, 0x0000000000000001
2026/09/11 16:06:15.767, 5, 1, 0, 210, 405, 21.78, 31, 0x0000000000000001
2026/09/11 16:06:16.267, 0, 1, 0, 210, 405, 22.30, 30, 0x0000000000000001
2026/09/11 16:06:16.267, 1, 22732, 0, 1695, 9501, 119.24, 57, 0x0000000000000000
2026/09/11 16:06:16.267, 2, 1, 0, 210, 405, 21.85, 31, 0x0000000000000001
2026/09/11 16:06:16.268, 3, 14950, 51, 1965, 9501, 273.31, 54, 0x0000000000000004
2026/09/11 16:06:16.268, 4, 1, 0, 210, 405, 24.22, 32, 0x0000000000000001
2026/09/11 16:06:16.268, 5, 1, 0, 210, 405, 21.61, 31, 0x0000000000000001
2026/09/11 16:06:16.768, 0, 1, 0, 210, 405, 22.36, 30, 0x0000000000000001
2026/09/11 16:06:16.768, 1, 22732, 0, 1695, 9501, 119.24, 57, 0x0000000000000000
2026/09/11 16:06:16.769, 2, 1, 0, 210, 405, 21.87, 31, 0x0000000000000001
2026/09/11 16:06:16.769, 3, 14950, 53, 1965, 9501, 273.49, 54, 0x0000000000000004
2026/09/11 16:06:16.769, 4, 1, 0, 210, 405, 24.22, 32, 0x0000000000000001
2026/09/11 16:06:16.769, 5, 1, 0, 210, 405, 21.61, 31, 0x0000000000000001
2026/09/11 16:06:17.269, 0, 1, 0, 210, 405, 22.36, 30, 0x0000000000000001
2026/09/11 16:06:17.270, 1, 22732, 0, 1695, 9501, 118.89, 57, 0x0000000000000000
2026/09/11 16:06:17.270, 2, 1, 0, 210, 405, 21.87, 31, 0x0000000000000001
2026/09/11 16:06:17.270, 3, 14950, 52, 1965, 9501, 273.87, 54, 0x0000000000000004
2026/09/11 16:06:17.270, 4, 1, 0, 210, 405, 23.90, 32, 0x0000000000000004
2026/09/11 16:06:17.270, 5, 1, 0, 210, 405, 21.53, 31, 0x0000000000000001
2026/09/11 16:06:17.771, 0, 1, 0, 210, 405, 22.43, 30, 0x0000000000000001
2026/09/11 16:06:17.771, 1, 22732, 0, 1695, 9501, 118.89, 57, 0x0000000000000000
2026/09/11 16:06:17.771, 2, 1, 0, 210, 405, 21.91, 31, 0x0000000000000001
2026/09/11 16:06:17.771, 3, 14950, 52, 1965, 9501, 273.98, 55, 0x0000000000000004
2026/09/11 16:06:17.772, 4, 1, 0, 210, 405, 23.90, 32, 0x0000000000000004
2026/09/11 16:06:17.772, 5, 1, 0, 210, 405, 21.53, 31, 0x0000000000000001
2026/09/11 16:06:18.272, 0, 1, 0, 210, 405, 22.43, 30, 0x0000000000000001
2026/09/11 16:06:18.272, 1, 22732, 0, 1695, 9501, 118.57, 56, 0x0000000000000000
2026/09/11 16:06:18.273, 2, 1, 0, 210, 405, 21.91, 31, 0x0000000000000001
2026/09/11 16:06:18.273, 3, 14950, 54, 1965, 9501, 274.14, 55, 0x0000000000000004
2026/09/11 16:06:18.273, 4, 1, 0, 210, 405, 23.80, 32, 0x0000000000000001
2026/09/11 16:06:18.273, 5, 1, 0, 210, 405, 21.65, 31, 0x0000000000000001
2026/09/11 16:06:18.774, 0, 1, 0, 210, 405, 22.23, 30, 0x0000000000000001
2026/09/11 16:06:18.774, 1, 22732, 0, 1695, 9501, 118.57, 56, 0x0000000000000000
2026/09/11 16:06:18.774, 2, 1, 0, 210, 405, 22.04, 31, 0x0000000000000001
2026/09/11 16:06:18.775, 3, 14950, 53, 1965, 9501, 274.76, 55, 0x0000000000000004
2026/09/11 16:06:18.775, 4, 1, 0, 210, 405, 23.80, 32, 0x0000000000000001
2026/09/11 16:06:18.775, 5, 1, 0, 210, 405, 21.65, 31, 0x0000000000000001
2026/09/11 16:06:19.275, 0, 1, 0, 210, 405, 22.23, 30, 0x0000000000000001
2026/09/11 16:06:19.276, 1, 4, 100, 1695, 9751, 119.81, 56, 0x0000000000000000
2026/09/11 16:06:19.276, 2, 1, 0, 210, 405, 22.04, 31, 0x0000000000000001
2026/09/11 16:06:19.276, 3, 14950, 52, 1965, 9501, 275.03, 56, 0x0000000000000004
2026/09/11 16:06:19.276, 4, 1, 0, 210, 405, 23.84, 32, 0x0000000000000001
2026/09/11 16:06:19.277, 5, 1, 0, 210, 405, 21.70, 31, 0x0000000000000001
2026/09/11 16:06:19.777, 0, 1, 0, 210, 405, 22.18, 30, 0x0000000000000001
2026/09/11 16:06:19.777, 1, 4, 41, 1920, 9751, 129.77, 57, 0x0000000000000000
2026/09/11 16:06:19.777, 2, 1, 0, 210, 405, 22.03, 31, 0x0000000000000001
2026/09/11 16:06:19.778, 3, 14950, 53, 1950, 9501, 273.86, 56, 0x0000000000000004
2026/09/11 16:06:19.778, 4, 1, 0, 210, 405, 23.84, 32, 0x0000000000000001
2026/09/11 16:06:19.778, 5, 1, 0, 210, 405, 21.70, 31, 0x0000000000000001
2026/09/11 16:06:20.278, 0, 1, 0, 210, 405, 22.18, 30, 0x0000000000000001
2026/09/11 16:06:20.279, 1, 1, 0, 1920, 9751, 149.27, 57, 0x0000000000000000
2026/09/11 16:06:20.279, 2, 1, 0, 210, 405, 22.03, 31, 0x0000000000000001
2026/09/11 16:06:20.279, 3, 14950, 53, 1950, 9501, 272.11, 56, 0x0000000000000004
2026/09/11 16:06:20.279, 4, 1, 0, 210, 405, 23.85, 32, 0x0000000000000001
2026/09/11 16:06:20.280, 5, 1, 0, 210, 405, 21.73, 31, 0x0000000000000001
